-- phpMyAdmin SQL Dump
-- version 5.2.1
-- https://www.phpmyadmin.net/
--
-- Host: 127.0.0.1
-- Generation Time: Dec 12, 2024 at 12:59 AM
-- Server version: 10.4.28-MariaDB
-- PHP Version: 8.2.4

SET SQL_MODE = "NO_AUTO_VALUE_ON_ZERO";
START TRANSACTION;
SET time_zone = "+00:00";


/*!40101 SET @OLD_CHARACTER_SET_CLIENT=@@CHARACTER_SET_CLIENT */;
/*!40101 SET @OLD_CHARACTER_SET_RESULTS=@@CHARACTER_SET_RESULTS */;
/*!40101 SET @OLD_COLLATION_CONNECTION=@@COLLATION_CONNECTION */;
/*!40101 SET NAMES utf8mb4 */;

--
-- Database: `tochuctiec`
--

-- --------------------------------------------------------

--
-- Table structure for table `admin`
--

CREATE TABLE `admin` (
  `maadmin` int(10) NOT NULL,
  `tenadmin` varchar(100) DEFAULT NULL,
  `passadmin` varchar(100) DEFAULT NULL,
  `mailadmin` varchar(100) DEFAULT NULL,
  `role` int(4) NOT NULL
) ENGINE=InnoDB DEFAULT CHARSET=utf8mb4 COLLATE=utf8mb4_general_ci;

--
-- Dumping data for table `admin`
--

INSERT INTO `admin` (`maadmin`, `tenadmin`, `passadmin`, `mailadmin`, `role`) VALUES
(1, 'nhu', 'nhu123', 'lamnhu@gmail.com', 1);

-- --------------------------------------------------------

--
-- Table structure for table `bantiecdat`
--

CREATE TABLE `bantiecdat` (
  `stt_btd` int(11) NOT NULL,
  `ten_btd` varchar(100) NOT NULL,
  `gia_btd` int(11) NOT NULL
) ENGINE=InnoDB DEFAULT CHARSET=utf8mb4 COLLATE=utf8mb4_general_ci;

--
-- Dumping data for table `bantiecdat`
--

INSERT INTO `bantiecdat` (`stt_btd`, `ten_btd`, `gia_btd`) VALUES
(1, '', 0),
(2, '', 0),
(3, '', 0),
(4, '', 0),
(5, '', 0),
(6, '', 0),
(7, '', 0),
(8, 'Bàn tiệc đặt số 1', 0),
(9, 'Bàn tiệc đặt số 1', 0),
(10, 'Bàn tiệc đặt số 1', 3360000),
(11, 'Bàn tiệc đặt số 2', 2260000),
(12, 'Bàn tiệc đặt số 1', 1000000),
(13, 'Bàn tiệc đặt số 1', 3360000),
(14, 'Bàn tiệc đặt số 2', 4500000),
(15, 'Bàn tiệc đặt số 3', 3000000),
(16, 'Bàn tiệc đặt số 3', 3000000),
(17, 'Bàn tiệc đặt số 2', 4480000),
(18, 'Bàn tiệc đặt số 2', 7350000),
(19, 'Bàn tiệc đặt số 3', 3500000),
(20, 'Bàn tiệc đặt số 1', 4450000),
(21, 'Bàn tiệc đặt số 2', 1750000),
(22, 'Bàn tiệc đặt số 1', 500000),
(23, 'Bàn tiệc đặt số 2', 1120000),
(24, 'Bàn tiệc đặt số 1', 2490000),
(25, 'Bàn tiệc đặt số 1', 1940000),
(26, 'Bàn tiệc đặt số 2', 750000),
(27, 'Bàn tiệc đặt số 1', 1000000),
(28, 'Bàn tiệc đặt số 2', 3080000),
(29, 'Bàn tiệc đặt số 1', 0),
(30, 'Bàn tiệc đặt số 1', 0),
(31, 'Bàn tiệc đặt số 1', 0),
(32, 'Bàn tiệc đặt số 1', 0),
(33, 'Bàn tiệc đặt số 1', 0),
(34, 'Bàn tiệc đặt số 1', 0),
(35, 'Bàn tiệc đặt số 1', 0),
(36, 'Bàn tiệc đặt số 1', 500000),
(37, 'Bàn tiệc đặt số 1', 570000),
(38, 'Bàn tiệc đặt số 1', 0),
(39, 'Bàn tiệc đặt số 1', 0),
(40, 'Bàn tiệc đặt số 1', 0),
(41, 'Bàn tiệc đặt số 1', 0),
(42, 'Bàn tiệc đặt số 1', 0),
(43, 'Bàn tiệc đặt số 1', 0),
(44, 'Bàn tiệc đặt số 2', 0),
(45, 'Bàn tiệc đặt số 1', 0),
(46, 'Bàn tiệc đặt số 1', 0),
(47, 'Bàn tiệc đặt số 1', 0),
(48, 'Bàn tiệc đặt số 1', 0),
(49, 'Bàn tiệc đặt số 2', 0),
(50, 'Bàn tiệc đặt số 1', 1370000),
(51, 'Bàn tiệc đặt số 2', 750000),
(52, 'Bàn tiệc đặt số 1', 1370000),
(53, 'Bàn tiệc đặt số 1', 1370000),
(54, 'Bàn tiệc đặt số 1', 1370000),
(55, 'Bàn tiệc đặt số 1', 1370000),
(56, 'Bàn tiệc đặt số 1', 750000),
(57, 'Bàn tiệc đặt số 1', 1370000),
(58, 'Bàn tiệc đặt số 1', 0),
(59, 'Bàn tiệc đặt số 1', 0),
(60, 'Bàn tiệc đặt số 1', 0),
(61, 'Bàn tiệc đặt số 1', 0),
(62, 'Bàn tiệc đặt số 1', 1670000),
(63, 'Bàn tiệc đặt số 1', 2147483647),
(64, 'Bàn tiệc đặt số 2', 1370000),
(65, 'Bàn tiệc đặt số 1', 1120000),
(66, 'Bàn tiệc đặt số 1', 500000),
(67, 'Bàn tiệc đặt số 1', 500000),
(68, 'Bàn tiệc đặt số 1', 750000),
(69, 'Bàn tiệc đặt số 1', 1000000),
(70, 'Bàn tiệc đặt số 1', 1500000),
(71, 'Bàn tiệc đặt số 2', 16000000),
(72, 'Bàn tiệc đặt số 3', 500000),
(73, 'Bàn tiệc đặt số 1', 2280000),
(74, 'Bàn tiệc đặt số 1', 12000000),
(75, 'Bàn tiệc đặt số 1', 1110000),
(76, 'Bàn tiệc đặt số 1', 1730000),
(77, 'Bàn tiệc đặt số 1', 2270000),
(78, 'Bàn tiệc đặt số 1', 2550000),
(79, 'Bàn tiệc đặt số 1', 1940000),
(80, 'Bàn tiệc đặt số 1', 1910000),
(81, 'Bàn tiệc đặt số 2', 1370000),
(82, 'Bàn tiệc đặt số 1', 1930000),
(83, 'Bàn tiệc đặt số 2', 500000),
(84, 'Bàn tiệc đặt số 1', 2640000),
(85, 'Bàn tiệc đặt số 2', 750000),
(86, 'Bàn tiệc đặt số 1', 2250000),
(87, 'Bàn tiệc đặt số 1', 3100000),
(88, 'Bàn tiệc đặt số 1', 2540000),
(89, 'Bàn tiệc đặt số 2', 750000),
(90, 'Bàn tiệc đặt số 1', 2240000),
(91, 'Bàn tiệc đặt số 1', 1370000),
(92, 'Bàn tiệc đặt số 1', 0),
(93, 'Bàn tiệc đặt số 1', 0),
(94, 'Bàn tiệc đặt số 1', 0),
(95, 'Bàn tiệc đặt số 1', 0),
(96, 'Bàn tiệc đặt số 1', 0),
(97, 'Bàn tiệc đặt số 1', 0),
(98, 'Bàn tiệc đặt số 1', 0),
(99, 'Bàn tiệc đặt số 1', 1120000),
(100, 'Bàn tiệc đặt số 1', 250000),
(101, 'Bàn tiệc đặt số 1', 0),
(102, 'Bàn tiệc đặt số 1', 500000),
(103, 'Bàn tiệc đặt số 1', 250000),
(104, 'Bàn tiệc đặt số 2', 500000),
(105, 'Bàn tiệc đặt số 1', 1940000),
(106, 'Bàn tiệc đặt số 1', 1690000),
(107, 'Bàn tiệc đặt số 1', 1370000),
(108, 'Bàn tiệc đặt số 1', 750000),
(109, 'Bàn tiệc đặt số 1', 750000),
(110, 'Bàn tiệc đặt số 1', 1370000),
(111, 'Bàn tiệc đặt số 1', 1000000),
(112, 'Bàn tiệc đặt số 2', 1120000),
(113, 'Bàn tiệc đặt số 2', 500000),
(114, 'Bàn tiệc đặt số 2', 250000),
(115, 'Bàn tiệc đặt số 1', 500000),
(116, 'Bàn tiệc đặt số 1', 1940000),
(117, 'Bàn tiệc đặt số 1', 1370000),
(118, 'Bàn tiệc đặt số 1', 0),
(119, 'Bàn tiệc đặt số 1', 1670000);

-- --------------------------------------------------------

--
-- Table structure for table `bantiecmau`
--

CREATE TABLE `bantiecmau` (
  `stt_btm` int(11) NOT NULL,
  `ten_btm` varchar(255) NOT NULL
) ENGINE=InnoDB DEFAULT CHARSET=utf8mb4 COLLATE=utf8mb4_general_ci;

--
-- Dumping data for table `bantiecmau`
--

INSERT INTO `bantiecmau` (`stt_btm`, `ten_btm`) VALUES
(1, 'Thực đơn 1'),
(2, 'Thực đơn 2'),
(3, 'Thực đơn 3'),
(4, 'Thực đơn 4'),
(5, 'Thực đơn 5'),
(6, 'Thực đơn 6'),
(7, 'Thực đơn 7'),
(8, 'Thực đơn 8'),
(9, 'Thực đơn 9'),
(10, 'Thực đơn 10'),
(11, 'Thực đơn 11'),
(12, 'Thực đơn 12'),
(13, 'Thực đơn 13'),
(14, 'Thực đơn 14'),
(15, 'Thực đơn 15'),
(16, 'Thực đơn 16'),
(17, 'Thực đơn 17'),
(18, 'Thực đơn 18'),
(19, 'Thực đơn 19'),
(20, 'Thực đơn 20');

-- --------------------------------------------------------

--
-- Table structure for table `bantiec_mau`
--

CREATE TABLE `bantiec_mau` (
  `STT_BTM` char(10) NOT NULL,
  `TEN_BTM` char(10) NOT NULL
) ENGINE=InnoDB DEFAULT CHARSET=utf8mb4 COLLATE=utf8mb4_general_ci;

-- --------------------------------------------------------

--
-- Table structure for table `bantiec_mon`
--

CREATE TABLE `bantiec_mon` (
  `STT_BTD` int(11) NOT NULL,
  `MA_MA` int(11) NOT NULL
) ENGINE=InnoDB DEFAULT CHARSET=utf8mb4 COLLATE=utf8mb4_general_ci;

--
-- Dumping data for table `bantiec_mon`
--

INSERT INTO `bantiec_mon` (`STT_BTD`, `MA_MA`) VALUES
(12, 299),
(12, 317),
(12, 396),
(12, 397),
(13, 2),
(13, 4),
(13, 6),
(13, 326),
(13, 327),
(13, 330),
(14, 296),
(14, 299),
(14, 319),
(14, 395),
(14, 399),
(14, 400),
(15, 396),
(16, 300),
(16, 303),
(16, 396),
(16, 397),
(16, 400),
(17, 5),
(17, 7),
(17, 330),
(17, 334),
(18, 3),
(18, 4),
(18, 326),
(18, 333),
(18, 334),
(18, 337),
(19, 295),
(19, 299),
(19, 319),
(19, 325),
(19, 396),
(19, 399),
(20, 2),
(20, 5),
(20, 326),
(20, 327),
(20, 331),
(20, 409),
(20, 412),
(21, 299),
(21, 399),
(21, 401),
(21, 402),
(22, 396),
(22, 397),
(23, 1),
(23, 328),
(24, 6),
(24, 7),
(24, 328),
(24, 330),
(24, 412),
(25, 8),
(25, 327),
(25, 331),
(25, 412),
(26, 303),
(26, 395),
(26, 400),
(27, 302),
(27, 395),
(27, 396),
(27, 400),
(28, 1),
(28, 328),
(28, 329),
(28, 331),
(28, 333),
(28, 414),
(36, 300),
(36, 396),
(37, 328),
(50, 1),
(50, 327),
(50, 408),
(51, 298),
(51, 319),
(51, 395),
(52, 4),
(52, 328),
(52, 408),
(53, 4),
(53, 327),
(53, 418),
(54, 1),
(54, 331),
(54, 417),
(55, 3),
(55, 334),
(55, 416),
(56, 302),
(56, 317),
(56, 396),
(57, 5),
(57, 327),
(57, 409),
(62, 1),
(62, 3),
(62, 328),
(63, 304),
(63, 402),
(64, 1),
(64, 331),
(64, 414),
(65, 1),
(65, 331),
(66, 298),
(66, 300),
(67, 295),
(67, 397),
(68, 295),
(68, 319),
(68, 323),
(69, 295),
(69, 400),
(70, 303),
(70, 395),
(70, 397),
(71, 306),
(71, 317),
(71, 395),
(71, 406),
(72, 397),
(73, 328),
(74, 322),
(74, 395),
(74, 397),
(75, 397),
(76, 4),
(76, 327),
(77, 9),
(77, 326),
(77, 328),
(78, 6),
(78, 326),
(78, 328),
(78, 415),
(79, 6),
(79, 326),
(79, 328),
(79, 415),
(80, 298),
(80, 320),
(80, 395),
(81, 8),
(81, 328),
(81, 410),
(82, 4),
(82, 326),
(82, 411),
(83, 299),
(83, 396),
(84, 6),
(84, 328),
(84, 336),
(84, 415),
(85, 297),
(85, 398),
(85, 403),
(86, 7),
(86, 328),
(86, 331),
(87, 9),
(87, 10),
(87, 326),
(87, 331),
(87, 411),
(88, 1),
(88, 8),
(88, 328),
(88, 415),
(89, 323),
(89, 396),
(89, 403),
(90, 6),
(90, 7),
(90, 328),
(90, 337),
(91, 5),
(91, 334),
(91, 415),
(99, 6),
(99, 328),
(100, 396),
(102, 296),
(102, 297),
(103, 306),
(104, 295),
(104, 397),
(105, 5),
(105, 326),
(105, 328),
(105, 412),
(106, 6),
(106, 327),
(106, 331),
(107, 2),
(107, 328),
(107, 409),
(108, 300),
(108, 396),
(108, 397),
(109, 298),
(109, 316),
(109, 396),
(110, 5),
(110, 328),
(110, 412),
(111, 295),
(111, 299),
(111, 316),
(111, 396),
(112, 1),
(112, 328),
(113, 299),
(113, 397),
(114, 295),
(115, 296),
(115, 403),
(116, 5),
(116, 327),
(116, 331),
(116, 412),
(117, 2),
(117, 330),
(117, 412),
(119, 3),
(119, 4),
(119, 328);

-- --------------------------------------------------------

--
-- Table structure for table `btm_mon`
--

CREATE TABLE `btm_mon` (
  `stt_btm` int(11) NOT NULL,
  `ma_ma` int(11) NOT NULL
) ENGINE=InnoDB DEFAULT CHARSET=utf8mb4 COLLATE=utf8mb4_general_ci;

--
-- Dumping data for table `btm_mon`
--

INSERT INTO `btm_mon` (`stt_btm`, `ma_ma`) VALUES
(1, 295),
(1, 297),
(2, 328),
(2, 351),
(2, 370),
(3, 326),
(3, 327),
(3, 330),
(3, 331),
(4, 395),
(4, 397),
(4, 399);

-- --------------------------------------------------------

--
-- Table structure for table `buoi`
--

CREATE TABLE `buoi` (
  `MABUOI` int(10) NOT NULL,
  `TENBUOI` varchar(255) NOT NULL,
  `GIOBD` char(10) NOT NULL,
  `GIOKT` char(10) NOT NULL
) ENGINE=InnoDB DEFAULT CHARSET=utf8mb4 COLLATE=utf8mb4_general_ci;

--
-- Dumping data for table `buoi`
--

INSERT INTO `buoi` (`MABUOI`, `TENBUOI`, `GIOBD`, `GIOKT`) VALUES
(1, 'Buổi trưa', '11 giờ', '14 giờ'),
(2, 'Buổi tối', '18 giờ', '21 giờ');

-- --------------------------------------------------------

--
-- Table structure for table `chay_man`
--

CREATE TABLE `chay_man` (
  `machayman` int(11) NOT NULL,
  `tenchayman` varchar(255) NOT NULL
) ENGINE=InnoDB DEFAULT CHARSET=utf8mb4 COLLATE=utf8mb4_general_ci;

--
-- Dumping data for table `chay_man`
--

INSERT INTO `chay_man` (`machayman`, `tenchayman`) VALUES
(1, 'Món chay'),
(2, 'Món mặn');

-- --------------------------------------------------------

--
-- Table structure for table `chitiet_giaikm`
--

CREATE TABLE `chitiet_giaikm` (
  `MA_CTKM` char(10) NOT NULL,
  `MA_GT` char(10) NOT NULL,
  `PHANTHUONG` char(10) NOT NULL,
  `SOLUONG` char(10) NOT NULL
) ENGINE=InnoDB DEFAULT CHARSET=utf8mb4 COLLATE=utf8mb4_general_ci;

-- --------------------------------------------------------

--
-- Table structure for table `ctkm`
--

CREATE TABLE `ctkm` (
  `MA_CTKM` int(11) NOT NULL,
  `TEN_CTKM` varchar(225) NOT NULL,
  `NGAY_BD` varchar(225) NOT NULL,
  `NGAY_KT` varchar(225) NOT NULL
) ENGINE=InnoDB DEFAULT CHARSET=utf8mb4 COLLATE=utf8mb4_general_ci;

--
-- Dumping data for table `ctkm`
--

INSERT INTO `ctkm` (`MA_CTKM`, `TEN_CTKM`, `NGAY_BD`, `NGAY_KT`) VALUES
(1, 'Đặt từ 10 đến 20 bàn', 'Tính từ khi đặt', 'Sau khi tổ chức'),
(2, 'Đặt từ 21 đến 30 bàn', 'Tính từ khi đặt', 'Sau khi tổ chức'),
(3, 'Đặt từ 31 đến 50 bàn', 'Tính từ khi đặt', 'Sau khi tổ chức'),
(4, 'Đặt từ 51 đến 75 bàn', 'Tính từ khi đặt', 'Sau khi tổ chức'),
(5, 'Đặt trên 75 bàn', 'Tính từ ngày đặt', 'Sau khi tổ chức');

-- --------------------------------------------------------

--
-- Table structure for table `ctkm_dv`
--

CREATE TABLE `ctkm_dv` (
  `MA_DV` char(10) NOT NULL,
  `MA_CTKM` char(10) NOT NULL
) ENGINE=InnoDB DEFAULT CHARSET=utf8mb4 COLLATE=utf8mb4_general_ci;

-- --------------------------------------------------------

--
-- Table structure for table `datdouong`
--

CREATE TABLE `datdouong` (
  `sopdt` int(11) NOT NULL,
  `ma_du` int(11) NOT NULL,
  `sl_sudung` int(11) DEFAULT NULL,
  `sl_dukien` int(11) DEFAULT NULL
) ENGINE=InnoDB DEFAULT CHARSET=utf8mb4 COLLATE=utf8mb4_general_ci;

--
-- Dumping data for table `datdouong`
--

INSERT INTO `datdouong` (`sopdt`, `ma_du`, `sl_sudung`, `sl_dukien`) VALUES
(28, 5, 1, 0),
(28, 7, 1, 0),
(28, 22, 1, 0),
(28, 23, 1, 0),
(30, 4, 1, 0),
(31, 15, 1, 0),
(32, 5, 1, 0),
(34, 16, 1, 0),
(44, 2, 1, 0),
(44, 22, 1, 0),
(44, 23, 1, 0),
(45, 22, 1, 0),
(45, 23, 1, 0),
(46, 15, 1, 0),
(46, 16, 1, 0),
(52, 15, 1, 0),
(52, 16, 1, 0),
(53, 3, 1, 0),
(53, 17, 1, 0),
(54, 5, 1, 0),
(54, 16, 1, 0),
(55, 15, 1, 0),
(56, 14, 1, 0),
(57, 5, 1, 0),
(57, 19, 1, 0),
(58, 6, 1, 0),
(61, 14, 1, 0),
(61, 16, 1, 0),
(62, 20, 1, 0),
(65, 4, 1, 0);

-- --------------------------------------------------------

--
-- Table structure for table `datmon`
--

CREATE TABLE `datmon` (
  `MA_MA` int(11) NOT NULL,
  `SOPDT` int(11) NOT NULL,
  `SL_SUDUNG` int(11) NOT NULL
) ENGINE=InnoDB DEFAULT CHARSET=utf8mb4 COLLATE=utf8mb4_general_ci;

--
-- Dumping data for table `datmon`
--

INSERT INTO `datmon` (`MA_MA`, `SOPDT`, `SL_SUDUNG`) VALUES
(1, 2, 1),
(1, 4, 1),
(1, 6, 1),
(1, 26, 1),
(1, 27, 1),
(1, 28, 1),
(1, 32, 1),
(1, 49, 1),
(2, 1, 1),
(2, 31, 1),
(2, 55, 1),
(2, 63, 1),
(3, 20, 1),
(3, 26, 1),
(3, 30, 1),
(3, 65, 1),
(4, 5, 1),
(4, 30, 2),
(4, 31, 2),
(4, 33, 1),
(4, 42, 1),
(4, 45, 1),
(4, 65, 1),
(5, 1, 1),
(5, 22, 1),
(5, 29, 1),
(5, 51, 1),
(5, 53, 1),
(5, 58, 1),
(5, 61, 1),
(6, 3, 1),
(6, 31, 2),
(6, 44, 1),
(6, 46, 1),
(6, 50, 1),
(6, 52, 1),
(6, 54, 1),
(7, 3, 1),
(7, 29, 3),
(7, 47, 1),
(7, 50, 1),
(8, 4, 1),
(8, 28, 1),
(8, 49, 1),
(9, 43, 1),
(9, 48, 1),
(10, 48, 1),
(295, 27, 1),
(295, 29, 3),
(295, 31, 1),
(295, 34, 1),
(295, 51, 1),
(295, 59, 1),
(296, 28, 1),
(296, 31, 4),
(296, 34, 1),
(297, 28, 1),
(297, 46, 1),
(298, 4, 1),
(298, 27, 1),
(298, 28, 1),
(298, 57, 1),
(299, 1, 1),
(299, 29, 2),
(299, 30, 1),
(299, 31, 2),
(299, 45, 1),
(299, 59, 1),
(300, 11, 1),
(300, 27, 1),
(300, 29, 3),
(300, 56, 1),
(302, 21, 1),
(302, 32, 1),
(303, 4, 1),
(303, 29, 1),
(303, 36, 1),
(304, 27, 1),
(306, 28, 1),
(306, 37, 1),
(316, 57, 1),
(316, 59, 1),
(317, 21, 1),
(317, 29, 3),
(317, 37, 1),
(319, 4, 1),
(319, 27, 1),
(319, 29, 2),
(319, 31, 3),
(320, 28, 1),
(322, 40, 1),
(323, 27, 1),
(323, 49, 1),
(325, 29, 2),
(326, 1, 2),
(326, 30, 3),
(326, 31, 3),
(326, 43, 1),
(326, 44, 1),
(326, 45, 1),
(326, 48, 1),
(326, 53, 1),
(327, 1, 2),
(327, 4, 1),
(327, 22, 1),
(327, 31, 2),
(327, 33, 1),
(327, 42, 1),
(327, 54, 1),
(327, 61, 1),
(328, 2, 1),
(328, 3, 1),
(328, 5, 1),
(328, 12, 1),
(328, 26, 1),
(328, 28, 1),
(328, 32, 1),
(328, 39, 1),
(328, 43, 1),
(328, 44, 1),
(328, 46, 1),
(328, 47, 1),
(328, 49, 1),
(328, 50, 1),
(328, 52, 1),
(328, 53, 1),
(328, 55, 1),
(328, 58, 1),
(328, 65, 1),
(329, 32, 1),
(330, 3, 1),
(330, 29, 2),
(330, 31, 2),
(330, 63, 1),
(331, 1, 1),
(331, 4, 1),
(331, 6, 1),
(331, 27, 1),
(331, 32, 1),
(331, 47, 1),
(331, 48, 1),
(331, 54, 1),
(331, 61, 1),
(333, 30, 3),
(333, 32, 1),
(334, 20, 1),
(334, 29, 2),
(334, 30, 2),
(334, 51, 1),
(336, 46, 1),
(337, 30, 2),
(337, 50, 1),
(395, 4, 1),
(395, 28, 1),
(395, 31, 4),
(395, 32, 1),
(395, 36, 1),
(395, 37, 1),
(395, 40, 1),
(396, 2, 1),
(396, 11, 1),
(396, 21, 1),
(396, 29, 3),
(396, 30, 1),
(396, 32, 1),
(396, 45, 1),
(396, 49, 1),
(396, 56, 1),
(396, 57, 1),
(396, 59, 1),
(397, 2, 1),
(397, 27, 1),
(397, 29, 2),
(397, 30, 1),
(397, 36, 1),
(397, 38, 1),
(397, 40, 1),
(397, 41, 1),
(397, 51, 1),
(397, 56, 1),
(398, 46, 1),
(399, 1, 2),
(399, 29, 2),
(399, 31, 3),
(400, 4, 1),
(400, 29, 1),
(400, 31, 2),
(400, 32, 1),
(400, 34, 1),
(401, 1, 2),
(402, 1, 2),
(402, 27, 1),
(403, 34, 1),
(403, 46, 1),
(403, 49, 1),
(406, 37, 1),
(408, 4, 1),
(408, 5, 1),
(409, 1, 1),
(409, 22, 1),
(409, 55, 1),
(410, 28, 1),
(411, 45, 1),
(411, 48, 1),
(412, 1, 1),
(412, 3, 1),
(412, 4, 1),
(412, 53, 1),
(412, 58, 1),
(412, 61, 1),
(412, 63, 1),
(414, 27, 1),
(414, 32, 1),
(415, 44, 1),
(415, 46, 1),
(415, 49, 1),
(415, 51, 1),
(416, 20, 1),
(417, 6, 1),
(418, 33, 1);

-- --------------------------------------------------------

--
-- Table structure for table `dattiec`
--

CREATE TABLE `dattiec` (
  `sopdt` int(11) NOT NULL,
  `stt_btd` int(11) NOT NULL,
  `soban_chinhthuc` int(11) NOT NULL,
  `soban_dutru` int(11) DEFAULT 0,
  `soban_sudung` int(11) DEFAULT 0
) ENGINE=InnoDB DEFAULT CHARSET=utf8mb4 COLLATE=utf8mb4_general_ci;

--
-- Dumping data for table `dattiec`
--

INSERT INTO `dattiec` (`sopdt`, `stt_btd`, `soban_chinhthuc`, `soban_dutru`, `soban_sudung`) VALUES
(29, 8, 15, 10, 15),
(30, 9, 20, 10, 20),
(30, 10, 20, 10, 20),
(29, 11, 15, 10, 15),
(29, 12, 20, 15, 25),
(31, 13, 25, 15, 30),
(31, 14, 15, 10, 15),
(29, 15, 25, 10, 20),
(29, 16, 25, 10, 20),
(29, 17, 15, 10, 15),
(30, 18, 30, 15, 25),
(29, 19, 15, 10, 15),
(1, 20, 15, 10, 15),
(1, 21, 15, 10, 15),
(2, 22, 15, 10, 15),
(2, 23, 15, 10, 15),
(3, 24, 15, 10, 15),
(4, 25, 15, 10, 15),
(4, 26, 15, 10, 15),
(32, 27, 15, 10, 15),
(32, 28, 15, 10, 15),
(5, 29, 15, 10, 15),
(6, 30, 15, 10, 15),
(7, 31, 15, 10, 15),
(8, 32, 15, 10, 15),
(8, 33, 15, 10, 15),
(9, 34, 15, 10, 15),
(10, 35, 15, 10, 15),
(11, 36, 15, 10, 15),
(12, 37, 15, 10, 15),
(13, 38, 15, 10, 15),
(14, 39, 15, 10, 15),
(15, 40, 15, 10, 15),
(16, 41, 15, 10, 15),
(17, 42, 15, 10, 15),
(18, 43, 15, 10, 15),
(18, 44, 15, 10, 15),
(19, 45, 15, 10, 15),
(2, 46, 15, 10, 15),
(3, 47, 15, 10, 15),
(4, 48, 15, 10, 15),
(4, 49, 15, 10, 15),
(4, 50, 15, 10, 15),
(4, 51, 15, 10, 15),
(5, 52, 20, 10, 15),
(33, 53, 15, 10, 15),
(6, 54, 15, 10, 15),
(6, 54, 15, 10, 15),
(20, 55, 15, 1, 15),
(20, 55, 15, 1, 15),
(21, 56, 15, 1, 15),
(22, 57, 10, 1, 0),
(23, 58, 10, 1, 0),
(24, 59, 10, 1, 0),
(24, 60, 10, 1, 0),
(25, 61, 10, 1, 0),
(26, 62, 10, 1, 0),
(27, 63, 10, 1, 0),
(27, 64, 10, 1, 0),
(27, 65, 10, 1, 0),
(27, 66, 10, 1, 0),
(27, 67, 10, 1, 0),
(27, 68, 10, 1, 0),
(34, 69, 10, 1, 0),
(36, 70, 10, 1, 0),
(37, 71, 10, 1, 0),
(38, 72, 10, 1, 0),
(39, 73, 10, 1, 0),
(40, 74, 20, 1, 0),
(41, 75, 10, 1, 0),
(42, 76, 10, 1, 0),
(43, 77, 10, 1, 0),
(44, 78, 10, 1, 0),
(44, 79, 10, 1, 0),
(28, 80, 10, 1, 0),
(28, 81, 10, 1, 0),
(45, 82, 10, 1, 0),
(45, 83, 10, 1, 0),
(46, 84, 10, 1, 0),
(46, 85, 10, 1, 0),
(47, 86, 10, 1, 0),
(48, 87, 10, 1, 0),
(49, 88, 10, 1, 0),
(49, 89, 10, 1, 0),
(50, 90, 10, 1, 0),
(51, 91, 10, 1, 0),
(28, 92, 15, 10, 15),
(28, 93, 10, 1, 15),
(28, 94, 10, 1, 15),
(28, 95, 10, 1, 15),
(28, 96, 10, 1, 15),
(28, 97, 10, 1, 15),
(28, 98, 10, 1, 15),
(52, 99, 10, 1, 0),
(30, 100, 20, 2, 0),
(28, 101, 10, 1, 0),
(28, 102, 10, 1, 0),
(28, 103, 10, 1, 0),
(51, 104, 10, 1, 0),
(53, 105, 10, 1, 0),
(54, 106, 10, 1, 0),
(55, 107, 10, 1, 0),
(56, 108, 10, 1, 0),
(57, 109, 10, 1, 0),
(58, 110, 10, 1, 0),
(59, 111, 10, 1, 0),
(28, 112, 10, 1, 0),
(30, 113, 10, 1, 0),
(31, 114, 10, 1, 0),
(34, 115, 10, 1, 0),
(61, 116, 10, 1, 0),
(63, 117, 10, 1, 0),
(32, 118, 10, 1, 0),
(65, 119, 10, 1, 0);

-- --------------------------------------------------------

--
-- Table structure for table `dichvu`
--

CREATE TABLE `dichvu` (
  `MA_DV` char(10) NOT NULL,
  `MA_LDV` char(10) NOT NULL,
  `TEN_DV` char(10) NOT NULL
) ENGINE=InnoDB DEFAULT CHARSET=utf8mb4 COLLATE=utf8mb4_general_ci;

-- --------------------------------------------------------

--
-- Table structure for table `donvitinh`
--

CREATE TABLE `donvitinh` (
  `madvt` int(11) NOT NULL,
  `tendvt` varchar(255) NOT NULL
) ENGINE=InnoDB DEFAULT CHARSET=utf8mb4 COLLATE=utf8mb4_general_ci;

--
-- Dumping data for table `donvitinh`
--

INSERT INTO `donvitinh` (`madvt`, `tendvt`) VALUES
(1, 'Thùng/Két'),
(2, 'Chai/Lon');

-- --------------------------------------------------------

--
-- Table structure for table `douong`
--

CREATE TABLE `douong` (
  `ma_du` int(11) NOT NULL,
  `ten_du` varchar(225) NOT NULL,
  `madvt` int(11) DEFAULT NULL,
  `hinh_anh_du` varchar(255) NOT NULL
) ENGINE=InnoDB DEFAULT CHARSET=utf8mb4 COLLATE=utf8mb4_general_ci;

--
-- Dumping data for table `douong`
--

INSERT INTO `douong` (`ma_du`, `ten_du`, `madvt`, `hinh_anh_du`) VALUES
(2, 'Heineken chai 330ml', 2, 'uploads/img_67533625453f6.png'),
(3, 'Heineken lon 330ml', 2, 'uploads/img_675337ab7c0dc.png'),
(4, 'Heineken silver lon', 2, 'uploads/img_6753385838a8b.png'),
(5, 'Heineken silver chai', 2, 'uploads/img_67533acd8d9ac.png'),
(6, 'Tiger chai nhỏ 330ml', 2, 'uploads/img_67533b291857e.png'),
(7, 'Tiger lon 330ml', 2, 'uploads/img_67533bb816891.png'),
(8, 'Tiger bạc lon 330ml', 2, 'uploads/img_67533c2c57fb4.png'),
(9, 'Tiger bạc chai', 2, 'uploads/img_67533cd9e1f30.png'),
(10, 'Beck\'s Ice lon 330ml', 2, 'uploads/img_67533d1fa6653.png'),
(11, 'Aquafina 500ml', 2, 'uploads/img_67533d65c428b.png'),
(12, 'Pepsi lon', 2, 'uploads/img_67533d94cedb3.png'),
(13, 'Heineken chai 330ml', 1, 'uploads/img_67533da80aee6.png'),
(14, 'Heineken lon 330ml', 1, 'uploads/img_67533db60fc48.png'),
(15, 'Heineken silver lon', 1, 'uploads/img_67533dc784bfa.png'),
(16, 'Heineken silver chai', 1, 'uploads/img_67533dd757fe8.png'),
(17, 'Tiger chai nhỏ 330ml', 1, 'uploads/img_67533de686cbe.png'),
(18, 'Tiger lon 330ml', 1, 'uploads/img_67533e0057479.png'),
(19, 'Tiger bạc lon 330ml', 1, 'uploads/img_67533e11b64f5.png'),
(20, 'Tiger bạc chai', 1, 'uploads/img_67533e212bbf3.png'),
(21, 'Beck\'s Ice lon 330ml', 1, 'uploads/img_67533e35eb3ec.png'),
(22, 'Aquafina 500ml', 1, 'uploads/img_67533e4539465.png'),
(23, 'Pepsi lon', 1, 'uploads/img_67533e57965bc.png');

-- --------------------------------------------------------

--
-- Table structure for table `giabanle`
--

CREATE TABLE `giabanle` (
  `ma_ma` int(11) NOT NULL,
  `ngay` varchar(50) NOT NULL,
  `giabanle` int(11) DEFAULT NULL,
  `trangthai` varchar(50) DEFAULT NULL
) ENGINE=InnoDB DEFAULT CHARSET=utf8mb4 COLLATE=utf8mb4_general_ci;

--
-- Dumping data for table `giabanle`
--

INSERT INTO `giabanle` (`ma_ma`, `ngay`, `giabanle`, `trangthai`) VALUES
(1, '06-12-2024', 550000, 'Có hiệu lực'),
(2, '06-12-2024', 550000, 'Có hiệu lực'),
(3, '06-12-2024', 550000, 'Có hiệu lực'),
(4, '06-12-2024', 550000, 'Có hiệu lực'),
(5, '06-12-2024', 550000, 'Có hiệu lực'),
(6, '06-12-2024', 550000, 'Có hiệu lực'),
(7, '06-12-2024', 550000, 'Có hiệu lực'),
(8, '06-12-2024', 550000, 'Có hiệu lực'),
(9, '06-12-2024', 550000, 'Có hiệu lực'),
(10, '06-12-2024', 550000, 'Có hiệu lực'),
(11, '06-12-2024', 550000, 'Có hiệu lực'),
(12, '06-12-2024', 550000, 'Có hiệu lực'),
(13, '06-12-2024', 550000, 'Có hiệu lực'),
(14, '06-12-2024', 550000, 'Có hiệu lực'),
(15, '06-12-2024', 550000, 'Có hiệu lực'),
(16, '06-12-2024', 550000, 'Có hiệu lực'),
(17, '06-12-2024', 550000, 'Có hiệu lực'),
(18, '06-12-2024', 550000, 'Có hiệu lực'),
(19, '06-12-2024', 550000, 'Có hiệu lực'),
(20, '06-12-2024', 550000, 'Có hiệu lực'),
(21, '06-12-2024', 550000, 'Có hiệu lực'),
(22, '06-12-2024', 550000, 'Có hiệu lực'),
(23, '06-12-2024', 550000, 'Có hiệu lực'),
(24, '06-12-2024', 550000, 'Có hiệu lực'),
(25, '06-12-2024', 550000, 'Có hiệu lực'),
(26, '06-12-2024', 550000, 'Có hiệu lực'),
(27, '06-12-2024', 550000, 'Có hiệu lực'),
(28, '06-12-2024', 550000, 'Có hiệu lực'),
(29, '06-12-2024', 550000, 'Có hiệu lực'),
(30, '06-12-2024', 550000, 'Có hiệu lực'),
(31, '06-12-2024', 550000, 'Có hiệu lực'),
(32, '06-12-2024', 550000, 'Có hiệu lực'),
(33, '06-12-2024', 550000, 'Có hiệu lực'),
(34, '06-12-2024', 550000, 'Có hiệu lực'),
(35, '06-12-2024', 550000, 'Có hiệu lực'),
(36, '06-12-2024', 730000, 'Có hiệu lực'),
(37, '06-12-2024', 730000, 'Có hiệu lực'),
(38, '06-12-2024', 730000, 'Có hiệu lực'),
(39, '06-12-2024', 730000, 'Có hiệu lực'),
(40, '06-12-2024', 730000, 'Có hiệu lực'),
(41, '06-12-2024', 730000, 'Có hiệu lực'),
(42, '06-12-2024', 730000, 'Có hiệu lực'),
(43, '06-12-2024', 730000, 'Có hiệu lực'),
(44, '06-12-2024', 730000, 'Có hiệu lực'),
(45, '06-12-2024', 730000, 'Có hiệu lực'),
(46, '06-12-2024', 730000, 'Có hiệu lực'),
(47, '06-12-2024', 730000, 'Có hiệu lực'),
(48, '06-12-2024', 730000, 'Có hiệu lực'),
(49, '06-12-2024', 730000, 'Có hiệu lực'),
(50, '06-12-2024', 730000, 'Có hiệu lực'),
(51, '06-12-2024', 730000, 'Có hiệu lực'),
(52, '06-12-2024', 730000, 'Có hiệu lực'),
(53, '06-12-2024', 730000, 'Có hiệu lực'),
(54, '06-12-2024', 730000, 'Có hiệu lực'),
(55, '06-12-2024', 730000, 'Có hiệu lực'),
(56, '06-12-2024', 730000, 'Có hiệu lực'),
(57, '06-12-2024', 730000, 'Có hiệu lực'),
(58, '06-12-2024', 730000, 'Có hiệu lực'),
(59, '06-12-2024', 730000, 'Có hiệu lực'),
(60, '06-12-2024', 730000, 'Có hiệu lực'),
(61, '06-12-2024', 730000, 'Có hiệu lực'),
(62, '06-12-2024', 730000, 'Có hiệu lực'),
(63, '06-12-2024', 730000, 'Có hiệu lực'),
(64, '06-12-2024', 730000, 'Có hiệu lực'),
(65, '06-12-2024', 730000, 'Có hiệu lực'),
(66, '06-12-2024', 730000, 'Có hiệu lực'),
(67, '06-12-2024', 730000, 'Có hiệu lực'),
(68, '06-12-2024', 730000, 'Có hiệu lực'),
(69, '06-12-2024', 730000, 'Có hiệu lực'),
(70, '06-12-2024', 730000, 'Có hiệu lực'),
(71, '06-12-2024', 730000, 'Có hiệu lực'),
(72, '06-12-2024', 730000, 'Có hiệu lực'),
(73, '06-12-2024', 730000, 'Có hiệu lực'),
(74, '06-12-2024', 730000, 'Có hiệu lực'),
(75, '06-12-2024', 730000, 'Có hiệu lực'),
(76, '06-12-2024', 730000, 'Có hiệu lực'),
(77, '06-12-2024', 730000, 'Có hiệu lực'),
(78, '06-12-2024', 730000, 'Có hiệu lực'),
(79, '06-12-2024', 730000, 'Có hiệu lực'),
(80, '06-12-2024', 730000, 'Có hiệu lực'),
(81, '06-12-2024', 730000, 'Có hiệu lực'),
(82, '06-12-2024', 750000, 'Có hiệu lực'),
(83, '06-12-2024', 750000, 'Có hiệu lực'),
(84, '06-12-2024', 750000, 'Có hiệu lực'),
(85, '06-12-2024', 750000, 'Có hiệu lực'),
(86, '06-12-2024', 750000, 'Có hiệu lực'),
(87, '06-12-2024', 750000, 'Có hiệu lực'),
(88, '06-12-2024', 750000, 'Có hiệu lực'),
(89, '06-12-2024', 750000, 'Có hiệu lực'),
(90, '06-12-2024', 750000, 'Có hiệu lực'),
(91, '06-12-2024', 750000, 'Có hiệu lực'),
(92, '06-12-2024', 750000, 'Có hiệu lực'),
(93, '06-12-2024', 750000, 'Có hiệu lực'),
(94, '06-12-2024', 750000, 'Có hiệu lực'),
(95, '06-12-2024', 750000, 'Có hiệu lực'),
(96, '06-12-2024', 750000, 'Có hiệu lực'),
(97, '06-12-2024', 750000, 'Có hiệu lực'),
(98, '06-12-2024', 750000, 'Có hiệu lực'),
(99, '06-12-2024', 750000, 'Có hiệu lực'),
(100, '06-12-2024', 750000, 'Có hiệu lực'),
(101, '06-12-2024', 750000, 'Có hiệu lực'),
(102, '06-12-2024', 750000, 'Có hiệu lực'),
(103, '06-12-2024', 750000, 'Có hiệu lực'),
(104, '06-12-2024', 750000, 'Có hiệu lực'),
(105, '06-12-2024', 750000, 'Có hiệu lực'),
(106, '06-12-2024', 750000, 'Có hiệu lực'),
(107, '06-12-2024', 750000, 'Có hiệu lực'),
(108, '06-12-2024', 750000, 'Có hiệu lực'),
(109, '06-12-2024', 750000, 'Có hiệu lực'),
(110, '06-12-2024', 750000, 'Có hiệu lực'),
(111, '06-12-2024', 750000, 'Có hiệu lực'),
(112, '06-12-2024', 750000, 'Có hiệu lực'),
(113, '06-12-2024', 750000, 'Có hiệu lực'),
(114, '06-12-2024', 750000, 'Có hiệu lực'),
(115, '06-12-2024', 750000, 'Có hiệu lực'),
(116, '06-12-2024', 730000, 'Có hiệu lực'),
(117, '06-12-2024', 730000, 'Có hiệu lực'),
(118, '06-12-2024', 730000, 'Có hiệu lực'),
(119, '06-12-2024', 730000, 'Có hiệu lực'),
(120, '06-12-2024', 730000, 'Có hiệu lực'),
(121, '06-12-2024', 730000, 'Có hiệu lực'),
(122, '06-12-2024', 730000, 'Có hiệu lực'),
(123, '06-12-2024', 730000, 'Có hiệu lực'),
(124, '06-12-2024', 730000, 'Có hiệu lực'),
(125, '06-12-2024', 730000, 'Có hiệu lực'),
(126, '06-12-2024', 730000, 'Có hiệu lực'),
(127, '06-12-2024', 730000, 'Có hiệu lực'),
(128, '06-12-2024', 730000, 'Có hiệu lực'),
(129, '06-12-2024', 730000, 'Có hiệu lực'),
(130, '06-12-2024', 730000, 'Có hiệu lực'),
(131, '06-12-2024', 730000, 'Có hiệu lực'),
(132, '06-12-2024', 730000, 'Có hiệu lực'),
(133, '06-12-2024', 730000, 'Có hiệu lực'),
(134, '06-12-2024', 730000, 'Có hiệu lực'),
(135, '06-12-2024', 730000, 'Có hiệu lực'),
(136, '06-12-2024', 750000, 'Có hiệu lực'),
(137, '06-12-2024', 750000, 'Có hiệu lực'),
(138, '06-12-2024', 750000, 'Có hiệu lực'),
(139, '06-12-2024', 750000, 'Có hiệu lực'),
(140, '06-12-2024', 750000, 'Có hiệu lực'),
(141, '06-12-2024', 750000, 'Có hiệu lực'),
(142, '06-12-2024', 750000, 'Có hiệu lực'),
(143, '06-12-2024', 750000, 'Có hiệu lực'),
(144, '06-12-2024', 750000, 'Có hiệu lực'),
(145, '06-12-2024', 750000, 'Có hiệu lực'),
(146, '06-12-2024', 750000, 'Có hiệu lực'),
(147, '06-12-2024', 750000, 'Có hiệu lực'),
(148, '06-12-2024', 750000, 'Có hiệu lực'),
(149, '06-12-2024', 750000, 'Có hiệu lực'),
(150, '06-12-2024', 750000, 'Có hiệu lực'),
(151, '06-12-2024', 750000, 'Có hiệu lực'),
(152, '06-12-2024', 750000, 'Có hiệu lực'),
(153, '06-12-2024', 750000, 'Có hiệu lực'),
(154, '06-12-2024', 750000, 'Có hiệu lực'),
(155, '06-12-2024', 750000, 'Có hiệu lực'),
(156, '06-12-2024', 750000, 'Có hiệu lực'),
(157, '06-12-2024', 750000, 'Có hiệu lực'),
(158, '06-12-2024', 750000, 'Có hiệu lực'),
(159, '06-12-2024', 750000, 'Có hiệu lực'),
(160, '06-12-2024', 750000, 'Có hiệu lực'),
(161, '06-12-2024', 750000, 'Có hiệu lực'),
(162, '06-12-2024', 750000, 'Có hiệu lực'),
(163, '06-12-2024', 750000, 'Có hiệu lực'),
(164, '06-12-2024', 750000, 'Có hiệu lực'),
(165, '06-12-2024', 750000, 'Có hiệu lực'),
(166, '06-12-2024', 750000, 'Có hiệu lực'),
(167, '06-12-2024', 750000, 'Có hiệu lực'),
(168, '06-12-2024', 750000, 'Có hiệu lực'),
(169, '06-12-2024', 750000, 'Có hiệu lực'),
(170, '06-12-2024', 750000, 'Có hiệu lực'),
(171, '06-12-2024', 750000, 'Có hiệu lực'),
(172, '06-12-2024', 750000, 'Có hiệu lực'),
(173, '06-12-2024', 750000, 'Có hiệu lực'),
(174, '06-12-2024', 750000, 'Có hiệu lực'),
(175, '06-12-2024', 750000, 'Có hiệu lực'),
(176, '06-12-2024', 750000, 'Có hiệu lực'),
(177, '06-12-2024', 750000, 'Có hiệu lực'),
(178, '06-12-2024', 750000, 'Có hiệu lực'),
(179, '06-12-2024', 750000, 'Có hiệu lực'),
(180, '06-12-2024', 750000, 'Có hiệu lực'),
(181, '06-12-2024', 750000, 'Có hiệu lực'),
(182, '06-12-2024', 750000, 'Có hiệu lực'),
(183, '06-12-2024', 750000, 'Có hiệu lực'),
(184, '06-12-2024', 750000, 'Có hiệu lực'),
(185, '06-12-2024', 750000, 'Có hiệu lực'),
(186, '06-12-2024', 750000, 'Có hiệu lực'),
(187, '06-12-2024', 750000, 'Có hiệu lực'),
(188, '06-12-2024', 750000, 'Có hiệu lực'),
(189, '06-12-2024', 750000, 'Có hiệu lực'),
(190, '06-12-2024', 750000, 'Có hiệu lực'),
(191, '06-12-2024', 750000, 'Có hiệu lực'),
(192, '06-12-2024', 750000, 'Có hiệu lực'),
(193, '06-12-2024', 750000, 'Có hiệu lực'),
(194, '06-12-2024', 750000, 'Có hiệu lực'),
(195, '06-12-2024', 750000, 'Có hiệu lực'),
(196, '06-12-2024', 750000, 'Có hiệu lực'),
(197, '06-12-2024', 750000, 'Có hiệu lực'),
(198, '06-12-2024', 750000, 'Có hiệu lực'),
(199, '06-12-2024', 750000, 'Có hiệu lực'),
(200, '06-12-2024', 750000, 'Có hiệu lực'),
(201, '06-12-2024', 750000, 'Có hiệu lực'),
(202, '06-12-2024', 750000, 'Có hiệu lực'),
(203, '06-12-2024', 750000, 'Có hiệu lực'),
(204, '06-12-2024', 750000, 'Có hiệu lực'),
(205, '06-12-2024', 750000, 'Có hiệu lực'),
(206, '06-12-2024', 750000, 'Có hiệu lực'),
(207, '06-12-2024', 750000, 'Có hiệu lực'),
(208, '06-12-2024', 750000, 'Có hiệu lực'),
(209, '06-12-2024', 750000, 'Có hiệu lực'),
(210, '06-12-2024', 750000, 'Có hiệu lực'),
(211, '06-12-2024', 750000, 'Có hiệu lực'),
(212, '06-12-2024', 750000, 'Có hiệu lực'),
(213, '06-12-2024', 750000, 'Có hiệu lực'),
(214, '06-12-2024', 750000, 'Có hiệu lực'),
(215, '06-12-2024', 750000, 'Có hiệu lực'),
(216, '06-12-2024', 750000, 'Có hiệu lực'),
(217, '06-12-2024', 750000, 'Có hiệu lực'),
(218, '06-12-2024', 750000, 'Có hiệu lực'),
(219, '06-12-2024', 750000, 'Có hiệu lực'),
(220, '06-12-2024', 750000, 'Có hiệu lực'),
(221, '06-12-2024', 750000, 'Có hiệu lực'),
(222, '06-12-2024', 750000, 'Có hiệu lực'),
(223, '06-12-2024', 750000, 'Có hiệu lực'),
(224, '06-12-2024', 750000, 'Có hiệu lực'),
(225, '06-12-2024', 750000, 'Có hiệu lực'),
(226, '06-12-2024', 750000, 'Có hiệu lực'),
(227, '06-12-2024', 750000, 'Có hiệu lực'),
(228, '06-12-2024', 750000, 'Có hiệu lực'),
(229, '06-12-2024', 750000, 'Có hiệu lực'),
(230, '06-12-2024', 750000, 'Có hiệu lực'),
(231, '06-12-2024', 750000, 'Có hiệu lực'),
(232, '06-12-2024', 750000, 'Có hiệu lực'),
(233, '06-12-2024', 750000, 'Có hiệu lực'),
(234, '06-12-2024', 750000, 'Có hiệu lực'),
(235, '06-12-2024', 750000, 'Có hiệu lực'),
(236, '06-12-2024', 750000, 'Có hiệu lực'),
(237, '06-12-2024', 750000, 'Có hiệu lực'),
(238, '06-12-2024', 750000, 'Có hiệu lực'),
(239, '06-12-2024', 750000, 'Có hiệu lực'),
(240, '06-12-2024', 750000, 'Có hiệu lực'),
(241, '06-12-2024', 750000, 'Có hiệu lực'),
(242, '06-12-2024', 750000, 'Có hiệu lực'),
(243, '06-12-2024', 750000, 'Có hiệu lực'),
(244, '06-12-2024', 750000, 'Có hiệu lực'),
(245, '06-12-2024', 750000, 'Có hiệu lực'),
(246, '06-12-2024', 750000, 'Có hiệu lực'),
(247, '06-12-2024', 750000, 'Có hiệu lực'),
(248, '06-12-2024', 750000, 'Có hiệu lực'),
(249, '06-12-2024', 750000, 'Có hiệu lực'),
(250, '06-12-2024', 750000, 'Có hiệu lực'),
(251, '06-12-2024', 750000, 'Có hiệu lực'),
(252, '06-12-2024', 750000, 'Có hiệu lực'),
(253, '06-12-2024', 750000, 'Có hiệu lực'),
(254, '06-12-2024', 750000, 'Có hiệu lực'),
(255, '06-12-2024', 750000, 'Có hiệu lực'),
(256, '06-12-2024', 750000, 'Có hiệu lực'),
(257, '06-12-2024', 750000, 'Có hiệu lực'),
(258, '06-12-2024', 750000, 'Có hiệu lực'),
(259, '06-12-2024', 750000, 'Có hiệu lực'),
(260, '06-12-2024', 750000, 'Có hiệu lực'),
(261, '06-12-2024', 750000, 'Có hiệu lực'),
(262, '06-12-2024', 750000, 'Có hiệu lực'),
(263, '06-12-2024', 750000, 'Có hiệu lực'),
(264, '06-12-2024', 750000, 'Có hiệu lực'),
(265, '06-12-2024', 750000, 'Có hiệu lực'),
(266, '06-12-2024', 750000, 'Có hiệu lực'),
(267, '06-12-2024', 750000, 'Có hiệu lực'),
(268, '06-12-2024', 750000, 'Có hiệu lực'),
(269, '06-12-2024', 750000, 'Có hiệu lực'),
(270, '06-12-2024', 750000, 'Có hiệu lực'),
(271, '06-12-2024', 750000, 'Có hiệu lực'),
(272, '06-12-2024', 750000, 'Có hiệu lực'),
(273, '06-12-2024', 750000, 'Có hiệu lực'),
(274, '06-12-2024', 750000, 'Có hiệu lực'),
(275, '06-12-2024', 750000, 'Có hiệu lực'),
(276, '06-12-2024', 750000, 'Có hiệu lực'),
(277, '06-12-2024', 750000, 'Có hiệu lực'),
(278, '06-12-2024', 750000, 'Có hiệu lực'),
(279, '06-12-2024', 750000, 'Có hiệu lực'),
(280, '06-12-2024', 450000, 'Có hiệu lực'),
(281, '06-12-2024', 450000, 'Có hiệu lực'),
(282, '06-12-2024', 450000, 'Có hiệu lực'),
(283, '06-12-2024', 450000, 'Có hiệu lực'),
(284, '06-12-2024', 450000, 'Có hiệu lực'),
(285, '06-12-2024', 450000, 'Có hiệu lực'),
(286, '06-12-2024', 450000, 'Có hiệu lực'),
(287, '06-12-2024', 450000, 'Có hiệu lực'),
(288, '06-12-2024', 450000, 'Có hiệu lực'),
(289, '06-12-2024', 450000, 'Có hiệu lực'),
(290, '06-12-2024', 450000, 'Có hiệu lực'),
(291, '06-12-2024', 450000, 'Có hiệu lực'),
(292, '06-12-2024', 450000, 'Có hiệu lực'),
(293, '06-12-2024', 450000, 'Có hiệu lực'),
(294, '06-12-2024', 450000, 'Có hiệu lực'),
(295, '06-12-2024', 250000, 'Có hiệu lực'),
(296, '06-12-2024', 250000, 'Có hiệu lực'),
(297, '06-12-2024', 250000, 'Có hiệu lực'),
(298, '06-12-2024', 250000, 'Có hiệu lực'),
(299, '06-12-2024', 250000, 'Có hiệu lực'),
(300, '06-12-2024', 250000, 'Có hiệu lực'),
(301, '06-12-2024', 250000, 'Có hiệu lực'),
(302, '06-12-2024', 250000, 'Có hiệu lực'),
(303, '06-12-2024', 250000, 'Có hiệu lực'),
(304, '06-12-2024', 250000, 'Có hiệu lực'),
(305, '06-12-2024', 250000, 'Có hiệu lực'),
(306, '06-12-2024', 250000, 'Có hiệu lực'),
(307, '06-12-2024', 250000, 'Có hiệu lực'),
(308, '06-12-2024', 250000, 'Có hiệu lực'),
(309, '06-12-2024', 250000, 'Có hiệu lực'),
(310, '06-12-2024', 250000, 'Có hiệu lực'),
(311, '06-12-2024', 250000, 'Có hiệu lực'),
(312, '06-12-2024', 250000, 'Có hiệu lực'),
(313, '06-12-2024', 250000, 'Có hiệu lực'),
(314, '06-12-2024', 250000, 'Có hiệu lực'),
(315, '06-12-2024', 250000, 'Có hiệu lực'),
(316, '06-12-2024', 250000, 'Có hiệu lực'),
(317, '06-12-2024', 250000, 'Có hiệu lực'),
(318, '06-12-2024', 250000, 'Có hiệu lực'),
(319, '06-12-2024', 250000, 'Có hiệu lực'),
(320, '06-12-2024', 250000, 'Có hiệu lực'),
(321, '06-12-2024', 250000, 'Có hiệu lực'),
(322, '06-12-2024', 250000, 'Có hiệu lực'),
(323, '06-12-2024', 250000, 'Có hiệu lực'),
(324, '06-12-2024', 250000, 'Có hiệu lực'),
(325, '06-12-2024', 250000, 'Có hiệu lực'),
(326, '06-12-2024', 570000, 'Có hiệu lực'),
(327, '06-12-2024', 570000, 'Có hiệu lực'),
(328, '06-12-2024', 570000, 'Có hiệu lực'),
(329, '06-12-2024', 570000, 'Có hiệu lực'),
(330, '06-12-2024', 570000, 'Có hiệu lực'),
(331, '06-12-2024', 570000, 'Có hiệu lực'),
(332, '06-12-2024', 570000, 'Có hiệu lực'),
(333, '06-12-2024', 570000, 'Có hiệu lực'),
(334, '06-12-2024', 570000, 'Có hiệu lực'),
(335, '06-12-2024', 570000, 'Có hiệu lực'),
(336, '06-12-2024', 570000, 'Có hiệu lực'),
(337, '06-12-2024', 570000, 'Có hiệu lực'),
(338, '06-12-2024', 570000, 'Có hiệu lực'),
(339, '06-12-2024', 570000, 'Có hiệu lực'),
(340, '06-12-2024', 570000, 'Có hiệu lực'),
(341, '06-12-2024', 570000, 'Có hiệu lực'),
(342, '06-12-2024', 570000, 'Có hiệu lực'),
(343, '06-12-2024', 570000, 'Có hiệu lực'),
(344, '06-12-2024', 570000, 'Có hiệu lực'),
(345, '06-12-2024', 570000, 'Có hiệu lực'),
(346, '06-12-2024', 570000, 'Có hiệu lực'),
(347, '06-12-2024', 570000, 'Có hiệu lực'),
(348, '06-12-2024', 570000, 'Có hiệu lực'),
(349, '06-12-2024', 570000, 'Có hiệu lực'),
(350, '06-12-2024', 570000, 'Có hiệu lực'),
(351, '06-12-2024', 570000, 'Có hiệu lực'),
(352, '06-12-2024', 570000, 'Có hiệu lực'),
(353, '06-12-2024', 570000, 'Có hiệu lực'),
(354, '06-12-2024', 570000, 'Có hiệu lực'),
(355, '06-12-2024', 570000, 'Có hiệu lực'),
(356, '06-12-2024', 570000, 'Có hiệu lực'),
(357, '06-12-2024', 570000, 'Có hiệu lực'),
(358, '06-12-2024', 570000, 'Có hiệu lực'),
(359, '06-12-2024', 570000, 'Có hiệu lực'),
(360, '06-12-2024', 570000, 'Có hiệu lực'),
(361, '06-12-2024', 570000, 'Có hiệu lực'),
(362, '06-12-2024', 570000, 'Có hiệu lực'),
(363, '06-12-2024', 570000, 'Có hiệu lực'),
(364, '06-12-2024', 570000, 'Có hiệu lực'),
(365, '06-12-2024', 570000, 'Có hiệu lực'),
(366, '06-12-2024', 570000, 'Có hiệu lực'),
(367, '06-12-2024', 570000, 'Có hiệu lực'),
(368, '06-12-2024', 570000, 'Có hiệu lực'),
(369, '06-12-2024', 570000, 'Có hiệu lực'),
(370, '06-12-2024', 570000, 'Có hiệu lực'),
(371, '06-12-2024', 570000, 'Có hiệu lực'),
(372, '06-12-2024', 570000, 'Có hiệu lực'),
(373, '06-12-2024', 570000, 'Có hiệu lực'),
(374, '06-12-2024', 570000, 'Có hiệu lực'),
(375, '06-12-2024', 570000, 'Có hiệu lực'),
(376, '06-12-2024', 570000, 'Có hiệu lực'),
(377, '06-12-2024', 570000, 'Có hiệu lực'),
(378, '06-12-2024', 570000, 'Có hiệu lực'),
(379, '06-12-2024', 570000, 'Có hiệu lực'),
(380, '06-12-2024', 570000, 'Có hiệu lực'),
(381, '06-12-2024', 570000, 'Có hiệu lực'),
(382, '06-12-2024', 570000, 'Có hiệu lực'),
(383, '06-12-2024', 570000, 'Có hiệu lực'),
(384, '06-12-2024', 570000, 'Có hiệu lực'),
(385, '06-12-2024', 570000, 'Có hiệu lực'),
(386, '06-12-2024', 570000, 'Có hiệu lực'),
(387, '06-12-2024', 570000, 'Có hiệu lực'),
(388, '06-12-2024', 570000, 'Có hiệu lực'),
(389, '06-12-2024', 570000, 'Có hiệu lực'),
(390, '06-12-2024', 570000, 'Có hiệu lực'),
(391, '06-12-2024', 570000, 'Có hiệu lực'),
(392, '06-12-2024', 570000, 'Có hiệu lực'),
(393, '06-12-2024', 570000, 'Có hiệu lực'),
(394, '06-12-2024', 570000, 'Có hiệu lực'),
(395, '06-12-2024', 250000, 'Có hiệu lực'),
(396, '06-12-2024', 250000, 'Có hiệu lực'),
(397, '06-12-2024', 250000, 'Có hiệu lực'),
(398, '06-12-2024', 250000, 'Có hiệu lực'),
(399, '06-12-2024', 250000, 'Có hiệu lực'),
(400, '06-12-2024', 250000, 'Có hiệu lực'),
(401, '06-12-2024', 250000, 'Có hiệu lực'),
(402, '06-12-2024', 250000, 'Có hiệu lực'),
(403, '06-12-2024', 250000, 'Có hiệu lực'),
(404, '06-12-2024', 250000, 'Có hiệu lực'),
(405, '06-12-2024', 250000, 'Có hiệu lực'),
(406, '06-12-2024', 250000, 'Có hiệu lực'),
(407, '06-12-2024', 250000, 'Có hiệu lực'),
(408, '06-12-2024', 250000, 'Có hiệu lực'),
(409, '06-12-2024', 250000, 'Có hiệu lực'),
(410, '06-12-2024', 250000, 'Có hiệu lực'),
(411, '06-12-2024', 250000, 'Có hiệu lực'),
(412, '06-12-2024', 250000, 'Có hiệu lực'),
(413, '06-12-2024', 250000, 'Có hiệu lực'),
(414, '06-12-2024', 250000, 'Có hiệu lực'),
(415, '06-12-2024', 250000, 'Có hiệu lực'),
(416, '06-12-2024', 250000, 'Có hiệu lực'),
(417, '06-12-2024', 250000, 'Có hiệu lực'),
(418, '06-12-2024', 250000, 'Có hiệu lực'),
(419, '06-12-2024', 250000, 'Có hiệu lực');

-- --------------------------------------------------------

--
-- Table structure for table `giadouong`
--

CREATE TABLE `giadouong` (
  `ma_du` int(11) NOT NULL,
  `madvt` int(11) NOT NULL,
  `giadouong` int(11) NOT NULL,
  `trangthai` varchar(50) DEFAULT NULL
) ENGINE=InnoDB DEFAULT CHARSET=utf8mb4 COLLATE=utf8mb4_general_ci;

--
-- Dumping data for table `giadouong`
--

INSERT INTO `giadouong` (`ma_du`, `madvt`, `giadouong`, `trangthai`) VALUES
(2, 2, 24000, 'Còn hàng'),
(3, 2, 28000, 'Còn hàng'),
(4, 2, 30000, 'Còn hàng'),
(5, 2, 24000, 'Còn hàng'),
(6, 2, 21000, 'Còn hàng'),
(7, 2, 26000, 'Còn hàng'),
(8, 2, 27000, 'Còn hàng'),
(9, 2, 23000, 'Còn hàng'),
(10, 2, 16000, 'Còn hàng'),
(11, 2, 13000, 'Còn hàng'),
(12, 2, 13000, 'Còn hàng'),
(13, 1, 540000, 'Còn hàng'),
(14, 1, 610000, 'Còn hàng'),
(15, 1, 640000, 'Còn hàng'),
(16, 1, 550000, 'Còn hàng'),
(17, 1, 440000, 'Còn hàng'),
(18, 1, 560000, 'Còn hàng'),
(19, 1, 580000, 'Còn hàng'),
(20, 1, 510000, 'Còn hàng'),
(21, 1, 360000, 'Còn hàng'),
(22, 1, 180000, 'Còn hàng'),
(23, 1, 260000, 'Còn hàng');

-- --------------------------------------------------------

--
-- Table structure for table `hopdong`
--

CREATE TABLE `hopdong` (
  `sohd` int(11) NOT NULL,
  `sopdt` int(11) NOT NULL,
  `manv` int(11) NOT NULL,
  `tenkh` varchar(255) NOT NULL,
  `diachikh` varchar(255) NOT NULL,
  `dienthoaikh` varchar(15) NOT NULL,
  `diachinh` varchar(255) NOT NULL,
  `dienthoainh` varchar(15) NOT NULL,
  `tongsoban` int(20) NOT NULL,
  `thucdon` varchar(255) NOT NULL,
  `ngaylap` date NOT NULL,
  `tongtien` int(20) NOT NULL
) ENGINE=InnoDB DEFAULT CHARSET=utf8mb4 COLLATE=utf8mb4_general_ci;

-- --------------------------------------------------------

--
-- Table structure for table `khachhang`
--

CREATE TABLE `khachhang` (
  `makh` int(11) NOT NULL,
  `hoten` varchar(255) NOT NULL,
  `sodt` varchar(20) NOT NULL,
  `email` varchar(255) NOT NULL,
  `socccd` varchar(20) NOT NULL,
  `ngaycap` date NOT NULL,
  `noicap` varchar(255) NOT NULL,
  `so_nha` varchar(50) NOT NULL,
  `tinh_thanhpho` int(11) NOT NULL,
  `quan_huyen` int(11) NOT NULL,
  `phuong_xa` int(11) NOT NULL
) ENGINE=InnoDB DEFAULT CHARSET=utf8mb4 COLLATE=utf8mb4_general_ci;

--
-- Dumping data for table `khachhang`
--

INSERT INTO `khachhang` (`makh`, `hoten`, `sodt`, `email`, `socccd`, `ngaycap`, `noicap`, `so_nha`, `tinh_thanhpho`, `quan_huyen`, `phuong_xa`) VALUES
(1, 'Nguyễn Văn A', '0312456985', 'nguyenvanA@gmail.com', '02136547899', '2023-02-13', 'Cục Cảnh sát quản lý hành chính về trật tự xã hội', '233, Nguyễn Văn Cừ', 59, 662, 1982),
(2, 'Lâm Quang B', '0123654785', 'lamquangB@gmail.com', '01236255511', '2022-11-29', 'Cục Cảnh sát quản lý hành chính về trật tự xã hội', '46A, CMT8', 59, 664, 1999),
(3, 'Đoàn Trung C', '0123546987', 'doantrungC@gmail.com', '02356987444', '2023-09-13', 'Cục Cảnh sát quản lý hành chính về trật tự xã hội', '352, Hùng Vương', 63, 697, 7703),
(4, 'Trình Đình D', '0235648974', 'trinhdinhD@gmail.com', '023546897125', '0000-00-00', 'Cục Cảnh sát quản lý hành chính về trật tự xã hội', '23', 16, 175, 3152),
(5, 'Trình Đình D', '012', 'trinhdinhC@gmail.com', '925684125874', '0000-00-00', 'Cục Cảnh sát quản lý hành chính về trật tự xã hội', '23', 16, 176, 3168),
(6, 'Huỳnh Văn E', '0125468795', 'huynhvanE@gmail.com', '859645789654', '0000-00-00', 'Cục cảnh sát', '234', 17, 189, 3370),
(7, 'Nguyễn Châu F', '0125478954', 'nguyenchauF@gmail.com', '985641257845', '0000-00-00', 'Cục cảnh sát', '12', 17, 184, 3287),
(8, 'Nguyễn Châu F', '0125478954', 'nguyenchauF@gmail.com', '985641257845', '0000-00-00', 'Cục cảnh sát', '12', 17, 184, 3287),
(9, 'Nguyễn Châu F', '0125478954', 'nguyenchauF@gmail.com', '985641257845', '0000-00-00', 'Cục cảnh sát', '12', 17, 184, 3287),
(10, 'Nguyễn Châu F', '0125478954', 'nguyenchauF@gmail.com', '985641257845', '0000-00-00', 'Cục cảnh sát', '12', 17, 184, 3287),
(11, 'Nguyễn Châu F', '0125478954', 'nguyenchauF@gmail.com', '985641257845', '0000-00-00', 'Cục cảnh sát', '12', 17, 184, 3287),
(12, 'Nguyễn Châu F', '0125478954', 'nguyenchauF@gmail.com', '985641257845', '0000-00-00', 'Cục cảnh sát', '12', 17, 184, 3287),
(13, 'Nguyễn Châu F', '0125478954', 'nguyenchauF@gmail.com', '985641257845', '0000-00-00', 'Cục cảnh sát', '12', 17, 184, 3287),
(14, 'Nguyễn Châu F', '0125478954', 'nguyenchauF@gmail.com', '985641257845', '0000-00-00', 'Cục cảnh sát', '12', 17, 184, 3287),
(15, 'Nguyễn Châu F', '0125478954', 'nguyenchauF@gmail.com', '985641257845', '0000-00-00', 'Cục cảnh sát', '12', 17, 184, 3287),
(16, 'Nguyễn Châu F', '0125478954', 'nguyenchauF@gmail.com', '985641257845', '0000-00-00', 'Cục cảnh sát', '12', 17, 184, 3287),
(17, 'Nguyễn Châu F', '0125478954', 'nguyenchauF@gmail.com', '985641257845', '0000-00-00', 'Cục cảnh sát', '12', 17, 184, 3287),
(18, 'Nguyễn Châu F', '0125478954', 'nguyenchauF@gmail.com', '985641257845', '0000-00-00', 'Cục cảnh sát', '12', 17, 184, 3287),
(19, 'Nguyễn Châu F', '0125478954', 'nguyenchauF@gmail.com', '985641257845', '0000-00-00', 'Cục cảnh sát', '12', 17, 184, 3287),
(20, 'Nguyễn Châu F', '0125478954', 'nguyenchauF@gmail.com', '985641257845', '0000-00-00', 'Cục cảnh sát', '12', 17, 184, 3287),
(21, 'Huỳnh Văn G', '5478965478', 'huynhvanG@gmail.com', '985647854784', '0000-00-00', 'Cục cảnh sát', '12', 16, 176, 3171),
(22, 'Huỳnh Văn G', '5478965478', 'huynhvanG@gmail.com', '985647854784', '0000-00-00', 'Cục cảnh sát', '12', 16, 176, 3171),
(23, 'Lâm Dung H', '2664125789', 'lamdungH@gmail.com', '985647859546', '0000-00-00', 'Cục cảnh sát', '78', 16, 178, 3204),
(24, 'Lâm Dung H', '2664125789', 'lamdungH@gmail.com', '985647859546', '0000-00-00', 'Cục cảnh sát', '78', 16, 178, 3204),
(25, 'Lâm Dung H', '2664125789', 'lamdungH@gmail.com', '985647859546', '0000-00-00', 'Cục cảnh sát', '78', 16, 178, 3204),
(26, 'Lưu Học I', '0243658974', 'luuhocI@gmail.com', '457896541245', '0000-00-00', 'Cục cảnh sát', '52', 19, 207, 3689),
(27, 'Trịnh Công J', '0456127895', 'trinhcongJ@gmail.com', '965842132547', '0000-00-00', 'Cục cảnh sát', '78', 16, 177, 3184),
(28, 'Nguyễn Hoàng S', '3456789024', 'xhgjkl@gmail.com', '234567890987', '2011-06-13', 'dfghjlk;', '2345,sdfgdf', 17, 188, 3347),
(29, 'Hoàng Linh W', '1234356677', 'sdfgdfh@gmail.com', '12435465767', '2016-09-07', 'sdfsgfhj', '21345y,dgfdfhg', 19, 206, 3672),
(30, 'Trịnh Giang H', '1234565354', 'trinhgiangH@gmail.com', '1234567898765', '2020-10-13', 'Cục quản lý', '2345,sdfg', 9, 101, 1701),
(31, 'Khuynh Hoàng F', '12324543324', 'khuynhhoangF@gmail.com', '1234564532121', '2024-11-15', 'Cục quản lý', '243,huỳnh cương', 59, 664, 2004),
(32, 'Huỳnh Thị S', '0213564789', 'huynhthiS@gmail.com', '012547896523', '2023-02-13', 'Cục quản lý', '123A, Huỳnh Cương', 11, 122, 2222),
(33, 'Lâm Thanh L', '5841236547', 'lamthanh@gmail.com', '012345678971', '2022-02-22', 'Cục quản lý', '311/89/18, NVC', 59, 662, 1982),
(34, 'Sang Kung R', '5478214698', 'sangkungR@gmail.com', '089541236589', '2022-01-09', 'Cục quản lý', '29A', 59, 662, 1985),
(35, 'Trần Văn T', '0458712569', 'tranvanT@gmail.com', '095412563247', '2021-06-15', 'Cục quản lý', '345F', 59, 662, 1990),
(36, 'Khanh Bin C', '5123698425', 'khanhbinC@gmail.com', '054127854698', '2021-10-19', 'Cục quản lý', '67D', 59, 662, 1982),
(37, 'Trương Nghiệp Quỳnh', '0984038537', 'truongquynh@gmail.com', '093562145278', '2022-10-18', 'Cục quản lý', '89H', 48, 538, 6912),
(38, 'Giang Mị K', '0548712546', 'giangmi@gmail.com', '0458712569', '2024-12-24', 'Cục quản lý', '389', 19, 207, 3689),
(39, 'Đàm Khoang G', '0124578965', 'khoang@gmail.com', '045217896547', '2024-12-17', 'Cục quản lý', '123', 20, 219, 3867),
(40, 'Trương Quao M', '5412896325', 'truongquaoM@gmail.com', '093562145278', '2022-10-18', 'Cục quản lý', '89H', 48, 538, 6912),
(41, 'Lâm Như', '0941729910', 'lamnhu@gmail.com', '096302012308', '2021-06-05', 'Cục quản lý', '311/89/18, NVC', 59, 662, 1982),
(42, 'Trần Bạch Bảo Khanh', '0794202799', 'baokhanh@gmail.com', '095236147844', '2021-09-13', 'Cục quản lý', '23', 59, 662, 1985),
(43, 'Phan Tấn Z', '0547896512', 'phantanZ@gmail.com', '096325125558', '2023-10-19', 'Cục quản lý', '67', 50, 561, 7221),
(44, 'Loan Thị R', '0785412365', 'loanthiR@gmail.com', '035674523689', '2022-10-19', 'Cục quản lý', '456R', 17, 186, 3308),
(45, 'sdfdgfg', '1421563052', 'sadsxc@gmail.com', '1598452342', '2022-02-16', 'dsfgdfds', '23s', 17, 187, 3325),
(46, 'sdfgfn', '14852636942', 'sdfgf@gmail.com', '4785205223', '2024-12-11', 'sdfbvn', 'sadfb', 17, 188, 3343),
(47, 'Đoàn Thị Điểm', '0123456789', 'doanthidiem@gmail.com', '089652314778', '2024-12-19', 'Cục quản lý', '12', 19, 209, 3733),
(48, 'sdfgndgfbngb', '2345653445', 'sdvbcvn@gmail.com', '87654312345', '2022-10-25', 'fhgjkldc', '1234', 15, 163, 2920),
(49, 'Phạm Văn A', '0845213658', 'sdfgh@gmail.com', '1235465432', '2024-12-27', 'sadsfcv', '23243', 10, 108, 1809),
(50, 'sdffdgfhgn', '24356756', 'sdfxfcbvn@gmailcom', '234567665', '2024-12-11', 'sdfgcvnbn', 'sdfgfb', 21, 229, 4013),
(51, 'ádfghmb', '2345676', 'sdfzxgcnv@gmail.com', '21345465768', '2024-12-07', 'sdzfxgcvb', '34354', 2, 33, 613),
(52, 'Đoàn Trung Hậu', '0123546987', 'doantrungC@gmail.com', '02356987444', '2024-12-19', 'Cục Cảnh sát quản lý hành chính về trật tự xã hội', '352, Hùng Vương', 19, 208, 3717),
(53, 'dfgn', '234567', 'qdsfgh@gmail.com', '12345675687i', '2024-12-19', 'szdxfcbvbn', '23454y5', 22, 239, 4274),
(54, 'sdfgnbm', '2345', 'dfxgcvnb@gmail.com', '234536', '2024-12-18', 'sdfcbvn ', 'sdfghmbn', 17, 186, 3308),
(55, 'sdfxcbnn', '23456u', 'sdfgcvnb@gmail.com', '23456yut', '2024-12-05', 'SDFGCBNVB', 'sdfb', 19, 207, 3690),
(56, 'sdfgnm', '2345ytuy', 'sdfg@gmail.com', 'sdfbvnb', '2024-12-05', 'fcbv ', 'sdfxgcnvb', 18, 194, 3450),
(57, 'dfghvbn', '31243rt', 'df@gmail.com', '123456y', '2024-11-06', 'dsfdgfnb', 'fdb', 18, 193, 3439),
(58, 'dàgnb', '2345eyr', 'adsvcv@gmail.com', '2345rt', '2024-12-05', 'dfvcbv', 'sdfcbv', 16, 177, 3183),
(59, 'sdfvbc', '2345', 'adsfdv@gmail.com', '23243t', '2024-12-10', 'sdsfvc v', 'ưefdgbf', 19, 204, 3636),
(60, 'sdfcbvn', '2345', 'dsfdv@gmail.com', '2324354t', '2024-12-20', 'fbvb', 'àdgfnb', 19, 205, 3654),
(61, 'dfsdgnvb', '2345etry', 'sfd@gmail.com', '234etryt', '2024-12-05', 'dfdbvb', 'adfv', 19, 205, 3655),
(62, 'sfdgfhmh', '32425365u', 'szxcv@gmail.com', '2345676878', '2024-12-13', 'dfdgnbn', 'sdfvcbvnb', 7, 78, 1349),
(63, 'fgcvbn', '34534yt', 'sdfgcnv@gmail.com', '23435', '2024-11-13', 'sdfxcbn', 'àgdfg', 19, 206, 3671),
(64, 'cvbn', '345yt', 'sdsfdbn@gmail.com', '234253465y', '2024-12-05', 'fgfhgh', 'édgfg', 17, 187, 3327),
(65, 'dgfg', '345346', 'sfdgf@gmail.com', '234354', '2024-08-08', 'dfdgfngn', '234t', 62, 693, 7668),
(66, 'édgfh', '2345', 'adsfdf@gmail.com', '324563456', '2024-11-14', 'dfxcbvnb', '23435', 63, 697, 7703),
(67, 'sdfdgfg', '345y', 'sdsfgd@gmail.com', '345y', '2024-12-12', 'sdfgcvnb', '23453', 2, 31, 580),
(68, 'sdadfsgdhfgm', '2345y', 'sadsfdgvb@gmail.com', '2345465', '2024-08-15', 'édfgh', 'fg', 62, 691, 7647),
(69, 'sadsfdgfg', '234354', 'dfdbcvb@gmail.com', '322435465', '2024-09-19', 'sadsfdghfg', '123243', 60, 672, 2073),
(70, 'fdgcbvnb', '23456', 'sdfdgfb@gamil.com', '345676', '2024-12-22', 'dfdgfhgh', 'dsfdgfh', 14, 153, 2741),
(71, 'sdsfgf', '232435645', 'dsfdgf@gmail.com', '2324354', '2022-06-21', 'fxcbvnbn', 'sdfv', 19, 198, 3516),
(72, 'sdfgvnbn', '3435465u', 'sdfhg@mail.com', '34567yuo', '2024-12-07', 'dsfgdfg', 'àgdf', 15, 158, 2814),
(73, 'dfgchvb', '34567uyi', 'srtdfgjhj@gmail.com', '3456457', '2024-12-18', 'dhfgjhm', '345646', 21, 233, 4098),
(74, 'sdfghvb', '3546756', 'adsfdgf@gmail.com', '2324565', '2024-12-20', 'sdfg', 'dsfdfg', 17, 187, 3326),
(75, 'sdfghj', '234567', 'sadfsg@gmail.com', '32456', '2024-10-15', 'adsfdghgh', 'ưaersdfgh', 17, 187, 3324),
(76, 'sdsfgdh', '23456', 'dfdgh@gmail.com', '23456r', '2024-09-19', 'dfxgcf', 'fdghvnb', 17, 182, 3252),
(77, 'fghvbmn,m', '23456', 'fgcvbn@gmail.com', '3453456', '2024-12-25', 'àdgfhg', 'édhgf', 18, 190, 3392),
(78, 'sdfbgnm', '234536457', 'sfdgfgb@gmail.com', '23456457u6', '2024-12-13', 'sdgfhgh', 'ưesdghfg', 17, 182, 3255),
(79, 'sfdasghdf', '23435', 'aesrdgfh@gmail.com', '1234234', '2024-12-10', 'ưaesfdgf', '2345', 14, 156, 2798),
(80, 'ádfgdfhjgh', '32456', 'fdg@gmail.com', '12343546', '2024-08-07', 'sadsfdghgn', 'sadsfdgnvb', 17, 182, 3254),
(81, 'Nguyễn Lâm Tâm Như', '0913102810', 'nhub2003799@student.ctu.edu.vn', '096302012308', '2021-06-05', 'Cục Cảnh sát quản lý hành chính về trật tự xã hội', '311/89/18, Nguyễn Văn Cừ', 59, 662, 1982),
(82, 'Đoàn Trung Hậu', '0941729910', 'doantrunghau@gmail.com', '096541238874', '2021-06-23', 'Cục Cảnh sát quản lý hành chính về trật tự xã hội', '352, Hùng Vương', 59, 662, 1986),
(83, 'Nguyễn Lâm Tâm Như', '0913102810', 'nhub2003799@student.ctu.edu.vn', '096302012308', '2024-11-07', 'Cục Cảnh sát quản lý hành chính về trật tự xã hội', '311/89/18, Nguyễn Văn Cừ', 13, 140, 2544),
(84, 'Đoàn Trung C', '0123546987', 'doantrungC@gmail.com', '02356987444', '2024-12-23', 'Cục Cảnh sát quản lý hành chính về trật tự xã hội', '352, Hùng Vương', 21, 231, 4060),
(85, 'Đoàn Trung C', '0941729910', 'doantrungC@gmail.com', '02356987444', '2024-09-12', 'Cục Cảnh sát quản lý hành chính về trật tự xã hội', '352, Hùng Vương', 12, 127, 2308);

-- --------------------------------------------------------

--
-- Table structure for table `loaimon`
--

CREATE TABLE `loaimon` (
  `ma_lm` int(11) NOT NULL,
  `ten_lm` varchar(100) NOT NULL,
  `MaChayMan` int(11) NOT NULL
) ENGINE=InnoDB DEFAULT CHARSET=utf8mb4 COLLATE=utf8mb4_general_ci;

--
-- Dumping data for table `loaimon`
--

INSERT INTO `loaimon` (`ma_lm`, `ten_lm`, `MaChayMan`) VALUES
(1, 'Các món súp', 2),
(2, 'Các món gà, chim bồ câu', 2),
(3, 'Các món vịt', 2),
(4, 'Các món bò, dê, cừu', 2),
(5, 'Các món heo', 2),
(6, 'Các món hải sản', 2),
(7, 'Các món lẩu', 2),
(8, 'Các món cơm', 2),
(9, 'Các Món Súp', 1),
(10, 'Các Món Tráng Miệng', 1),
(11, 'Các Món Khai Vị', 1),
(12, 'Các món khai vị ', 2),
(14, 'Các Món Lẩu', 1),
(15, 'Các Món Cơm', 1),
(16, 'Các Món Bò', 1),
(17, 'Các Món Gà', 1),
(18, 'Các Món Heo', 1),
(19, 'Các món tráng miệng', 2);

-- --------------------------------------------------------

--
-- Table structure for table `loaitiec`
--

CREATE TABLE `loaitiec` (
  `malt` int(11) NOT NULL,
  `tenlt` varchar(255) NOT NULL
) ENGINE=InnoDB DEFAULT CHARSET=utf8mb4 COLLATE=utf8mb4_general_ci;

--
-- Dumping data for table `loaitiec`
--

INSERT INTO `loaitiec` (`malt`, `tenlt`) VALUES
(1, 'Đám cưới'),
(2, 'Sinh nhật'),
(3, 'Đầy tháng');

-- --------------------------------------------------------

--
-- Table structure for table `monan`
--

CREATE TABLE `monan` (
  `ma_ma` int(11) NOT NULL,
  `ma_loaimon` int(11) NOT NULL,
  `ma_nhommon` int(11) NOT NULL,
  `MaChayMan` int(11) NOT NULL,
  `ten_ma` varchar(255) NOT NULL,
  `hinh_anh` varchar(255) DEFAULT NULL
) ENGINE=InnoDB DEFAULT CHARSET=utf8mb4 COLLATE=utf8mb4_general_ci;

--
-- Dumping data for table `monan`
--

INSERT INTO `monan` (`ma_ma`, `ma_loaimon`, `ma_nhommon`, `MaChayMan`, `ten_ma`, `hinh_anh`) VALUES
(1, 1, 4, 2, 'Súp hải sản vị rong biển', 'uploads/suphaisanvirongbien.jpg'),
(2, 1, 4, 2, 'Súp bắp cua', 'uploads/supbapcua.jpg'),
(3, 1, 4, 2, 'Súp cua hải sản tóc tiên', 'uploads/supcuahaisantoctien.png'),
(4, 1, 4, 2, 'Súp óc heo hải sản rau củ', 'uploads/supocheohaisanraucu.jpg'),
(5, 1, 4, 2, 'Súp gà nấm tuyết', 'uploads/supganamtuyet.png'),
(6, 1, 4, 2, 'Súp bong bóng cá cua', 'uploads/supbongbongcacua.jpg'),
(7, 1, 4, 2, 'Súp cua tuyết nhỉ', 'uploads/supcuatuyetnhi.png'),
(8, 1, 4, 2, 'Súp kem bí đỏ', 'uploads/supkembido.jpg'),
(9, 1, 4, 2, 'Súp cua nấm mỡ rong biển', 'uploads/supcuanammorongbien.jpg'),
(10, 1, 4, 2, 'Súp cua hải sản nấm bào ngư', 'uploads/supcuahaisannambaongu.jpg'),
(11, 1, 4, 2, 'Súp bong bóng cá hải sản', 'uploads/supbongbongcahaisan.png'),
(12, 1, 4, 2, 'Súp cua trứng cút', 'uploads/supcuatrungcut.png'),
(13, 1, 4, 2, 'Súp bắp cua hải sản', 'uploads/supbapcuahaisan.jpg'),
(14, 1, 4, 2, 'Súp kem bó xôi', 'uploads/supkemboxoi.jpg'),
(15, 1, 4, 2, 'Súp sò điệp hải sản Triều Châu', 'uploads/supxodiephaisantrieuchau.png'),
(16, 1, 4, 2, 'Súp sò điệp bong bóng cá cua', 'uploads/supsodiepbongbongcacua.png'),
(17, 1, 4, 2, 'Súp bích ngọc hải sản', 'uploads/supbichngochaisan.png'),
(18, 1, 4, 2, 'Súp cua hải sản sâm sò điệp', 'uploads/supcuahaisansamsodiep.png'),
(19, 1, 4, 2, 'Súp hải sản nấm thông', 'uploads/suphaisannamthong.jpg'),
(20, 1, 4, 2, 'Súp cua hải sản nấm mỡ', 'uploads/supcuahaisannammo.png'),
(21, 1, 4, 2, 'Súp hải sản Thái Lan', 'uploads/suphaisanthailan.png'),
(22, 1, 4, 2, 'Súp măng tây cua rỉa', 'uploads/supmangtaycuaria.jpg'),
(23, 1, 4, 2, 'Súp măng tây cua hải sản', 'uploads/supmangtaycuahaisan.jpg'),
(24, 1, 4, 2, 'Súp sơn hào hải vị ', 'uploads/supsonhaohaivi.png'),
(25, 1, 4, 2, 'Súp bào ngư nấm đông cô, cua rỉa', 'uploads/supbaongunamdongcocuaria.jpg'),
(26, 1, 4, 2, 'Súp bào ngư hải sản', 'uploads/supbaonguhaisan.png'),
(27, 1, 4, 2, 'Súp vịt trời hầm sâm Hàn Quốc', 'uploads/supvittroihamsamhanquoc.png'),
(28, 1, 4, 2, 'Súp bào ngư vi cá', 'uploads/supbaonguvica.png'),
(29, 1, 4, 2, 'Súp vi cá hải sản', 'uploads/supvicahaisan.png'),
(30, 1, 4, 2, 'Súp vi cá cua', 'uploads/supvicacua.png'),
(31, 1, 4, 2, 'Súp tổ yến', 'uploads/suptoyen.jpg'),
(32, 1, 4, 2, 'Súp tổ yến cua hải sản', 'uploads/suptoyencuahaisan.jpg'),
(33, 1, 4, 2, 'Súp tổ yến tóc tiên sò điệp', 'uploads/suptoyentoctiensodiep.png'),
(34, 1, 4, 2, 'Súp tổ yến hạt sen cua rỉa', 'uploads/suptoyenhatsencuaria.jpg'),
(35, 1, 4, 2, 'Súp tổ yến bào ngư vi cá', 'uploads/suptoyenbaonguvica.png'),
(36, 2, 4, 2, 'Gà hấp cải phụng đông cô + Xôi lá cẩm/Đậu phộng', 'uploads/gahapcaiphung.png'),
(37, 2, 4, 2, 'Gà nướng mật ong, muối hồng + Xôi chiên', 'uploads/ganuongmatongxoichien.jpg'),
(38, 2, 4, 2, 'Gà nướng mật ong + Xôi bắp', 'uploads/ganuongmatongxoibap.jpg'),
(39, 2, 4, 2, 'Gà nướng cay Hàn Quốc + Bánh bao', 'uploads/ganuongcayhanquocbanhbao.jpg'),
(40, 2, 4, 2, 'Gà quay Hồng Kông + Xôi mặn', 'uploads/gaquayhongkongxoiman.png'),
(41, 2, 4, 2, 'Gà nước sốt Thái + Xôi chiên', 'uploads/ganuongsotthaixoichien.jpg'),
(42, 2, 4, 2, 'Gà hấp rau răm + Xôi đậu phộng', 'uploads/gahaprauramxoidauphong.jpg'),
(43, 2, 4, 2, 'Gà hấp tỏi + Xôi bắp', 'uploads/gahaptoixoibap.jpg'),
(44, 2, 4, 2, 'Gà dạo vườn chanh + Xôi', 'uploads/gadaovuonchanhxoi.jpg'),
(45, 2, 4, 2, 'Phượng hoàng tắm nắng + Xôi bắp', 'uploads/phuonghoangtamnangxoibap.png'),
(46, 2, 4, 2, 'Gà quay lu + Xôi lạp xưởng, tôm khô', 'uploads/gaquayluxoilapxuong.jpg'),
(47, 2, 4, 2, 'Gà hấp nấm đông cô, sốt dầu hàu + Xôi', 'uploads/gahapnamdongcoxoi.png'),
(48, 2, 4, 2, 'Gà nấu đậu + Bánh mì', 'uploads/gânudaubanhmi.jpg'),
(49, 2, 4, 2, 'Gà nấu cari + Bánh mì', 'uploads/gânucaribanhmi.jpg'),
(50, 2, 4, 2, 'Gà nấu cá mòi + Bánh mì', 'uploads/gânucamoibanhmi.jpg'),
(51, 2, 4, 2, 'Gà hấp cải xanh, nấm đông cô + Xôi', 'uploads/gahapcaixanhnamdongcoxoi.jpg'),
(52, 2, 4, 2, 'Gà nấu ngũ quả + Bánh mì', 'uploads/gânunguquabanhmi.jpg'),
(53, 2, 4, 2, 'Gà hầm táo đỏ hạt sen + Bánh mì', 'uploads/gahamtaodohatsenbanhmi.jpg'),
(54, 2, 4, 2, 'Gà tre hấp nước mắm + Xôi', 'uploads/gatrehapnuocmamxoi.jpg'),
(55, 2, 4, 2, 'Gà tre quay + Bánh bao', 'uploads/gatrequaybanhbao.jpg'),
(56, 2, 4, 2, 'Xôi gà tre', 'uploads/xoigatre.jpg'),
(57, 2, 4, 2, 'Gà cung đình + Bánh bao hấp/chiên', 'uploads/gacungdinhbanhbaohapchien.png'),
(58, 2, 4, 2, 'Đùi gà rút xương nướng lá hương thảo, xốt nấm + Rau củ', 'uploads/duigarutxuongnuongsotnamraucu.png'),
(59, 2, 4, 2, 'Gà cuộn kim sa đúc lò sốt kem, vang đỏ + Khoai tây chiên', 'uploads/gacuonkimsasotkemkhoaitaychien.jpg'),
(60, 2, 4, 2, 'Gà ác, gân heo hầm thảo mộc', 'uploads/gaacganheohamthaomoc.jpg'),
(61, 2, 4, 2, 'Bồ câu hầm thảo mộc hạt sen', 'uploads/bocauhamthaomochatsen.jpg'),
(62, 2, 4, 2, 'Chim trĩ quay + Xôi chiên', 'uploads/chimtriquayxoichien.jpg'),
(63, 2, 4, 2, 'Chim trĩ nướng mắm nhỉ', 'uploads/chimtrinuongmamnhi.jpg'),
(64, 2, 4, 2, 'Chim trĩ xối mỡ + Xôi lá cẩm', 'uploads/chimtrixoimoxoilacam.jpg'),
(65, 2, 4, 2, 'Chim trĩ hấp cải xanh, nấm đông cô', 'uploads/chimtrihapcaixanhnamdongco.jpg'),
(66, 2, 4, 2, 'Chim trĩ xào lăn + Bánh mì', 'uploads/chimtrixaolanbanhmi.jpg'),
(67, 2, 4, 2, 'Chim trĩ nấu cari + Bánh mì', 'uploads/chimtricaribanhmi.jpg'),
(68, 3, 4, 2, 'Vịt nấu chanh muối + Bánh mì', 'uploads/vitnauchanhmuoibanhmi.jpg'),
(69, 3, 4, 2, 'Vịt xiêm nấu cam + Bánh mì', 'uploads/vitxiemnaucambanhmi.jpg'),
(70, 3, 4, 2, 'Vịt xiêm nấu Bắc Kinh + Bánh mì', 'uploads/vitxiembackinhbanhmi.png'),
(71, 3, 4, 2, 'Vịt xiêm nấu tiêu + Bánh mì', 'uploads/vitxiemnautieubanhmi.png'),
(72, 3, 4, 2, 'Vịt xiêm nấu cari + Bánh mì', 'uploads/vitxiemcaribanhmi.jpg'),
(73, 3, 4, 2, 'Vịt xiêm nấu cari chà + Bánh mì', 'uploads/vitxiemcarichabanhmi.jpg'),
(74, 3, 4, 2, 'Vịt nấu tam bửu + Bánh mì', 'uploads/vitnautambuubanhmi.jpg'),
(75, 3, 4, 2, 'Vịt tiềm đông cô củ sen + Bánh mì', 'uploads/vittiemcusenbanhmi.png'),
(76, 3, 4, 2, 'Vịt quay Quảng Đông + Bánh bao', 'uploads/vitquayquangdongbanhbao.jpg'),
(77, 3, 4, 2, 'Vịt xiêm hầm ngũ quả + Bánh mì', 'uploads/vitxiemhamnguquabanhmi.jpg'),
(78, 3, 4, 2, 'Giang nam dã hạc + Bánh bao', 'uploads/giangnamdahacbanhbao.jpg'),
(79, 3, 4, 2, 'Vịt quay sốt nấm đông cô + Bánh mì', 'uploads/vitquaysotnamdongcobanhmi.png'),
(80, 3, 4, 2, 'Vịt quay sốt tiêu + Bánh bao', 'uploads/vitquaysottieubanhbao.jpg'),
(81, 3, 4, 2, 'Ức vịt xông khói đút lò sốt cam/Sốt tiêu', 'uploads/ucvitxongkhoidutloxotcam.jpg'),
(82, 4, 4, 2, 'Bò nấu đậu + Bánh mì', 'uploads/bonaudaubanhmi.jpg'),
(83, 4, 4, 2, 'Bò nấu Malaysia + Bánh mì', 'uploads/bonaumalaysiabanhmi.jpg'),
(84, 4, 4, 2, 'Bò nấu Tay Ban Nha + Bánh mì', 'uploads/botaybannhabanhmi.jpg'),
(85, 4, 4, 2, 'Bò nấu rượu vang + Bánh mì', 'uploads/boruouvangbanhmi.jpg'),
(86, 4, 4, 2, 'Bò nấu Bắc Kinh + Bánh mì', 'uploads/bobackinhbanhmi.jpg'),
(87, 4, 4, 2, 'Bò nấu tiêu xanh + Bánh mì', 'uploads/botieuxanhbanhmi.png'),
(88, 4, 4, 2, 'Bò nấu Lagu + Bánh mì', 'uploads/bolagubanhmi.jpg'),
(89, 4, 4, 2, 'Bò nấu sa tế + Bánh mì', 'uploads/bosatebanhmi.jpg'),
(90, 4, 4, 2, 'Bò nấu nho + bánh mì', 'uploads/bonaunhobanhmi.jpg'),
(91, 4, 4, 2, 'Bò nấu cari chà + Bánh mì', 'uploads/bocarichabanhmi.jpg'),
(92, 4, 4, 2, 'Bò úc cuộn phomai sốt BBQ', 'uploads/bouccuonphomaisotbbq.jpg'),
(93, 4, 4, 2, 'Bò úc cuộn bacon sốt tiêu xanh', 'uploads/bocuonbaconsottieuxanh.png'),
(94, 4, 4, 2, 'Bò úc nấu rượu vang kiểu Pháp + Bánh mì', 'uploads/boucruouvangkieuphapbanhmi.jpg'),
(95, 4, 4, 2, 'Bò úc rượu vang + Bánh mì', 'uploads/boucruouvangbanhmi.jpg'),
(96, 4, 4, 2, 'Bò úc sốt Pa tê + Bánh mì', 'uploads/boucsotpatebanhmi.png'),
(97, 4, 4, 2, 'Bò úc nấu cari + Bánh mì', 'uploads/bouccaribanhmi.jpg'),
(98, 4, 4, 2, 'Bò úc nấu tiêu xanh + Bánh mì', 'uploads/bouctieuxanhbanhmi.png'),
(99, 4, 4, 2, 'Gân + Bắp bò xào lăn + Bánh mì', 'uploads/ganbapboxaolanbanhmi.jpg'),
(100, 4, 4, 2, 'Bò úc xào tiêu đen + Bánh mì', 'uploads/botieudenbanhmi.png'),
(101, 4, 4, 2, 'Bò úc nấu đậu + Bánh mì', 'uploads/boucnaudaubanhmi.jpg'),
(102, 4, 4, 2, 'Phi lê bò Mỹ sốt rượu vang + Bánh mì', 'uploads/philebomysotruouvangbanhmi.jpg'),
(103, 4, 4, 2, 'Phi lê bò Mỹ sốt tiêu + Khoai tây chiên', 'uploads/philebomysottieubanhmi.jpg'),
(104, 4, 4, 2, 'Phi lê bò Mỹ sốt nấm + Khoai tây chiên', 'uploads/philebomysotnamkhoaitaychien.png'),
(105, 4, 4, 2, 'Phi lê bò Mỹ sốt mù tạt vàng + Khoai tây chiên', 'uploads/philebomysotmutatkhoaitaychien.png'),
(106, 4, 4, 2, 'Phi lê bò Mỹ cuộn phomai sốt BBQ + Khoai tây chiên', 'uploads/philebomycuonphomaikhoaitaychien.jpg'),
(107, 4, 4, 2, 'Phi lê bò Mỹ, gan ngỗng sốt rượu Nam Mỹ + Khoai tây chiên', 'uploads/philebomyganngongsotruouvangnammy.png'),
(108, 4, 4, 2, 'Phi lê bò Mỹ cuộn rau củ, nấm sốt tiêu xanh + Khoai tây nghiền', 'uploads/philebomycuonraucunamsottieuxanhkhoaitaynghien.jpg'),
(109, 4, 4, 2, 'Bò Fuji sốt vang đỏ + Bánh mì bơ tỏi', 'uploads/bofujisotvangdobanhmibotoi.png'),
(110, 4, 4, 2, 'Dê tơ nấu cari chà + Bánh mì', 'uploads/detocarichabanhmi.jpg'),
(111, 4, 4, 2, 'Dê tơ hấp tía tô', 'uploads/detohaptiato.jpg'),
(112, 4, 4, 2, 'Dê tơ xào lăn + Bánh mì', 'uploads/detoxaolanbanhmi.jpg'),
(113, 4, 4, 2, 'Dê tơ nướng chao đỏ', 'uploads/detonuongchaodo.jpg'),
(114, 4, 4, 2, 'Sườn cừu Úc nướng sốt bạc hà + Khoai tây chiên', 'uploads/suoncuuucsotbachakhoaitaychien.jpg'),
(115, 4, 4, 2, 'Đùi cừu Úc nướng mù tạt vàng, sốt lá hương thảo + Khoai tây chiên', 'uploads/duicuuucmutatvang.png'),
(116, 5, 4, 2, 'Sườn quay + Xôi chiên', 'uploads/suonquayxoichien.png'),
(117, 5, 4, 2, 'Giò heo muối Đức + Xôi đậu phộng/Bánh bò', 'uploads/gioheomuoiducxoidauphong.jpg'),
(118, 5, 4, 2, 'Giò heo giả cầy + Bánh mì', 'uploads/gioheogiacaybanhmi.jpg'),
(119, 5, 4, 2, 'Sườn nấu cá mòi + Bánh mì', 'uploads/suoncamoibanhmi.jpg'),
(120, 5, 4, 2, 'Sườn heo nướng mật ong + Bánh bò', 'uploads/suonheonuongmatongbanhbo.jpg'),
(121, 5, 4, 2, 'Sườn heo nấu đậu + Bánh mì', 'uploads/suonheonaudaubanhmi.jpg'),
(122, 5, 4, 2, 'Bao tử, lưỡi heo nấu đậu + Bánh mì', 'uploads/luoiheonaudaubanhmi.jpg'),
(123, 5, 4, 2, 'Bao tử, lưỡi heo nấu tiêu xanh + Bánh mì', 'uploads/luoiheotieuxanhbanhmi.jpg'),
(124, 5, 4, 2, 'Tam bửu nấu tiêu xanh + Bánh mì', 'uploads/tambuutieuxanhbanhmi.png'),
(125, 5, 4, 2, 'Heo rừng tắm suối/bia', 'uploads/heorungtamsuoibia.jpg'),
(126, 5, 4, 2, 'Heo rừng xào lăn + Bánh mì', 'uploads/heorungxaolanbanhmi.jpg'),
(127, 5, 4, 2, 'Heo rừng nướng chao/nướng ngũ vị', 'uploads/heorungnuongchaonguvi.jpg'),
(128, 5, 4, 2, 'Sườn nướng chao đỏ, mật ong', 'uploads/suonnuongchaodomatong.png'),
(129, 5, 4, 2, 'Sườn nướng mù tạt vàng + Khoai tây chiên', 'uploads/suonnuongmutatvangkhoaichien.jpg'),
(130, 5, 4, 2, 'Sườn quay ngũ vị + Bánh bò', 'uploads/suonquaynguvibanhbo.jpg'),
(131, 5, 4, 2, 'Giò heo hầm tóc tiên, trứng bắc thảo', 'uploads/gioheotoctientrungbacthao.jpg'),
(132, 5, 4, 2, 'Sườn heo nướng BBQ Nam Mỹ + Khoai tây chiên', 'uploads/suonheonuongbbqnammykhoaichien.jpg'),
(133, 5, 4, 2, 'Đuôi heo hầm đậu phộng, táo đỏ', 'uploads/duoiheohamdauphongtaodo.jpg'),
(134, 5, 4, 2, 'Sườn nướng nước tương gừng Teriyaki + Khoai tây chiên', 'uploads/suonnuongnuoctuonggungkhoaichien.jpg'),
(135, 5, 4, 2, 'Heo sữa quay (1/2 con) + Bánh bao/Bánh bò', 'uploads/heoquaynuaconbanhbao.jpg'),
(136, 6, 4, 2, 'Cá lóc nhồi thịt sốt me + Rau, bún, bánh tráng', 'uploads/calocnhoithitsotmeraubun.jpg'),
(137, 6, 4, 2, 'Cá chẽm hấp Hồng Kông', 'uploads/cachemhaphongkong.jpg'),
(138, 6, 4, 2, 'Cá chẽm chưng tương', 'uploads/cachemchungtuong.jpg'),
(139, 6, 4, 2, 'Cá chẽm hấp tứ xuyên', 'uploads/cachemhaptuxuyen.jpg'),
(140, 6, 4, 2, 'Cá chẽm hấp Triều Châu', 'uploads/cachemhaptrieuchau.jpg'),
(141, 6, 4, 2, 'Cá chẽm chiên sốt chanh dây', 'uploads/cachemchiensotchanhday.jpg'),
(142, 6, 4, 2, 'Cá chẽm chiên sốt chua ngọt', 'uploads/cachemchiensotchuangot.jpg'),
(143, 6, 4, 2, 'Cá chẽm chiên sốt Tứ Xuyên', 'uploads/cachemchiensottuxuyen.jpg'),
(144, 6, 4, 2, 'Phi lê cá chẽm sốt chanh dây', 'uploads/philecachemsotchanhday.jpg'),
(145, 6, 4, 2, 'Phi lê cá chẽm sốt chua ngọt', 'uploads/philecachemsotchuangot.jpg'),
(146, 6, 4, 2, 'Phi lê cá chẽm sốt tứ Xuyên', 'uploads/philecachemtuxuyen.png'),
(147, 6, 4, 2, 'Phi lê cá chẽm sốt cam', 'uploads/philecachemsotcam.png'),
(148, 6, 4, 2, 'Cá chẽm hấp kỳ lân', 'uploads/cachemhapkylan.png'),
(149, 6, 4, 2, 'Cá tầm hấp Hồng Kông', 'uploads/catamhaphongkong.jpg'),
(150, 6, 4, 2, 'Cá tầm nấu cari + Bánh mì', 'uploads/catamnaucaribanhmi.jpg'),
(151, 6, 4, 2, 'Cá tầm nướng, sốt nước tương gừng', 'uploads/catamnuongnuoctuonggung.png'),
(152, 6, 4, 2, 'Cá bống mú hấp Hồng Kông ', 'uploads/cabongmuhongkong.jpg'),
(153, 6, 4, 2, 'Cá bống mú hấp Triều Châu', 'uploads/cabongmutrieuchau.jpg'),
(154, 6, 4, 2, 'Cá bống mú hấp Tứ Xuyên', 'uploads/cabongmutuxuyen.jpg'),
(155, 6, 4, 2, 'Cá bống mú chiên sốt Tứ Xuyên', 'uploads/cabongmuchientuxuyen.jpg'),
(156, 6, 4, 2, 'Cá bống mú chiên sốt chua ngọt', 'uploads/cabongmuchiensotchuangot.jpg'),
(157, 6, 4, 2, 'Cá chim biển hấp Hồng Kông', 'uploads/cachimbienhaphongkong.png'),
(158, 6, 4, 2, 'Cá chim biển hấp sốt Thái', 'uploads/cachimbiensotthai.jpg'),
(159, 6, 4, 2, 'Cá chim biển nướng muối ớt', 'uploads/cachimbiennuongmuoiot.jpg'),
(160, 6, 4, 2, 'Phi lê cá chim biển sốt chanh dây', 'uploads/philecachimbiensotchanhday.jpg'),
(161, 6, 4, 2, 'Phi lê cá hồi Na Uy sốt chanh dây + Khoai tây nghiền', 'uploads/philecahoinauysotchanhday.jpg'),
(162, 6, 4, 2, 'Phi lê cá hồi Na Uy sốt cam + Khoai tây nghiền', 'uploads/philecahoinauysotcam.jpg'),
(163, 6, 4, 2, 'Phi lê cá hồi Na Uy sốt kem chanh + Khoai tây nghiền', 'uploads/philecahoinauysotkemchanh.jpg'),
(164, 6, 4, 2, 'Phi lê cá ngừ đại dương kem chanh + Khoai tây nghiền', 'uploads/philecangudaiduong.png'),
(165, 6, 4, 2, 'Phi lê cá ngừ đại dương nướng sốt táo + Khoai tây nghiền', 'uploads/philecangusottaokhoainghien.jpg'),
(166, 6, 4, 2, 'Phi lê cá ngừ đại dương sốt tương gừng + Khoai tây nghiền', 'uploads/philecangusottuonggung.png'),
(167, 6, 4, 2, 'Cá tuyết hấp Triều Châu', 'uploads/catuyethaptrieuchau.jpg'),
(168, 6, 4, 2, 'Cá tuyết hấp Hồng Kông', 'uploads/catuyethaphongkong.png'),
(169, 6, 4, 2, 'Cá tuyết nướng sốt chanh dây', 'uploads/catuyetsotchanhday.jpg'),
(170, 6, 4, 2, 'Cá tuyết nướng sốt tương gừng kiểu Nhật', 'uploads/catuyetnuongsottuonggungkieunhat.jpg'),
(171, 6, 4, 2, 'Cá tuyết nướng sốt kem chanh ', 'uploads/catuyetnuongsotkemchanh.png'),
(172, 6, 4, 2, 'Cá tuyết nướng muối ớt', 'uploads/catuyetnuongmuoiot.png'),
(173, 6, 4, 2, 'Phi lê cá kiếm nướng sốt chanh dây', 'uploads/philecakiemsotchanhday.png'),
(174, 6, 4, 2, 'Phi lê cá kiếm nướng sốt bơ chanh', 'uploads/philecakiemsotbochanh.jpg'),
(175, 6, 4, 2, 'Phi lê cá kiếm nướng sốt kem chanh', 'uploads/philecakiemsotkemchanh.png'),
(176, 6, 4, 2, 'Phi lê cá bơn Hàn Quốc sốt chanh dây/Sốt cam', 'uploads/philecabonhanquocsotchanhday.jpg'),
(177, 6, 4, 2, 'Cá bơn Hàn Quốc hấp Hồng Kông/Hấp bún nấm', 'uploads/philecabonhanquochaphongkong.jpeg'),
(178, 6, 4, 2, 'Tôm chiên cốm dẹp', 'uploads/tomchiencomdep.jpg'),
(179, 6, 4, 2, 'Tôm thẻ rang muối Hồng Kông', 'uploads/tomtherangmuoihongkong.png'),
(180, 6, 4, 2, 'Tôm sú kim sa', 'uploads/tomsukimsa.jpg'),
(181, 6, 4, 2, 'Tôm thẻ sốt thơm', 'uploads/tomthesotthom.jpg'),
(182, 6, 4, 2, 'Tôm thủy sinh sốt nấm bào ngư', 'uploads/tomthuysinhsotnambaongu.jpg'),
(183, 6, 4, 2, 'Tôm thủy sinh xào măng tây sốt ớt Malaysia', 'uploads/tomthuysinhxaomangtay.jpg'),
(184, 6, 4, 2, 'Tôm thủy sinh sốt thịt cua', 'uploads/tomthuysinhsotthitcua.jpg'),
(185, 6, 4, 2, 'Tôm sú sống hấp nước dừa', 'uploads/tomsuhapnuocdua.jpg'),
(186, 6, 4, 2, 'Tôm sú sống hấp dứa', 'uploads/tomsuhapdua.png'),
(187, 6, 4, 2, 'Tôm sú sống rang muối', 'uploads/tomsurangmuoi.png'),
(188, 6, 4, 2, 'Tôm sú sống nướng muối ớt', 'uploads/tomsunuongmuoiot.jpg'),
(189, 6, 4, 2, 'Tôm càng hấp bia', 'uploads/tomcanghapbia.jpg'),
(190, 6, 4, 2, 'Tôm càng rang me', 'uploads/tomcangrangme.jpg'),
(191, 6, 4, 2, 'Tôm càng hấp dừa tươi', 'uploads/tomcanghapduatuoi.png'),
(192, 6, 4, 2, 'Tôm càng nướng + Rau sống, bánh hỏi', 'uploads/tomcangnuongbanhhoirausong.jpg'),
(193, 6, 4, 2, 'Tôm càng kho tàu + Cơm trắng', 'uploads/tomcangkhotau.jpg'),
(194, 6, 4, 2, 'Tôm càng nướng bơ tỏi', 'uploads/tomcangnuongbotoi.png'),
(195, 6, 4, 2, 'Tôm càng nướng phomai', 'uploads/tomcangnuongphomai.jpg'),
(196, 6, 4, 2, 'Tôm càng sốt ớt (Chili Sambal)', 'uploads/tomcangsotot.jpg'),
(197, 6, 4, 2, 'Tôm càng nướng mọi', 'uploads/tomcangnuongmoi.jpg'),
(198, 6, 4, 2, 'Cari tôm càng', 'uploads/caritomcang.png'),
(199, 6, 4, 2, 'Bánh đúc tôm càng', 'uploads/banhductomcang.png'),
(200, 6, 4, 2, 'Mực ống hấp hành gừng', 'uploads/muconghaphanhgunf.jpg'),
(201, 6, 4, 2, 'Mực né củ kiệu', 'uploads/mucnecukieu.jpg'),
(202, 6, 4, 2, 'Mực dồn thịt sốt chanh dây', 'uploads/mucdonthitchanhday.jpg'),
(203, 6, 4, 2, 'Mực ống chiên giòn', 'uploads/mucongchiengion.jpg'),
(204, 6, 4, 2, 'Mực hoàng kim', 'uploads/muconghoangkim.png'),
(205, 6, 4, 2, 'Còi sò điệp, tôm thủy tinh sốt hoàng gia', 'uploads/coisodieptomhoanggia.jpg'),
(206, 6, 4, 2, 'Còi sò điệp xào măng tây, nấm xốt X.O', 'uploads/coisodiepxaomangtay.png'),
(207, 6, 4, 2, 'Còi sò điệp Nhật, tôm thủy tinh sốt hoàng gia', 'uploads/coisodiepnhatsothoanggia.jpg'),
(208, 6, 4, 2, 'Còi sò điệp Nhật hấp đậu hủ non sốt hoàng gia', 'uploads/coisodiepnhathapdauhunon.jpg'),
(209, 6, 4, 2, 'Hải sâm hầm đông cô sốt dầu hào', 'uploads/haisamhamdongcodauhau.jpg'),
(210, 6, 4, 2, 'Hải sâm, gân nai xào nấm đông cô', 'uploads/haisamgannaixaodongco.png'),
(211, 6, 4, 2, 'Hải sâm nấm đông cô xào sốt Thái', 'uploads/haisamdongcoxaosotthai.png'),
(212, 6, 4, 2, 'Hải sâm, gân nai xào sốt thịt cua', 'uploads/haisamgannaisotthitcua.png'),
(213, 6, 4, 2, 'Hải sâm, tôm thủy tinh sốt hoàng gia', 'uploads/haisamtomsothoanggia.jpg'),
(214, 6, 4, 2, 'Hải sâm, còi sò điệp Nhật sốt hoàng gia', 'uploads/haisamcoisodiephoanggia.png'),
(215, 6, 4, 2, 'Hải sâm, bào ngư Hàn Quốc sốt hoàng gia', 'uploads/haisambaonguhanquochoanggia.png'),
(216, 6, 4, 2, 'Bào ngư Hàn Quốc, tôm thủy tinh sốt hoàng gia', 'uploads/baongutomthuytinhhoanggia.png'),
(217, 6, 4, 2, 'Bào ngư Hàn Quốc, còi sò điệp Nhật sốt hoàng gia', 'uploads/baongucoisodiephoanggia.png'),
(218, 6, 4, 2, 'Bào ngư Hàn Quốc, gân nai, nấm đông cô sốt hoàng gia', 'uploads/baongugannainamdongco.png'),
(219, 6, 4, 2, 'Bào ngư xào nấm đông cô', 'uploads/baonguxaodongco.png'),
(220, 6, 4, 2, 'Bào ngư sốt dầu hào', 'uploads/baongusotdauhao.jpg'),
(221, 6, 4, 2, 'Sơn hào hải vị sốt Diamond', 'uploads/sonhaohaivisotkimcuong.jpg'),
(222, 6, 4, 2, 'Cua lột chiên giòn sốt me', 'uploads/cualotchiengionsotme.jpg'),
(223, 6, 4, 2, 'Cua lột chiên giòn sốt xí muội', 'uploads/cualotchiensotximuoi.jpg'),
(224, 6, 4, 2, 'Cua biển rang me', 'uploads/cuabienrangme.jpg'),
(225, 6, 4, 2, 'Cua hấp bia/nước dừa', 'uploads/cuahapbia.png'),
(226, 6, 4, 2, 'Cua xào Singapore', 'uploads/cuaxaosingapore.jpg'),
(227, 6, 4, 2, 'Ghẹ rang me', 'uploads/gherangme.jpg'),
(228, 6, 4, 2, 'Cua hoàng đến (King Crab) sốt X.O/hấp/nướng', 'uploads/cuahoangde.png'),
(229, 6, 4, 2, 'Tôm mũ ni cháy tỏi/rang muối Hồng Kông/sốt hoàng kim', 'uploads/tommunichaytoi.jpg'),
(230, 6, 4, 2, 'Tôm tích hấp bia/nước dừa/rang muối Hồng Kông', 'uploads/tomtichhapbia.jpg'),
(231, 6, 4, 2, 'Tôm hùm Canada hấp bia/nước dừa/cháy tỏi nướng phomai', 'uploads/tomhumhapbia.jpg'),
(232, 6, 4, 2, 'Tôm hùm bông nướng mọi/nước dừa/cháy tỏi/phomai', 'uploads/tomhumbongmuongmoi.jpg'),
(233, 6, 4, 2, 'Tôm hùm bông đúc lò phomai Cheddar', 'uploads/tomhumbongduclo.png'),
(234, 6, 4, 2, 'Tôm hùm Canada sốt kem chanh', 'uploads/tomhumbongsotkemchanh.jpg'),
(235, 7, 4, 2, 'Lẩu vịt xiêm nấu chanh muối + Bún', 'uploads/lauvitxiemchanhmuoibun.jpg'),
(236, 7, 4, 2, 'Lẩu vịt xiêm nấu măng khô + Bún', 'uploads/lauvitxiemmangkhobun.png'),
(237, 7, 4, 2, 'Lẩu vịt tiềm hạt sen + Mì hấp', 'uploads/lauvittiemhatsenmihap.jpg'),
(238, 7, 4, 2, 'Lẩu vịt tiềm ngũ quả + Mì hấp', 'uploads/lauvittiemnguquamihap.jpg'),
(239, 7, 4, 2, 'Lẩu gà tiềm ngũ quả + Mì hấp', 'uploads/laugatiemnguquamihap.png'),
(240, 7, 4, 2, 'Lẩu gà tiềm hạt sen + Mì hấp', 'uploads/laugatiemhatsenmihap.jpg'),
(241, 7, 4, 2, 'Lẩu gà ác nấu chanh ớt + Bún', 'uploads/laugaacnauchanhotbun.jpg'),
(242, 7, 4, 2, 'Lẩu gà lá quế + Bún', 'uploads/laugalaquebun.png'),
(243, 7, 4, 2, 'Lẩu gà ác tiềm thuốc bắc + Mì', 'uploads/laugaactiemthuocbac.jpg'),
(244, 7, 4, 2, 'Lẩu gà đá hầm sả + Bún', 'uploads/laugadahamsabun.jpg'),
(245, 7, 4, 2, 'Lẩu gà tiềm ớt hiểm + Mì hấp', 'uploads/laugatiemothiemmi.png'),
(246, 7, 4, 2, 'Lẩu gân, bắp bò hầm sả + Bún', 'uploads/lauganbapbohamsabun.jpg'),
(247, 7, 4, 2, 'Lẩu bò thập cẩm + Mì', 'uploads/laubothapcammi.png'),
(248, 7, 4, 2, 'Lẩu gân, bắp bò sate', 'uploads/lauganbapbosate.jpg'),
(249, 7, 4, 2, 'Lẩu đuôi, sườn bò hầm sả + Bún', 'uploads/lauduoibapbohamsa.jpg'),
(250, 7, 4, 2, 'Lẩu nấm cua đồng hải sản + Bún', 'uploads/launamcuadonghaisanbun.jpg'),
(251, 7, 4, 2, 'Lẩu cá chép giòn chanh ớt + Bún', 'uploads/laucachepchanhotbun.png'),
(252, 7, 4, 2, 'Lẩu cá chép giòn nấu mẻ + Bún', 'uploads/laucachepnaumebun.jpg'),
(253, 7, 4, 2, 'Lẩu cá chẽm khoai cao + Bún', 'uploads/laucachemkhoaicaobun.jpg'),
(254, 7, 4, 2, 'Lẩu cá chẽm nấu măng chua + Bún', 'uploads/laucachemmangchuabun.jpg'),
(255, 7, 4, 2, 'Lẩu cá bóp nấu mẻ /Thái/Tom Yum + Bún', 'uploads/laucabopnaumebun.jpg'),
(256, 7, 4, 2, 'Lẩu thập cẩm + Bún', 'uploads/lauthapcambun.jpg'),
(257, 7, 4, 2, 'Lẩu hoa anh đào + Mì hấp', 'uploads/lauhoaanhdaomihap.jpg'),
(258, 7, 4, 2, 'Lẩu Thái + Bún', 'uploads/lauthaibun.jpg'),
(259, 7, 4, 2, 'Lẩu hoa đồng nội + Bún', 'uploads/lauhoadongnoibun.jpg'),
(260, 7, 4, 2, 'Lẩu hải sản Tom Yum Kung + Bún', 'uploads/lauhaisantomyumkungbun.jpg'),
(261, 7, 4, 2, 'Lẩu hải sản sò điệp chua cay + Bún', 'uploads/lauhaisansodiepchuacaybun.jpg'),
(262, 7, 4, 2, 'Lẩu hải sản, rong biển Miso Hàn Quốc + Mì', 'uploads/lauhaisanrongbienmisohanquocmi.png'),
(263, 7, 4, 2, 'Lẩu kim chi hải sản + Mì', 'uploads/lauhaisankimchimi.png'),
(264, 7, 4, 2, 'Lẩu hải sản thượng hạng + Mì hấp', 'uploads/lauhaisanthuonghangmihap.jpg'),
(265, 7, 4, 2, 'Lẩu thượng hạng tứ quý + Miến', 'uploads/lauthuonghangtuquymien.jpg'),
(266, 7, 4, 2, 'Lẩu cá tầm nấu khoai cao + Bún', 'uploads/laucatamnaukhoaicaobun.png'),
(267, 7, 4, 2, 'Lẩu cá tầm nấu chanh dây + Bún', 'uploads/laucatamchanhdaybun.png'),
(268, 7, 4, 2, 'Lẩu cá tầm Tom Yum + Bún', 'uploads/laucatamtomyumbun.png'),
(269, 7, 4, 2, 'Lẩu Diamond Palace + Mì Hàn', 'uploads/laudiamondpalacemihan.png'),
(270, 7, 4, 2, 'Lẩu hải sản Tứ Xuyên + Mì hấp', 'uploads/lauhaisantuxuyenmihap.jpg'),
(271, 7, 4, 2, 'Lẩu cá hô nấu mẻ/Khoaicao/Thái/Tom Yum + Bún', 'uploads/laucahonaumebun.jpg'),
(272, 7, 4, 2, 'Lẩu cá bống mú măng chua/Mẻ/Khoai cao + Bún', 'uploads/laucabongmumangchuabun.png'),
(273, 7, 4, 2, 'Lẩu cá bơn Hàn Quốc nấu mẻ/Thái/Tom Yum + Bún', 'uploads/laucabonhanquocnaumebun.jpg'),
(274, 7, 4, 2, 'Lẩu Tứ Xuyên cá tuyết + Mì hấp', 'uploads/lautuxuyencatuyetmihap.jpg'),
(275, 7, 4, 2, 'Lẩu Thái tôm càng + Bún', 'uploads/lauthaitomcangbun.png'),
(276, 7, 4, 2, 'Lẩu baba nấu chanh ớt + Bún', 'uploads/laubabachanhotbun.png'),
(277, 7, 4, 2, 'Lẩu baba nấu chuối mẻ + Bún', 'uploads/laubabachuoimebun.jpg'),
(278, 7, 4, 2, 'Lẩu cua biển/Ghẹ nấu cá mòi', 'uploads/laucuabienghecamoi.png'),
(279, 7, 4, 2, 'Lẩu bào ngư & Giò heo hầm nấm đông cô', 'uploads/laubaongugioheonamdongco.png'),
(280, 8, 4, 2, 'Cơm chiên cá mặn', 'uploads/comchiencaman.jpg'),
(281, 8, 4, 2, 'Cơm chiên dương châu', 'uploads/comchienduongchau.jpg'),
(282, 8, 4, 2, 'Cơm chiên hải sản', 'uploads/comchienhaisan.jpg'),
(283, 8, 4, 2, 'Cơm chiên thập cẩm', 'uploads/comchienthapcam.jpg'),
(284, 8, 4, 2, 'Cơm hải sản tay cầm ', 'uploads/comhaisantaycam.png'),
(285, 8, 4, 2, 'Cơm chiên hoàng bào', 'uploads/comchienhoangbao.png'),
(286, 8, 4, 2, 'Cơm chiên cá mặn gà xé', 'uploads/comchiencamangaxe.jpg'),
(287, 8, 4, 2, 'Cơm chiên cá mặn hải sản', 'uploads/comchiencamanhaisan.png'),
(288, 8, 4, 2, 'Cơm chiên hải sản sò điệp', 'uploads/comchienhaisansodiep.png'),
(289, 8, 4, 2, 'Cơm chiên hải sản ngọc bích', 'uploads/comchienhaisanngocbich.jpg'),
(290, 8, 4, 2, 'Cơm sen cung đình', 'uploads/comsencungdinh.png'),
(291, 8, 4, 2, 'Cơm chiên kiểu Huế', 'uploads/comchienkieuhue.png'),
(292, 8, 4, 2, 'Cơm chiên Malaysia', 'uploads/comchienmalaysia.jpg'),
(293, 8, 4, 2, 'Cơm gà Hải Nam', 'uploads/comgahainam.png'),
(294, 8, 4, 2, 'Cơm bào ngư', 'uploads/combaongu.png'),
(295, 10, 3, 1, 'Rau câu dừa', 'uploads/raucaudua.jpg'),
(296, 10, 3, 1, 'Thạch tứ quý', 'uploads/thachtuquy.png'),
(297, 10, 3, 1, 'Rau câu sơn thủy', 'uploads/raucausonthuy.jpg'),
(298, 10, 3, 1, 'Trái cây thập cẩm', 'uploads/traicaythapcam.png'),
(299, 10, 3, 1, 'Bưởi da xanh', 'uploads/buoidaxanh.jpg'),
(300, 10, 3, 1, 'Bánh Flan', 'uploads/banhflan.png'),
(301, 10, 3, 1, 'Chè khúc bạch', 'uploads/chekhucbach.jpg'),
(302, 10, 3, 1, 'Chè uyên ương', 'uploads/cheuyenuong.jpg'),
(303, 10, 3, 1, 'Tàu hủ cô vang', 'uploads/tauhucovang.png'),
(304, 10, 3, 1, 'Kem Mỹ', 'uploads/kemmy.png'),
(305, 10, 3, 1, 'Kem ly', 'uploads/kemly.jpg'),
(306, 10, 3, 1, 'Chè khoai môn hạt sen', 'uploads/chekhoaimonhatsen.png'),
(307, 10, 3, 1, 'Chè đậu ngự hạt sen', 'uploads/chedaunguhatsen.jpg'),
(308, 10, 3, 1, 'Chè bưởi', 'uploads/chebuoi.png'),
(309, 10, 3, 1, 'Chè sen', 'uploads/chesen.jpg'),
(310, 10, 3, 1, 'Chè sen Long Nhãn', 'uploads/chehatsenlongnhan.jpg'),
(311, 10, 3, 1, 'Nho Mỹ (Xanh/Đen)', 'uploads/nhomyxanhden.png'),
(312, 10, 3, 1, 'Pana Cotta chanh dây', 'uploads/panacottachanhday.jpg'),
(313, 10, 3, 1, 'Pana Cotta dâu', 'uploads/panacottadau.jpg'),
(314, 10, 3, 1, 'Pana Cotta ngũ sắc', 'uploads/panacottangusac.jpg'),
(315, 10, 3, 1, 'Trái cây Diamond', 'uploads/traicaydiamond.jpg'),
(316, 11, 5, 1, 'Muffin ', 'uploads/muffin.jpg'),
(317, 11, 5, 1, 'Bánh mì Hàn Quốc', 'uploads/banhmihanquoc.png'),
(318, 11, 5, 1, 'Bánh su kem', 'uploads/banhsukem.jpeg'),
(319, 11, 5, 1, 'Bánh cua phomai', 'uploads/banhcuaphomai.jpg'),
(320, 11, 5, 1, 'Donut mini', 'uploads/donutmini.jpg'),
(321, 11, 5, 1, 'Bánh bao nướng', 'uploads/banhbaonuong.jpg'),
(322, 11, 5, 1, 'Bánh bông lan chà bông ', 'uploads/banhbonglantrungmuoi.png'),
(323, 11, 5, 1, 'Cup cake chanh hương thảo', 'uploads/cupcakechanhhuongthao.jpg'),
(324, 11, 5, 1, 'Bánh mì cuộn xúc xích chà bông', 'uploads/banhmicuonxucxichchabong.png'),
(325, 11, 5, 1, 'Donut mặn', 'uploads/donutman.jpg'),
(326, 12, 1, 2, 'Gỏi Thái hải sản + Bánh phồng tôm', 'uploads/goithaihaisanbanhphongtom.jpg'),
(327, 12, 1, 2, 'Gỏi bò kiểu Thái + Bánh phồng tôm', 'uploads/goibothaibanhphongtom.jpg'),
(328, 12, 1, 2, 'Gỏi bồn bồn tôm thịt + Bánh phồng tôm', 'uploads/goibonbontomthitbanhphongtom.jpg'),
(329, 12, 1, 2, 'Gỏi củ hủ dừa tôm thịt + Bánh phồng tôm', 'uploads/goicuhuduabanhphongtom.png'),
(330, 12, 1, 2, 'Gỏi ngó sen tôm thịt + Bánh phồng tôm', 'uploads/goingosentomthitbanhphongtom.jpg'),
(331, 12, 1, 2, 'Gỏi tuyết nhỉ tôm gà + Bánh phồng tôm', 'uploads/goituyetnhitomgabanhphongtom.jpg'),
(332, 12, 1, 2, 'Gỏi bò tơ bóp thấu + Bánh phồng tôm', 'uploads/goibotobopthaubanhphongtom.png'),
(333, 12, 1, 2, 'Gỏi rau câu hải sản + Bánh phồng tôm', 'uploads/goiraucauhaisanbanhphongtom.png'),
(334, 12, 1, 2, 'Gỏi bò ngũ sắc + Bánh phồng tôm', 'uploads/goibongusacbanhphongtom.jpg'),
(335, 12, 1, 2, 'Gỏi bò tơ tái me + Bánh phồng tôm', 'uploads/goibototaimebanhphongtom.jpg'),
(336, 12, 1, 2, 'Thịt nguội tứ bửu', 'uploads/thitnguoitubuu.jpg'),
(337, 12, 1, 2, 'Khai vị ngũ sắc', 'uploads/khaivingusac.png'),
(338, 12, 1, 2, 'Trứng cút bách hoa', 'uploads/trungcutbachhoa.jpg'),
(339, 12, 1, 2, 'Tôm cuộn Bacon', 'uploads/tomcuonbacon.jpg'),
(340, 12, 1, 2, 'Gỏi bưởi tôm sushi + Bánh phồng tôm', 'uploads/goibuoitomsushibanhphongtom.jpg'),
(341, 12, 1, 2, 'Gỏi sứa vịt quay + Bánh phồng tôm', 'uploads/goisuavitquaybanhphongtom.png'),
(342, 12, 1, 2, 'Gỏi hải sản Quảng Đông + Bánh phồng tôm', 'uploads/goihaisanquangdongbanhphongtom.jpg'),
(343, 12, 1, 2, 'Gỏi sứa hải sản + Bánh phồng tôm', 'uploads/goisuahaisanbanhphongtom.png'),
(344, 12, 1, 2, 'Gỏi sứa hải sản khoai cao + Bánh phồng tôm', 'uploads/goisuahaisankhoaicaobanhphongtom.jpg'),
(345, 12, 1, 2, 'Gỏi bò + Chả giò Diamond', 'uploads/goibochagiodiamond.jpg'),
(346, 12, 1, 2, 'Gỏi mực tôm Sushi Diamond + Bánh phồng tôm', 'uploads/goimuctomsushidiamond.png'),
(347, 12, 1, 2, 'Gỏi gà củ sen + Bánh phồng tôm', 'uploads/goigacusenbanhphongtom.jpg'),
(348, 12, 1, 2, 'Gỏi thượng uyển + Bánh phồng tôm', 'uploads/goithuonguyenbanhphongtom.jpg'),
(349, 12, 1, 2, 'Gỏi bò Diamond + Bánh phồng tôm', 'uploads/goibodiamondbanhphongtom.jpg'),
(350, 12, 1, 2, 'Chả đùm bò', 'uploads/chadumbo.jpg'),
(351, 12, 1, 2, 'Thịt nguội bát bửu', 'uploads/thitnguoibatbuu.jpg'),
(352, 12, 1, 2, 'Khai vị tôm sốt Tar Tar', 'uploads/khaivitomsottartar.png'),
(353, 12, 1, 2, 'Gỏi bò Úc Diamond + Bánh phồng tôm', 'uploads/goiboucdiamondbanhphongtom.png'),
(354, 12, 1, 2, 'Gỏi tôm lóng + Bánh phồng tôm', 'uploads/goitomlongbanhphongtom.png'),
(355, 12, 1, 2, 'Gỏi tôm càng + Bánh phồng tôm', 'uploads/goitomcangbanhphongtom.jpg'),
(356, 12, 1, 2, 'Gỏi bào ngư Hàn Quốc', 'uploads/goibaonguhanquoc.jpg'),
(357, 12, 1, 2, 'Salad Caesar', 'uploads/saladcaesar.jpg'),
(358, 12, 1, 2, 'Salad cá ngừ đại dương', 'uploads/saladcangudaiduong.png'),
(359, 12, 1, 2, 'Salad cá hồi Na Uy xông khói, trứng cá hồi', 'uploads/saladcahoinauyxongkhoi.jpg'),
(360, 12, 1, 2, 'Gỏi Thái hải sản', 'uploads/goithaihaisan.png'),
(361, 12, 1, 2, 'Gỏi củ hủ dừa tôm thịt', 'uploads/goicuhuduatomthit.jpg'),
(362, 12, 1, 2, 'Gỏi ngó sen tôm thịt', 'uploads/goingosentomthit.png'),
(363, 12, 1, 2, 'Gỏi củ sen gà', 'uploads/goicusenga.jpg'),
(364, 12, 1, 2, 'Gỏi bò tơ bóp thấu', 'uploads/goibotobopthau.jpg'),
(365, 12, 1, 2, 'Gỏi bò tái me', 'uploads/goibotaime.png'),
(366, 12, 1, 2, 'Gỏi rau câu hải sản', 'uploads/goiraucauhaisan.jpg'),
(367, 12, 1, 2, 'Gỏi mực tôm Sushi', 'uploads/goimuctomsushi.png'),
(368, 12, 1, 2, 'Gỏi sứa hải sản', 'uploads/goisuahaisan.jpg'),
(369, 12, 1, 2, 'Gỏi sứa hải sản khoai cao', 'uploads/goisuahaisankhoaicao.jpg'),
(370, 12, 1, 2, 'Gỏi sứa vịt quay', 'uploads/goisuavitquay.jpg'),
(371, 12, 1, 2, 'Gỏi sứa sò điệp', 'uploads/goisuasodiep.jpg'),
(372, 12, 1, 2, 'Gỏi mực tôm sushi Diamond', 'uploads/goimuctomsushidiamond.jpg'),
(373, 12, 1, 2, 'Gỏi gà hoa chuối', 'uploads/goigahoachuoi.jpeg'),
(374, 12, 1, 2, 'Gỏi thượng uyển', 'uploads/goithuonguyen.png'),
(375, 12, 1, 2, 'Gỏi bò Diamond', 'uploads/goibodiamond.jpg'),
(376, 12, 1, 2, 'Gỏi mực tôm lóng', 'uploads/goimuctomlong.jpg'),
(377, 12, 1, 2, 'Tôm chiên hạnh nhân', 'uploads/tomchienhanhnhan.png'),
(378, 12, 1, 2, 'Tôm chiên cốm dẹp', 'uploads/tomchiencomdep.png'),
(379, 12, 1, 2, 'Tôm chiên xù', 'uploads/tomchienxu.png'),
(380, 12, 1, 2, 'Tôm Tar Tar', 'uploads/tomtartar.jpg'),
(381, 12, 1, 2, 'Mực chiên xù', 'uploads/mucchienxu.jpg'),
(382, 12, 1, 2, 'Tổ uyên ương', 'uploads/touyenuong.jpg'),
(383, 12, 1, 2, 'Còi sò điệp rang muối', 'uploads/coisodieprangmuoi.jpg'),
(384, 12, 1, 2, 'Bắp bò/Lưỡi bò xông khói', 'uploads/bapboluoiboxongkhoi.jpg'),
(385, 12, 1, 2, 'Ức vịt xông khói nướng mật ong/Tiêu', 'uploads/ucvitxongkhoinuongmatong.jpg'),
(386, 12, 1, 2, 'Sườn nướng BBQ/Mù tạt vàng/Mật ong', 'uploads/suonnuongbbqmutatvangmatong.jpg'),
(387, 12, 1, 2, 'Tôm sốt bơ cay/Sốt Thái', 'uploads/tomsotbocaysotthai.jpg'),
(388, 12, 1, 2, 'Tôm lóng nướng tỏi Hồng Kông', 'uploads/tomlongnuongtoihongkong.jpg'),
(389, 12, 1, 2, 'Còi sò điệp Nhật rang muối/Nướng phomai/Sốt hoàng gia', 'uploads/coisodiepnhatrangmuoinuongphomai.jpg'),
(390, 12, 1, 2, 'Còi sò điệp Nhật nướng bơ tỏi', 'uploads/coisodiepnhatnuongbotoi.jpg'),
(391, 12, 1, 2, 'Còi sò điệp Nhật sốt hoàng gia/Sốt bơ cay/Sốt Thái/Nướng phomai', 'uploads/coisodiepsothoanggiasotboacaysotthainuongphomai.jpg'),
(392, 12, 1, 2, 'Bào ngư Hàn Quốc sốt hoàng gia/Sốt bơ cay/Sốt Thái/Nướng phomai', 'uploads/baonguhanquocsothoanggiasotbocaysotthai.jpg'),
(393, 12, 1, 2, 'Bào ngư Hàn Quốc sốt phomai Úc Đại Lợi/Sốt Ý', 'uploads/baonguhanquocsotphomaiucdailoisoty.jpg'),
(394, 12, 1, 2, 'Bào ngư Hàn Quốc sốt phomai Úc/Sốt Ý', 'uploads/baonguhanquocsotphomaiucsoty.jpg'),
(395, 16, 2, 1, 'Bò kho + Bánh mì', 'uploads/bokhobanhmi.png'),
(396, 16, 2, 1, 'Bò né + Bánh mì', 'uploads/bonebanhmi.png'),
(397, 17, 2, 1, 'Gà chiên giòn', 'uploads/garan.png'),
(398, 18, 2, 1, 'Heo quay', 'uploads/heoquay.png'),
(399, 18, 2, 1, 'Thịt heo khìa nước dừa', 'uploads/thitkhianuocdua.png'),
(400, 18, 2, 1, 'Thịt heo lụi nướng', 'uploads/thitluinuong.png'),
(401, 9, 2, 1, 'Súp gà', 'uploads/supga.png'),
(402, 9, 2, 1, 'Súp rau củ', 'uploads/raucu.png'),
(403, 14, 2, 1, 'Lẩu Nấm', 'uploads/launam.png'),
(404, 14, 2, 1, 'Lẩu Thái', 'uploads/lauthai.png'),
(405, 15, 2, 1, 'Cơm Chiên Dương Châu', 'uploads/comduongchau.png'),
(406, 15, 2, 1, 'Cơm Gà ', 'uploads/comga.png'),
(407, 15, 2, 1, 'Cơm Tấm', 'uploads/comtam.png'),
(408, 19, 6, 2, 'Rau câu dừa', 'uploads/raucaudua.jpg'),
(409, 19, 6, 2, 'Rau câu sơn thủy', 'uploads/raucausonthuy.jpg'),
(410, 19, 6, 2, 'Trái cây thập cẩm', 'uploads/traicaythapcam.png'),
(411, 19, 6, 2, 'Chè khúc bạch', 'uploads/chekhucbach.jpg'),
(412, 19, 6, 2, 'Bánh Flan', 'uploads/banhflan.png'),
(413, 19, 6, 2, 'Pana Cotta dâu', 'uploads/panacottadau.jpg'),
(414, 19, 6, 2, 'Thạch tứ quý', 'uploads/thachtuquy.png'),
(415, 19, 6, 2, 'Trái cây thập cẩm', 'uploads/traicaythapcam.png'),
(416, 19, 6, 2, 'Kem Mỹ', 'uploads/kemmy.png'),
(417, 19, 6, 2, 'Nho Mỹ Xanh Đen', 'uploads/nhomyxanhden.png'),
(418, 19, 6, 2, 'Chè Sen', 'uploads/chesen.jpg'),
(419, 19, 6, 2, 'Chè Uyên Ương', 'uploads/cheuyenuong.jpg');

-- --------------------------------------------------------

--
-- Table structure for table `ngay`
--

CREATE TABLE `ngay` (
  `ngay` varchar(50) NOT NULL
) ENGINE=InnoDB DEFAULT CHARSET=utf8mb4 COLLATE=utf8mb4_general_ci;

--
-- Dumping data for table `ngay`
--

INSERT INTO `ngay` (`ngay`) VALUES
('06-12-2024'),
('06-12-2025'),
('10-12-2025');

-- --------------------------------------------------------

--
-- Table structure for table `nhanvien`
--

CREATE TABLE `nhanvien` (
  `manv` int(11) NOT NULL,
  `hoten` varchar(255) NOT NULL,
  `sdt` varchar(15) NOT NULL
) ENGINE=InnoDB DEFAULT CHARSET=utf8mb4 COLLATE=utf8mb4_general_ci;

-- --------------------------------------------------------

--
-- Table structure for table `nhommon`
--

CREATE TABLE `nhommon` (
  `ma_nm` int(11) NOT NULL,
  `ten_nm` varchar(100) NOT NULL,
  `MaChayMan` int(11) NOT NULL
) ENGINE=InnoDB DEFAULT CHARSET=utf8mb4 COLLATE=utf8mb4_general_ci;

--
-- Dumping data for table `nhommon`
--

INSERT INTO `nhommon` (`ma_nm`, `ten_nm`, `MaChayMan`) VALUES
(1, 'Các món khai vị', 2),
(2, 'Các Món Chính', 1),
(3, 'Các Món Tráng Miệng', 2),
(4, 'Các món chính', 2),
(5, 'Các Món Khai Vị', 1),
(6, 'Các món tráng miệng', 1);

-- --------------------------------------------------------

--
-- Table structure for table `phieudattiec`
--

CREATE TABLE `phieudattiec` (
  `sopdt` int(11) NOT NULL,
  `sohd` int(11) NOT NULL,
  `makh` int(11) NOT NULL,
  `stt_sanh` int(11) NOT NULL,
  `mabuoi` int(11) NOT NULL,
  `malt` int(11) NOT NULL,
  `ma_ctkm` int(11) NOT NULL,
  `ngaydat` varchar(255) NOT NULL,
  `ngaytochuc` varchar(255) NOT NULL,
  `trangthai` varchar(255) NOT NULL,
  `tiencoc` int(11) NOT NULL,
  `tiengiamgia` int(11) NOT NULL
) ENGINE=InnoDB DEFAULT CHARSET=utf8mb4 COLLATE=utf8mb4_general_ci;

--
-- Dumping data for table `phieudattiec`
--

INSERT INTO `phieudattiec` (`sopdt`, `sohd`, `makh`, `stt_sanh`, `mabuoi`, `malt`, `ma_ctkm`, `ngaydat`, `ngaytochuc`, `trangthai`, `tiencoc`, `tiengiamgia`) VALUES
(1, 1, 1, 1, 1, 1, 1, '04-11-2024', '10-11-2024', 'Hoàn chỉnh', 0, 0),
(2, 2, 27, 4, 1, 1, 1, '08-08-2024', '10-08-2024', 'Hoàn chỉnh', 0, 0),
(3, 3, 26, 2, 1, 1, 1, '15-11-2024', '16-11-2024', 'Hoàn chỉnh', 0, 0),
(4, 4, 22, 2, 2, 1, 1, '15-11-2024', '16-11-2024', 'Hoàn chỉnh', 0, 0),
(5, 5, 21, 2, 1, 1, 1, '15-11-2024', '15-11-2024', 'Hoàn chỉnh', 0, 0),
(6, 6, 20, 1, 2, 1, 2, '11-11-2024', '12-11-2024', 'Hoàn chỉnh', 0, 0),
(7, 7, 20, 1, 2, 1, 2, '11-11-2024', '12-11-2024', 'Hoàn chỉnh', 0, 0),
(8, 8, 19, 3, 1, 3, 1, '05-11-2024', '06-11-2024', 'Hoàn chỉnh', 0, 0),
(9, 9, 18, 4, 2, 1, 1, '13-11-2024', '14-11-2024', 'Hoàn chỉnh', 0, 0),
(10, 10, 29, 1, 1, 1, 1, '05-11-2024', '07-11-2024', 'Hoàn chỉnh', 0, 0),
(11, 11, 30, 1, 1, 2, 1, '20-11-2024', '21-11-2024', 'Hoàn chỉnh', 0, 0),
(12, 12, 31, 3, 2, 2, 2, '19-11-2024', '21-11-2024', 'Hoàn chỉnh', 0, 0),
(13, 13, 32, 2, 1, 1, 1, '15-12-2024', '18-12-2024', 'Hoàn chỉnh', 0, 0),
(14, 14, 33, 4, 1, 2, 1, '05-12-2024', '07-12-2024', 'Hoàn chỉnh', 0, 0),
(15, 15, 34, 3, 1, 1, 1, '01-12-2024', '03-12-2024', 'Hoàn chỉnh', 0, 0),
(16, 16, 35, 3, 2, 2, 1, '19-12-2024', '20-12-2024', 'Hoàn chỉnh', 0, 0),
(17, 17, 36, 2, 2, 3, 2, '19-12-2024', '21-12-2024', 'Hoàn chỉnh', 0, 0),
(18, 18, 37, 4, 1, 2, 1, '24-12-2024', '25-12-2024', 'Hoàn chỉnh', 0, 0),
(19, 19, 38, 5, 2, 3, 2, '30-12-2024', '31-12-2024', 'Hoàn chỉnh', 0, 0),
(20, 20, 39, 2, 1, 1, 1, '16-12-2024', '17-12-2024', 'Hoàn chỉnh', 0, 0),
(21, 21, 41, 1, 1, 2, 1, '05-12-2024', '06-12-2024', 'Hoàn chỉnh', 0, 0),
(22, 22, 42, 2, 1, 1, 2, '07-12-2024', '08-12-2024', 'Hoàn chỉnh', 0, 0),
(23, 23, 43, 4, 2, 3, 1, '18-11-2024', '19-11-2024', 'Hoàn chỉnh', 0, 0),
(24, 24, 44, 2, 1, 1, 1, '17-12-2024', '18-12-2024', 'Hoàn chỉnh', 0, 0),
(25, 25, 45, 3, 1, 3, 1, '12-12-2024', '13-12-2024', 'Hoàn chỉnh', 0, 0),
(26, 26, 46, 1, 1, 1, 1, '16-12-2024', '18-12-2024', 'Hoàn chỉnh', 0, 0),
(27, 27, 47, 3, 2, 3, 1, '26-12-2024', '26-12-2024', 'Hoàn chỉnh', 0, 0),
(28, 28, 48, 4, 1, 2, 1, '19-12-2024', '16-12-2024', 'Hoàn chỉnh', 0, 0),
(29, 29, 49, 2, 2, 2, 1, '09-10-2024', '11-10-2024', 'Hoàn chỉnh', 0, 0),
(30, 30, 50, 2, 1, 2, 1, '07-12-2024', '07-12-2024', 'Hoàn chỉnh', 0, 0),
(31, 31, 51, 4, 1, 1, 1, '12-12-2024', '19-12-2024', 'Hoàn chỉnh', 0, 0),
(32, 32, 52, 1, 1, 1, 1, '12-12-2024', '13-12-2024', 'Hoàn chỉnh', 0, 0),
(33, 33, 53, 1, 1, 1, 1, '10-12-2024', '10-12-2024', 'Hoàn chỉnh', 0, 0),
(34, 34, 54, 4, 1, 1, 1, '04-12-2024', '04-12-2024', 'Hoàn chỉnh', 0, 0),
(35, 35, 55, 1, 1, 1, 1, '05-12-2024', '05-12-2024', 'Hoàn chỉnh', 0, 0),
(36, 36, 56, 1, 1, 1, 1, '05-12-2024', '05-12-2024', 'Hoàn chỉnh', 0, 0),
(37, 37, 57, 2, 1, 1, 1, '06-11-2024', '06-11-2024', 'Hoàn chỉnh', 0, 0),
(38, 38, 58, 2, 1, 1, 1, '06-12-2024', '06-12-2024', 'Hoàn chỉnh', 0, 0),
(39, 39, 59, 3, 2, 1, 1, '08-12-2024', '08-12-2024', 'Hoàn chỉnh', 0, 0),
(40, 40, 60, 2, 1, 2, 1, '04-12-2024', '04-12-2024', 'Hoàn chỉnh', 0, 0),
(41, 41, 61, 3, 1, 1, 1, '26-11-2024', '26-11-2024', 'Hoàn chỉnh', 0, 0),
(42, 42, 62, 6, 2, 2, 1, '31-12-2024', '31-12-2024', 'Hoàn chỉnh', 0, 0),
(43, 43, 63, 1, 1, 1, 1, '11-12-2024', '11-12-2024', 'Hoàn chỉnh', 0, 0),
(44, 44, 64, 4, 1, 1, 1, '09-12-2024', '09-12-2024', 'Hoàn chỉnh', 0, 0),
(45, 45, 65, 4, 2, 2, 1, '25-12-2024', '25-12-2024', 'Hoàn chỉnh', 0, 0),
(46, 46, 66, 1, 2, 2, 1, '31-12-2024', '31-12-2024', 'Hoàn chỉnh', 0, 0),
(47, 47, 67, 3, 1, 3, 1, '23-12-2024', '23-12-2024', 'Hoàn chỉnh', 0, 0),
(48, 48, 68, 2, 1, 1, 1, '25-12-2024', '25-12-2024', 'Hoàn chỉnh', 0, 0),
(49, 49, 69, 4, 1, 2, 1, '30-12-2024', '30-12-2024', 'Hoàn chỉnh', 0, 0),
(50, 50, 70, 4, 1, 3, 1, '22-12-2024', '22-12-2024', 'Hoàn chỉnh', 0, 0),
(51, 51, 71, 2, 1, 2, 1, '11-12-2024', '11-12-2024', 'Hoàn chỉnh', 0, 0),
(52, 52, 72, 1, 1, 1, 1, '20-12-2024', '13-12-2024', 'Hoàn chỉnh', 0, 0),
(53, 53, 73, 1, 2, 2, 1, '26-12-2024', '16-12-2024', 'Hoàn chỉnh', 0, 0),
(54, 54, 74, 1, 1, 1, 1, '23-12-2024', '23-12-2024', 'Hoàn chỉnh', 0, 0),
(55, 55, 75, 2, 2, 1, 1, '13-12-2024', '13-12-2024', 'Hoàn chỉnh', 0, 0),
(56, 56, 76, 3, 1, 2, 1, '11-12-2024', '11-12-2024', 'Hoàn chỉnh', 0, 0),
(57, 57, 77, 3, 1, 2, 1, '18-12-2024', '18-12-2024', 'Hoàn chỉnh', 0, 0),
(58, 58, 78, 10, 1, 1, 1, '18-12-2024', '18-12-2024', 'Hoàn chỉnh', 0, 0),
(59, 59, 79, 2, 1, 1, 1, '19-12-2024', '19-12-2024', 'Hoàn chỉnh', 0, 0),
(60, 60, 80, 5, 2, 1, 1, '11-12-2024', '11-12-2024', 'Hoàn chỉnh', 0, 0),
(61, 61, 81, 5, 2, 2, 1, '11-12-2024', '11-12-2024', 'Hoàn chỉnh', 0, 0),
(62, 62, 82, 7, 1, 2, 1, '11-12-2024', '11-12-2024', 'Hoàn chỉnh', 0, 0),
(63, 63, 83, 4, 1, 1, 1, '11-12-2024', '12-12-2024', 'Chưa hoàn chỉnh', 0, 0),
(64, 64, 84, 5, 1, 1, 1, '11-12-2024', '11-12-2024', 'Chưa hoàn chỉnh', 0, 0),
(65, 65, 85, 6, 2, 2, 1, '11-12-2024', '11-12-2024', 'Hoàn chỉnh', 0, 0);

--
-- Triggers `phieudattiec`
--
DELIMITER $$
CREATE TRIGGER `before_insert_phieudattiec` BEFORE INSERT ON `phieudattiec` FOR EACH ROW BEGIN
    SET NEW.sohd = (SELECT IFNULL(MAX(sohd), 0) + 1 FROM phieudattiec);
END
$$
DELIMITER ;

-- --------------------------------------------------------

--
-- Table structure for table `phuong_xa`
--

CREATE TABLE `phuong_xa` (
  `mapx` int(11) NOT NULL,
  `ma_qh` int(11) NOT NULL,
  `tenpx` varchar(255) NOT NULL
) ENGINE=InnoDB DEFAULT CHARSET=utf8mb4 COLLATE=utf8mb4_general_ci;

--
-- Dumping data for table `phuong_xa`
--

INSERT INTO `phuong_xa` (`mapx`, `ma_qh`, `tenpx`) VALUES
(1, 1, 'Phường Phúc Xá'),
(2, 1, 'Phường Trúc Bạch'),
(3, 1, 'Phường Vĩnh Phúc'),
(4, 1, 'Phường Cống Vị'),
(5, 1, 'Phường Liễu Giai'),
(6, 1, 'Phường Nguyễn Trung Trực'),
(7, 1, 'Phường Quán Thánh'),
(8, 1, 'Phường Ngọc Hà'),
(9, 1, 'Phường Điện Biên'),
(10, 1, 'Phường Đội Cấn'),
(11, 1, 'Phường Ngọc Khánh'),
(12, 1, 'Phường Kim Mã'),
(13, 1, 'Phường Giảng Võ'),
(14, 1, 'Phường Thành Công'),
(15, 2, 'Phường Phúc Tân'),
(16, 2, 'Phường Đồng Xuân'),
(17, 2, 'Phường Hàng Mã'),
(18, 2, 'Phường Hàng Buồm'),
(19, 2, 'Phường Hàng Đào'),
(20, 2, 'Phường Hàng Bồ'),
(21, 2, 'Phường Cửa Đông'),
(22, 2, 'Phường Lý Thái Tổ'),
(23, 2, 'Phường Hàng Bạc'),
(24, 2, 'Phường Hàng Gai'),
(25, 2, 'Phường Chương Dương'),
(26, 2, 'Phường Hàng Trống'),
(27, 2, 'Phường Cửa Nam'),
(28, 2, 'Phường Hàng Bông'),
(29, 2, 'Phường Tràng Tiền'),
(30, 2, 'Phường Trần Hưng Đạo'),
(31, 2, 'Phường Phan Chu Trinh'),
(32, 2, 'Phường Hàng Bài'),
(33, 3, 'Phường Phú Thượng'),
(34, 3, 'Phường Nhật Tân'),
(35, 3, 'Phường Tứ Liên'),
(36, 3, 'Phường Quảng An'),
(37, 3, 'Phường Xuân La'),
(38, 3, 'Phường Yên Phụ'),
(39, 3, 'Phường Bưởi'),
(40, 3, 'Phường Thụy Khuê'),
(41, 4, 'Phường Thượng Thanh'),
(42, 4, 'Phường Ngọc Thụy'),
(43, 4, 'Phường Giang Biên'),
(44, 4, 'Phường Đức Giang'),
(45, 4, 'Phường Việt Hưng'),
(46, 4, 'Phường Gia Thụy'),
(47, 4, 'Phường Ngọc Lâm'),
(48, 4, 'Phường Phúc Lợi'),
(49, 4, 'Phường Bồ Đề'),
(50, 4, 'Phường Sài Đồng'),
(51, 4, 'Phường Long Biên'),
(52, 4, 'Phường Thạch Bàn'),
(53, 4, 'Phường Phúc Đồng'),
(54, 4, 'Phường Cự Khối'),
(55, 5, 'Phường Nghĩa Đô'),
(56, 5, 'Phường Nghĩa Tân'),
(57, 5, 'Phường Mai Dịch'),
(58, 5, 'Phường Dịch Vọng'),
(59, 5, 'Phường Dịch Vọng Hậu'),
(60, 5, 'Phường Quan Hoa'),
(61, 5, 'Phường Yên Hoà'),
(62, 5, 'Phường Trung Hoà'),
(63, 6, 'Phường Cát Linh'),
(64, 6, 'Phường Văn Miếu'),
(65, 6, 'Phường Quốc Tử Giám'),
(66, 6, 'Phường Láng Thượng'),
(67, 6, 'Phường Ô Chợ Dừa'),
(68, 6, 'Phường Văn Chương'),
(69, 6, 'Phường Hàng Bột'),
(70, 6, 'Phường Láng Hạ'),
(71, 6, 'Phường Khâm Thiên'),
(72, 6, 'Phường Thổ Quan'),
(73, 6, 'Phường Nam Đồng'),
(74, 6, 'Phường Trung Phụng'),
(75, 6, 'Phường Quang Trung'),
(76, 6, 'Phường Trung Liệt'),
(77, 6, 'Phường Phương Liên'),
(78, 6, 'Phường Thịnh Quang'),
(79, 6, 'Phường Trung Tự'),
(80, 6, 'Phường Kim Liên'),
(81, 6, 'Phường Phương Mai'),
(82, 6, 'Phường Ngã Tư Sở'),
(83, 6, 'Phường Khương Thượng'),
(84, 7, 'Phường Nguyễn Du'),
(85, 7, 'Phường Bạch Đằng'),
(86, 7, 'Phường Phạm Đình Hổ'),
(87, 7, 'Phường Lê Đại Hành'),
(88, 7, 'Phường Đồng Nhân'),
(89, 7, 'Phường Phố Huế'),
(90, 7, 'Phường Đống Mác'),
(91, 7, 'Phường Thanh Lương'),
(92, 7, 'Phường Thanh Nhàn'),
(93, 7, 'Phường Cầu Dền'),
(94, 7, 'Phường Bách Khoa'),
(95, 7, 'Phường Đồng Tâm'),
(96, 7, 'Phường Vĩnh Tuy'),
(97, 7, 'Phường Bạch Mai'),
(98, 7, 'Phường Quỳnh Mai'),
(99, 7, 'Phường Quỳnh Lôi'),
(100, 7, 'Phường Minh Khai'),
(101, 7, 'Phường Trương Định'),
(102, 8, 'Phường Thanh Trì'),
(103, 8, 'Phường Vĩnh Hưng'),
(104, 8, 'Phường Định Công'),
(105, 8, 'Phường Mai Động'),
(106, 8, 'Phường Tương Mai'),
(107, 8, 'Phường Đại Kim'),
(108, 8, 'Phường Tân Mai'),
(109, 8, 'Phường Hoàng Văn Thụ'),
(110, 8, 'Phường Giáp Bát'),
(111, 8, 'Phường Lĩnh Nam'),
(112, 8, 'Phường Thịnh Liệt'),
(113, 8, 'Phường Trần Phú'),
(114, 8, 'Phường Hoàng Liệt'),
(115, 8, 'Phường Yên Sở'),
(116, 9, 'Phường Nhân Chính'),
(117, 9, 'Phường Thượng Đình'),
(118, 9, 'Phường Khương Trung'),
(119, 9, 'Phường Khương Mai'),
(120, 9, 'Phường Thanh Xuân Trung'),
(121, 9, 'Phường Phương Liệt'),
(122, 9, 'Phường Hạ Đình'),
(123, 9, 'Phường Khương Đình'),
(124, 9, 'Phường Thanh Xuân Bắc'),
(125, 9, 'Phường Thanh Xuân Nam'),
(126, 9, 'Phường Kim Giang'),
(127, 10, 'Thị trấn Sóc Sơn'),
(128, 10, 'Xã Bắc Sơn'),
(129, 10, 'Xã Minh Trí'),
(130, 10, 'Xã Hồng Kỳ'),
(131, 10, 'Xã Nam Sơn'),
(132, 10, 'Xã Trung Giã'),
(133, 10, 'Xã Tân Hưng'),
(134, 10, 'Xã Minh Phú'),
(135, 10, 'Xã Phù Linh'),
(136, 10, 'Xã Bắc Phú'),
(137, 10, 'Xã Tân Minh'),
(138, 10, 'Xã Quang Tiến'),
(139, 10, 'Xã Hiền Ninh'),
(140, 10, 'Xã Tân Dân'),
(141, 10, 'Xã Tiên Dược'),
(142, 10, 'Xã Việt Long'),
(143, 10, 'Xã Xuân Giang'),
(144, 10, 'Xã Mai Đình'),
(145, 10, 'Xã Đức Hoà'),
(146, 10, 'Xã Thanh Xuân'),
(147, 10, 'Xã Đông Xuân'),
(148, 10, 'Xã Kim Lũ'),
(149, 10, 'Xã Phú Cường'),
(150, 10, 'Xã Phú Minh'),
(151, 10, 'Xã Phù Lỗ'),
(152, 10, 'Xã Xuân Thu'),
(153, 11, 'Thị trấn Đông Anh'),
(154, 11, 'Xã Xuân Nộn'),
(155, 11, 'Xã Thuỵ Lâm'),
(156, 11, 'Xã Bắc Hồng'),
(157, 11, 'Xã Nguyên Khê'),
(158, 11, 'Xã Nam Hồng'),
(159, 11, 'Xã Tiên Dương'),
(160, 11, 'Xã Vân Hà'),
(161, 11, 'Xã Uy Nỗ'),
(162, 11, 'Xã Vân Nội'),
(163, 11, 'Xã Liên Hà'),
(164, 11, 'Xã Việt Hùng'),
(165, 11, 'Xã Kim Nỗ'),
(166, 11, 'Xã Kim Chung'),
(167, 11, 'Xã Dục Tú'),
(168, 11, 'Xã Đại Mạch'),
(169, 11, 'Xã Vĩnh Ngọc'),
(170, 11, 'Xã Cổ Loa'),
(171, 11, 'Xã Hải Bối'),
(172, 11, 'Xã Xuân Canh'),
(173, 11, 'Xã Võng La'),
(174, 11, 'Xã Tàm Xá'),
(175, 11, 'Xã Mai Lâm'),
(176, 11, 'Xã Đông Hội'),
(177, 12, 'Thị trấn Yên Viên'),
(178, 12, 'Xã Yên Thường'),
(179, 12, 'Xã Yên Viên'),
(180, 12, 'Xã Ninh Hiệp'),
(181, 12, 'Xã Đình Xuyên'),
(182, 12, 'Xã Dương Hà'),
(183, 12, 'Xã Phù Đổng'),
(184, 12, 'Xã Trung Mầu'),
(185, 12, 'Xã Lệ Chi'),
(186, 12, 'Xã Cổ Bi'),
(187, 12, 'Xã Đặng Xá'),
(188, 12, 'Xã Phú Thị'),
(189, 12, 'Xã Kim Sơn'),
(190, 12, 'Thị trấn Trâu Quỳ'),
(191, 12, 'Xã Dương Quang'),
(192, 12, 'Xã Dương Xá'),
(193, 12, 'Xã Đông Dư'),
(194, 12, 'Xã Đa Tốn'),
(195, 12, 'Xã Kiêu Kỵ'),
(196, 12, 'Xã Bát Tràng'),
(197, 12, 'Xã Kim Lan'),
(198, 12, 'Xã Văn Đức'),
(199, 13, 'Phường Cầu Diễn'),
(200, 13, 'Phường Xuân Phương'),
(201, 13, 'Phường Phương Canh'),
(202, 13, 'Phường Mỹ Đình 1'),
(203, 13, 'Phường Mỹ Đình 2'),
(204, 13, 'Phường Tây Mỗ'),
(205, 13, 'Phường Mễ Trì'),
(206, 13, 'Phường Phú Đô'),
(207, 13, 'Phường Đại Mỗ'),
(208, 13, 'Phường Trung Văn'),
(209, 14, 'Thị trấn Văn Điển'),
(210, 14, 'Xã Tân Triều'),
(211, 14, 'Xã Thanh Liệt'),
(212, 14, 'Xã Tả Thanh Oai'),
(213, 14, 'Xã Hữu Hoà'),
(214, 14, 'Xã Tam Hiệp'),
(215, 14, 'Xã Tứ Hiệp'),
(216, 14, 'Xã Yên Mỹ'),
(217, 14, 'Xã Vĩnh Quỳnh'),
(218, 14, 'Xã Ngũ Hiệp'),
(219, 14, 'Xã Duyên Hà'),
(220, 14, 'Xã Ngọc Hồi'),
(221, 14, 'Xã Vạn Phúc'),
(222, 14, 'Xã Đại áng'),
(223, 14, 'Xã Liên Ninh'),
(224, 14, 'Xã Đông Mỹ'),
(225, 15, 'Phường Thượng Cát'),
(226, 15, 'Phường Liên Mạc'),
(227, 15, 'Phường Đông Ngạc'),
(228, 15, 'Phường Đức Thắng'),
(229, 15, 'Phường Thụy Phương'),
(230, 15, 'Phường Tây Tựu'),
(231, 15, 'Phường Xuân Đỉnh'),
(232, 15, 'Phường Xuân Tảo'),
(233, 15, 'Phường Minh Khai'),
(234, 15, 'Phường Cổ Nhuế 1'),
(235, 15, 'Phường Cổ Nhuế 2'),
(236, 15, 'Phường Phú Diễn'),
(237, 15, 'Phường Phúc Diễn'),
(238, 16, 'Thị trấn Chi Đông'),
(239, 16, 'Xã Đại Thịnh'),
(240, 16, 'Xã Kim Hoa'),
(241, 16, 'Xã Thạch Đà'),
(242, 16, 'Xã Tiến Thắng'),
(243, 16, 'Xã Tự Lập'),
(244, 16, 'Thị trấn Quang Minh'),
(245, 16, 'Xã Thanh Lâm'),
(246, 16, 'Xã Tam Đồng'),
(247, 16, 'Xã Liên Mạc'),
(248, 16, 'Xã Vạn Yên'),
(249, 16, 'Xã Chu Phan'),
(250, 16, 'Xã Tiến Thịnh'),
(251, 16, 'Xã Mê Linh'),
(252, 16, 'Xã Văn Khê'),
(253, 16, 'Xã Hoàng Kim'),
(254, 16, 'Xã Tiền Phong'),
(255, 16, 'Xã Tráng Việt'),
(256, 17, 'Phường Nguyễn Trãi'),
(257, 17, 'Phường Mộ Lao'),
(258, 17, 'Phường Văn Quán'),
(259, 17, 'Phường Vạn Phúc'),
(260, 17, 'Phường Yết Kiêu'),
(261, 17, 'Phường Quang Trung'),
(262, 17, 'Phường La Khê'),
(263, 17, 'Phường Phú La'),
(264, 17, 'Phường Phúc La'),
(265, 17, 'Phường Hà Cầu'),
(266, 17, 'Phường Yên Nghĩa'),
(267, 17, 'Phường Kiến Hưng'),
(268, 17, 'Phường Phú Lãm'),
(269, 17, 'Phường Phú Lương'),
(270, 17, 'Phường Dương Nội'),
(271, 17, 'Phường Đồng Mai'),
(272, 17, 'Phường Biên Giang'),
(273, 18, 'Phường Lê Lợi'),
(274, 18, 'Phường Phú Thịnh'),
(275, 18, 'Phường Ngô Quyền'),
(276, 18, 'Phường Quang Trung'),
(277, 18, 'Phường Sơn Lộc'),
(278, 18, 'Phường Xuân Khanh'),
(279, 18, 'Xã Đường Lâm'),
(280, 18, 'Phường Viên Sơn'),
(281, 18, 'Xã Xuân Sơn'),
(282, 18, 'Phường Trung Hưng'),
(283, 18, 'Xã Thanh Mỹ'),
(284, 18, 'Phường Trung Sơn Trầm'),
(285, 18, 'Xã Kim Sơn'),
(286, 18, 'Xã Sơn Đông'),
(287, 18, 'Xã Cổ Đông'),
(288, 19, 'Thị trấn Tây Đằng'),
(289, 19, 'Xã Phú Cường'),
(290, 19, 'Xã Cổ Đô'),
(291, 19, 'Xã Tản Hồng'),
(292, 19, 'Xã Vạn Thắng'),
(293, 19, 'Xã Châu Sơn'),
(294, 19, 'Xã Phong Vân'),
(295, 19, 'Xã Phú Đông'),
(296, 19, 'Xã Phú Phương'),
(297, 19, 'Xã Phú Châu'),
(298, 19, 'Xã Thái Hòa'),
(299, 19, 'Xã Đồng Thái'),
(300, 19, 'Xã Phú Sơn'),
(301, 19, 'Xã Minh Châu'),
(302, 19, 'Xã Vật Lại'),
(303, 19, 'Xã Chu Minh'),
(304, 19, 'Xã Tòng Bạt'),
(305, 19, 'Xã Cẩm Lĩnh'),
(306, 19, 'Xã Sơn Đà'),
(307, 19, 'Xã Đông Quang'),
(308, 19, 'Xã Tiên Phong'),
(309, 19, 'Xã Thụy An'),
(310, 19, 'Xã Cam Thượng'),
(311, 19, 'Xã Thuần Mỹ'),
(312, 19, 'Xã Tản Lĩnh'),
(313, 19, 'Xã Ba Trại'),
(314, 19, 'Xã Minh Quang'),
(315, 19, 'Xã Ba Vì'),
(316, 19, 'Xã Vân Hòa'),
(317, 19, 'Xã Yên Bài'),
(318, 19, 'Xã Khánh Thượng'),
(319, 20, 'Thị trấn Phúc Thọ'),
(320, 20, 'Xã Vân Hà'),
(321, 20, 'Xã Vân Phúc'),
(322, 20, 'Xã Vân Nam'),
(323, 20, 'Xã Xuân Đình'),
(324, 20, 'Xã Sen Phương'),
(325, 20, 'Xã Võng Xuyên'),
(326, 20, 'Xã Thọ Lộc'),
(327, 20, 'Xã Long Xuyên'),
(328, 20, 'Xã Thượng Cốc'),
(329, 20, 'Xã Hát Môn'),
(330, 20, 'Xã Tích Giang'),
(331, 20, 'Xã Thanh Đa'),
(332, 20, 'Xã Trạch Mỹ Lộc'),
(333, 20, 'Xã Phúc Hòa'),
(334, 20, 'Xã Ngọc Tảo'),
(335, 20, 'Xã Phụng Thượng'),
(336, 20, 'Xã Tam Thuấn'),
(337, 20, 'Xã Tam Hiệp'),
(338, 20, 'Xã Hiệp Thuận'),
(339, 20, 'Xã Liên Hiệp'),
(340, 21, 'Thị trấn Phùng'),
(341, 21, 'Xã Trung Châu'),
(342, 21, 'Xã Thọ An'),
(343, 21, 'Xã Thọ Xuân'),
(344, 21, 'Xã Hồng Hà'),
(345, 21, 'Xã Liên Hồng'),
(346, 21, 'Xã Liên Hà'),
(347, 21, 'Xã Hạ Mỗ'),
(348, 21, 'Xã Liên Trung'),
(349, 21, 'Xã Phương Đình'),
(350, 21, 'Xã Thượng Mỗ'),
(351, 21, 'Xã Tân Hội'),
(352, 21, 'Xã Tân Lập'),
(353, 21, 'Xã Đan Phượng'),
(354, 21, 'Xã Đồng Tháp'),
(355, 21, 'Xã Song Phượng'),
(356, 22, 'Thị trấn Trạm Trôi'),
(357, 22, 'Xã Đức Thượng'),
(358, 22, 'Xã Minh Khai'),
(359, 22, 'Xã Dương Liễu'),
(360, 22, 'Xã Di Trạch'),
(361, 22, 'Xã Đức Giang'),
(362, 22, 'Xã Cát Quế'),
(363, 22, 'Xã Kim Chung'),
(364, 22, 'Xã Yên Sở'),
(365, 22, 'Xã Sơn Đồng'),
(366, 22, 'Xã Vân Canh'),
(367, 22, 'Xã Đắc Sở'),
(368, 22, 'Xã Lại Yên'),
(369, 22, 'Xã Tiền Yên'),
(370, 22, 'Xã Song Phương'),
(371, 22, 'Xã An Khánh'),
(372, 22, 'Xã An Thượng'),
(373, 22, 'Xã Vân Côn'),
(374, 22, 'Xã La Phù'),
(375, 22, 'Xã Đông La'),
(376, 23, 'Xã Đông Xuân'),
(377, 23, 'Thị trấn Quốc Oai'),
(378, 23, 'Xã Sài Sơn'),
(379, 23, 'Xã Phượng Cách'),
(380, 23, 'Xã Yên Sơn'),
(381, 23, 'Xã Ngọc Liệp'),
(382, 23, 'Xã Ngọc Mỹ'),
(383, 23, 'Xã Liệp Tuyết'),
(384, 23, 'Xã Thạch Thán'),
(385, 23, 'Xã Đồng Quang'),
(386, 23, 'Xã Phú Cát'),
(387, 23, 'Xã Tuyết Nghĩa'),
(388, 23, 'Xã Nghĩa Hương'),
(389, 23, 'Xã Cộng Hòa'),
(390, 23, 'Xã Tân Phú'),
(391, 23, 'Xã Đại Thành'),
(392, 23, 'Xã Phú Mãn'),
(393, 23, 'Xã Cấn Hữu'),
(394, 23, 'Xã Tân Hòa'),
(395, 23, 'Xã Hòa Thạch'),
(396, 23, 'Xã Đông Yên'),
(397, 24, 'Xã Yên Trung'),
(398, 24, 'Xã Yên Bình'),
(399, 24, 'Xã Tiến Xuân'),
(400, 24, 'Thị trấn Liên Quan'),
(401, 24, 'Xã Đại Đồng'),
(402, 24, 'Xã Cẩm Yên'),
(403, 24, 'Xã Lại Thượng'),
(404, 24, 'Xã Phú Kim'),
(405, 24, 'Xã Hương Ngải'),
(406, 24, 'Xã Canh Nậu'),
(407, 24, 'Xã Kim Quan'),
(408, 24, 'Xã Dị Nậu'),
(409, 24, 'Xã Bình Yên'),
(410, 24, 'Xã Chàng Sơn'),
(411, 24, 'Xã Thạch Hoà'),
(412, 24, 'Xã Cần Kiệm'),
(413, 24, 'Xã Hữu Bằng'),
(414, 24, 'Xã Phùng Xá'),
(415, 24, 'Xã Tân Xã'),
(416, 24, 'Xã Thạch Xá'),
(417, 24, 'Xã Bình Phú'),
(418, 24, 'Xã Hạ Bằng'),
(419, 24, 'Xã Đồng Trúc'),
(420, 25, 'Thị trấn Chúc Sơn'),
(421, 25, 'Thị trấn Xuân Mai'),
(422, 25, 'Xã Phụng Châu'),
(423, 25, 'Xã Tiên Phương'),
(424, 25, 'Xã Đông Sơn'),
(425, 25, 'Xã Đông Phương Yên'),
(426, 25, 'Xã Phú Nghĩa'),
(427, 25, 'Xã Trường Yên'),
(428, 25, 'Xã Ngọc Hòa'),
(429, 25, 'Xã Thủy Xuân Tiên'),
(430, 25, 'Xã Thanh Bình'),
(431, 25, 'Xã Trung Hòa'),
(432, 25, 'Xã Đại Yên'),
(433, 25, 'Xã Thụy Hương'),
(434, 25, 'Xã Tốt Động'),
(435, 25, 'Xã Lam Điền'),
(436, 25, 'Xã Tân Tiến'),
(437, 25, 'Xã Nam Phương Tiến'),
(438, 25, 'Xã Hợp Đồng'),
(439, 25, 'Xã Hoàng Văn Thụ'),
(440, 25, 'Xã Hoàng Diệu'),
(441, 25, 'Xã Hữu Văn'),
(442, 25, 'Xã Quảng Bị'),
(443, 25, 'Xã Mỹ Lương'),
(444, 25, 'Xã Thượng Vực'),
(445, 25, 'Xã Hồng Phong'),
(446, 25, 'Xã Đồng Phú'),
(447, 25, 'Xã Trần Phú'),
(448, 25, 'Xã Văn Võ'),
(449, 25, 'Xã Đồng Lạc'),
(450, 25, 'Xã Hòa Chính'),
(451, 25, 'Xã Phú Nam An'),
(452, 26, 'Thị trấn Kim Bài'),
(453, 26, 'Xã Cự Khê'),
(454, 26, 'Xã Bích Hòa'),
(455, 26, 'Xã Mỹ Hưng'),
(456, 26, 'Xã Cao Viên'),
(457, 26, 'Xã Bình Minh'),
(458, 26, 'Xã Tam Hưng'),
(459, 26, 'Xã Thanh Cao'),
(460, 26, 'Xã Thanh Thùy'),
(461, 26, 'Xã Thanh Mai'),
(462, 26, 'Xã Thanh Văn'),
(463, 26, 'Xã Đỗ Động'),
(464, 26, 'Xã Kim An'),
(465, 26, 'Xã Kim Thư'),
(466, 26, 'Xã Phương Trung'),
(467, 26, 'Xã Tân Ước'),
(468, 26, 'Xã Dân Hòa'),
(469, 26, 'Xã Liên Châu'),
(470, 26, 'Xã Cao Dương'),
(471, 26, 'Xã Xuân Dương'),
(472, 26, 'Xã Hồng Dương'),
(473, 27, 'Thị trấn Thường Tín'),
(474, 27, 'Xã Ninh Sở'),
(475, 27, 'Xã Nhị Khê'),
(476, 27, 'Xã Duyên Thái'),
(477, 27, 'Xã Khánh Hà'),
(478, 27, 'Xã Hòa Bình'),
(479, 27, 'Xã Văn Bình'),
(480, 27, 'Xã Hiền Giang'),
(481, 27, 'Xã Hồng Vân'),
(482, 27, 'Xã Vân Tảo'),
(483, 27, 'Xã Liên Phương'),
(484, 27, 'Xã Văn Phú'),
(485, 27, 'Xã Tự Nhiên'),
(486, 27, 'Xã Tiền Phong'),
(487, 27, 'Xã Hà Hồi'),
(488, 27, 'Xã Thư Phú'),
(489, 27, 'Xã Nguyễn Trãi'),
(490, 27, 'Xã Quất Động'),
(491, 27, 'Xã Chương Dương'),
(492, 27, 'Xã Tân Minh'),
(493, 27, 'Xã Lê Lợi'),
(494, 27, 'Xã Thắng Lợi'),
(495, 27, 'Xã Dũng Tiến'),
(496, 27, 'Xã Thống Nhất'),
(497, 27, 'Xã Nghiêm Xuyên'),
(498, 27, 'Xã Tô Hiệu'),
(499, 27, 'Xã Văn Tự'),
(500, 27, 'Xã Vạn Điểm'),
(501, 27, 'Xã Minh Cường'),
(502, 28, 'Thị trấn Phú Minh'),
(503, 28, 'Thị trấn Phú Xuyên'),
(504, 28, 'Xã Hồng Minh'),
(505, 28, 'Xã Phượng Dực'),
(506, 28, 'Xã Nam Tiến'),
(507, 28, 'Xã Tri Trung'),
(508, 28, 'Xã Đại Thắng'),
(509, 28, 'Xã Phú Túc'),
(510, 28, 'Xã Văn Hoàng'),
(511, 28, 'Xã Hồng Thái'),
(512, 28, 'Xã Hoàng Long'),
(513, 28, 'Xã Quang Trung'),
(514, 28, 'Xã Nam Phong'),
(515, 28, 'Xã Nam Triều'),
(516, 28, 'Xã Tân Dân'),
(517, 28, 'Xã Sơn Hà'),
(518, 28, 'Xã Chuyên Mỹ'),
(519, 28, 'Xã Khai Thái'),
(520, 28, 'Xã Phúc Tiến'),
(521, 28, 'Xã Vân Từ'),
(522, 28, 'Xã Tri Thủy'),
(523, 28, 'Xã Đại Xuyên'),
(524, 28, 'Xã Phú Yên'),
(525, 28, 'Xã Bạch Hạ'),
(526, 28, 'Xã Quang Lãng'),
(527, 28, 'Xã Châu Can'),
(528, 28, 'Xã Minh Tân'),
(529, 29, 'Thị trấn Vân Đình'),
(530, 29, 'Xã Viên An'),
(531, 29, 'Xã Viên Nội'),
(532, 29, 'Xã Hoa Sơn'),
(533, 29, 'Xã Quảng Phú Cầu'),
(534, 29, 'Xã Trường Thịnh'),
(535, 29, 'Xã Cao Thành'),
(536, 29, 'Xã Liên Bạt'),
(537, 29, 'Xã Sơn Công'),
(538, 29, 'Xã Đồng Tiến'),
(539, 29, 'Xã Phương Tú'),
(540, 29, 'Xã Trung Tú'),
(541, 29, 'Xã Đồng Tân'),
(542, 29, 'Xã Tảo Dương Văn'),
(543, 29, 'Xã Vạn Thái'),
(544, 29, 'Xã Minh Đức'),
(545, 29, 'Xã Hòa Lâm'),
(546, 29, 'Xã Hòa Xá'),
(547, 29, 'Xã Trầm Lộng'),
(548, 29, 'Xã Kim Đường'),
(549, 29, 'Xã Hòa Nam'),
(550, 29, 'Xã Hòa Phú'),
(551, 29, 'Xã Đội Bình'),
(552, 29, 'Xã Đại Hùng'),
(553, 29, 'Xã Đông Lỗ'),
(554, 29, 'Xã Phù Lưu'),
(555, 29, 'Xã Đại Cường'),
(556, 29, 'Xã Lưu Hoàng'),
(557, 29, 'Xã Hồng Quang'),
(558, 30, 'Thị trấn Đại Nghĩa'),
(559, 30, 'Xã Đồng Tâm'),
(560, 30, 'Xã Thượng Lâm'),
(561, 30, 'Xã Tuy Lai'),
(562, 30, 'Xã Phúc Lâm'),
(563, 30, 'Xã Mỹ Thành'),
(564, 30, 'Xã Bột Xuyên'),
(565, 30, 'Xã An Mỹ'),
(566, 30, 'Xã Hồng Sơn'),
(567, 30, 'Xã Lê Thanh'),
(568, 30, 'Xã Xuy Xá'),
(569, 30, 'Xã Phùng Xá'),
(570, 30, 'Xã Phù Lưu Tế'),
(571, 30, 'Xã Đại Hưng'),
(572, 30, 'Xã Vạn Kim'),
(573, 30, 'Xã Đốc Tín'),
(574, 30, 'Xã Hương Sơn'),
(575, 30, 'Xã Hùng Tiến'),
(576, 30, 'Xã An Tiến'),
(577, 30, 'Xã Hợp Tiến'),
(578, 30, 'Xã Hợp Thanh'),
(579, 30, 'Xã An Phú'),
(580, 31, 'Phường Quang Trung'),
(581, 31, 'Phường Trần Phú'),
(582, 31, 'Phường Ngọc Hà'),
(583, 31, 'Phường Nguyễn Trãi'),
(584, 31, 'Phường Minh Khai'),
(585, 31, 'Xã Ngọc Đường'),
(586, 31, 'Xã Phương Độ'),
(587, 31, 'Xã Phương Thiện'),
(588, 32, 'Thị trấn Phó Bảng'),
(589, 32, 'Xã Lũng Cú'),
(590, 32, 'Xã Má Lé'),
(591, 32, 'Thị trấn Đồng Văn'),
(592, 32, 'Xã Lũng Táo'),
(593, 32, 'Xã Phố Là'),
(594, 32, 'Xã Thài Phìn Tủng'),
(595, 32, 'Xã Sủng Là'),
(596, 32, 'Xã Xà Phìn'),
(597, 32, 'Xã Tả Phìn'),
(598, 32, 'Xã Tả Lủng'),
(599, 32, 'Xã Phố Cáo'),
(600, 32, 'Xã Sính Lủng'),
(601, 32, 'Xã Sảng Tủng'),
(602, 32, 'Xã Lũng Thầu'),
(603, 32, 'Xã Hố Quáng Phìn'),
(604, 32, 'Xã Vần Chải'),
(605, 32, 'Xã Lũng Phìn'),
(606, 32, 'Xã Sủng Trái'),
(607, 33, 'Thị trấn Mèo Vạc'),
(608, 33, 'Xã Thượng Phùng'),
(609, 33, 'Xã Pải Lủng'),
(610, 33, 'Xã Xín Cái'),
(611, 33, 'Xã Pả Vi'),
(612, 33, 'Xã Giàng Chu Phìn'),
(613, 33, 'Xã Sủng Trà'),
(614, 33, 'Xã Sủng Máng'),
(615, 33, 'Xã Sơn Vĩ'),
(616, 33, 'Xã Tả Lủng'),
(617, 33, 'Xã Cán Chu Phìn'),
(618, 33, 'Xã Lũng Pù'),
(619, 33, 'Xã Lũng Chinh'),
(620, 33, 'Xã Tát Ngà'),
(621, 33, 'Xã Nậm Ban'),
(622, 33, 'Xã Khâu Vai'),
(623, 33, 'Xã Niêm Tòng'),
(624, 33, 'Xã Niêm Sơn'),
(625, 34, 'Thị trấn Yên Minh'),
(626, 34, 'Xã Thắng Mố'),
(627, 34, 'Xã Phú Lũng'),
(628, 34, 'Xã Sủng Tráng'),
(629, 34, 'Xã Bạch Đích'),
(630, 34, 'Xã Na Khê'),
(631, 34, 'Xã Sủng Thài'),
(632, 34, 'Xã Hữu Vinh'),
(633, 34, 'Xã Lao Và Chải'),
(634, 34, 'Xã Mậu Duệ'),
(635, 34, 'Xã Đông Minh'),
(636, 34, 'Xã Mậu Long'),
(637, 34, 'Xã Ngam La'),
(638, 34, 'Xã Ngọc Long'),
(639, 34, 'Xã Đường Thượng'),
(640, 34, 'Xã Lũng Hồ'),
(641, 34, 'Xã Du Tiến'),
(642, 34, 'Xã Du Già'),
(643, 35, 'Thị trấn Tam Sơn'),
(644, 35, 'Xã Bát Đại Sơn'),
(645, 35, 'Xã Nghĩa Thuận'),
(646, 35, 'Xã Cán Tỷ'),
(647, 35, 'Xã Cao Mã Pờ'),
(648, 35, 'Xã Thanh Vân'),
(649, 35, 'Xã Tùng Vài'),
(650, 35, 'Xã Đông Hà'),
(651, 35, 'Xã Quản Bạ'),
(652, 35, 'Xã Lùng Tám'),
(653, 35, 'Xã Quyết Tiến'),
(654, 35, 'Xã Tả Ván'),
(655, 35, 'Xã Thái An'),
(656, 36, 'Xã Kim Thạch'),
(657, 36, 'Xã Phú Linh'),
(658, 36, 'Xã Kim Linh'),
(659, 36, 'Thị trấn Vị Xuyên'),
(660, 36, 'Thị trấn Nông Trường Việt Lâm'),
(661, 36, 'Xã Minh Tân'),
(662, 36, 'Xã Thuận Hoà'),
(663, 36, 'Xã Tùng Bá'),
(664, 36, 'Xã Thanh Thủy'),
(665, 36, 'Xã Thanh Đức'),
(666, 36, 'Xã Phong Quang'),
(667, 36, 'Xã Xín Chải'),
(668, 36, 'Xã Phương Tiến'),
(669, 36, 'Xã Lao Chải'),
(670, 36, 'Xã Cao Bồ'),
(671, 36, 'Xã Đạo Đức'),
(672, 36, 'Xã Thượng Sơn'),
(673, 36, 'Xã Linh Hồ'),
(674, 36, 'Xã Quảng Ngần'),
(675, 36, 'Xã Việt Lâm'),
(676, 36, 'Xã Ngọc Linh'),
(677, 36, 'Xã Ngọc Minh'),
(678, 36, 'Xã Bạch Ngọc'),
(679, 36, 'Xã Trung Thành'),
(680, 37, 'Xã Minh Sơn'),
(681, 37, 'Xã Giáp Trung'),
(682, 37, 'Xã Yên Định'),
(683, 37, 'Thị trấn Yên Phú'),
(684, 37, 'Xã Minh Ngọc'),
(685, 37, 'Xã Yên Phong'),
(686, 37, 'Xã Lạc Nông'),
(687, 37, 'Xã Phú Nam'),
(688, 37, 'Xã Yên Cường'),
(689, 37, 'Xã Thượng Tân'),
(690, 37, 'Xã Đường Âm'),
(691, 37, 'Xã Đường Hồng'),
(692, 37, 'Xã Phiêng Luông'),
(693, 38, 'Thị trấn Vinh Quang'),
(694, 38, 'Xã Bản Máy'),
(695, 38, 'Xã Thàng Tín'),
(696, 38, 'Xã Thèn Chu Phìn'),
(697, 38, 'Xã Pố Lồ'),
(698, 38, 'Xã Bản Phùng'),
(699, 38, 'Xã Túng Sán'),
(700, 38, 'Xã Chiến Phố'),
(701, 38, 'Xã Đản Ván'),
(702, 38, 'Xã Tụ Nhân'),
(703, 38, 'Xã Tân Tiến'),
(704, 38, 'Xã Nàng Đôn'),
(705, 38, 'Xã Pờ Ly Ngài'),
(706, 38, 'Xã Sán Xả Hồ'),
(707, 38, 'Xã Bản Luốc'),
(708, 38, 'Xã Ngàm Đăng Vài'),
(709, 38, 'Xã Bản Nhùng'),
(710, 38, 'Xã Tả Sử Choóng'),
(711, 38, 'Xã Nậm Dịch'),
(712, 38, 'Xã Hồ Thầu'),
(713, 38, 'Xã Nam Sơn'),
(714, 38, 'Xã Nậm Tỵ'),
(715, 38, 'Xã Thông Nguyên'),
(716, 38, 'Xã Nậm Khòa'),
(717, 39, 'Thị trấn Cốc Pài'),
(718, 39, 'Xã Nàn Xỉn'),
(719, 39, 'Xã Bản Díu'),
(720, 39, 'Xã Chí Cà'),
(721, 39, 'Xã Xín Mần'),
(722, 39, 'Xã Thèn Phàng'),
(723, 39, 'Xã Trung Thịnh'),
(724, 39, 'Xã Pà Vầy Sủ'),
(725, 39, 'Xã Cốc Rế'),
(726, 39, 'Xã Thu Tà'),
(727, 39, 'Xã Nàn Ma'),
(728, 39, 'Xã Tả Nhìu'),
(729, 39, 'Xã Bản Ngò'),
(730, 39, 'Xã Chế Là'),
(731, 39, 'Xã Nấm Dẩn'),
(732, 39, 'Xã Quảng Nguyên'),
(733, 39, 'Xã Nà Chì'),
(734, 39, 'Xã Khuôn Lùng'),
(735, 40, 'Thị trấn Việt Quang'),
(736, 40, 'Thị trấn Vĩnh Tuy'),
(737, 40, 'Xã Tân Lập'),
(738, 40, 'Xã Tân Thành'),
(739, 40, 'Xã Đồng Tiến'),
(740, 40, 'Xã Đồng Tâm'),
(741, 40, 'Xã Tân Quang'),
(742, 40, 'Xã Thượng Bình'),
(743, 40, 'Xã Hữu Sản'),
(744, 40, 'Xã Kim Ngọc'),
(745, 40, 'Xã Việt Vinh'),
(746, 40, 'Xã Bằng Hành'),
(747, 40, 'Xã Quang Minh'),
(748, 40, 'Xã Liên Hiệp'),
(749, 40, 'Xã Vô Điếm'),
(750, 40, 'Xã Việt Hồng'),
(751, 40, 'Xã Hùng An'),
(752, 40, 'Xã Đức Xuân'),
(753, 40, 'Xã Tiên Kiều'),
(754, 40, 'Xã Vĩnh Hảo'),
(755, 40, 'Xã Vĩnh Phúc'),
(756, 40, 'Xã Đồng Yên'),
(757, 40, 'Xã Đông Thành'),
(758, 41, 'Xã Xuân Minh'),
(759, 41, 'Xã Tiên Nguyên'),
(760, 41, 'Xã Tân Nam'),
(761, 41, 'Xã Bản Rịa'),
(762, 41, 'Xã Yên Thành'),
(763, 41, 'Thị trấn Yên Bình'),
(764, 41, 'Xã Tân Trịnh'),
(765, 41, 'Xã Tân Bắc'),
(766, 41, 'Xã Bằng Lang'),
(767, 41, 'Xã Yên Hà'),
(768, 41, 'Xã Hương Sơn'),
(769, 41, 'Xã Xuân Giang'),
(770, 41, 'Xã Nà Khương'),
(771, 41, 'Xã Tiên Yên'),
(772, 41, 'Xã Vĩ Thượng'),
(773, 42, 'Phường Sông Hiến'),
(774, 42, 'Phường Sông Bằng'),
(775, 42, 'Phường Hợp Giang'),
(776, 42, 'Phường Tân Giang'),
(777, 42, 'Phường Ngọc Xuân'),
(778, 42, 'Phường Đề Thám'),
(779, 42, 'Phường Hoà Chung'),
(780, 42, 'Phường Duyệt Trung'),
(781, 42, 'Xã Vĩnh Quang'),
(782, 42, 'Xã Hưng Đạo'),
(783, 42, 'Xã Chu Trinh'),
(784, 43, 'Thị trấn Pác Miầu'),
(785, 43, 'Xã Đức Hạnh'),
(786, 43, 'Xã Lý Bôn'),
(787, 43, 'Xã Nam Cao'),
(788, 43, 'Xã Nam Quang'),
(789, 43, 'Xã Vĩnh Quang'),
(790, 43, 'Xã Quảng Lâm'),
(791, 43, 'Xã Thạch Lâm'),
(792, 43, 'Xã Vĩnh Phong'),
(793, 43, 'Xã Mông Ân'),
(794, 43, 'Xã Thái Học'),
(795, 43, 'Xã Thái Sơn'),
(796, 43, 'Xã Yên Thổ'),
(797, 44, 'Thị trấn Bảo Lạc'),
(798, 44, 'Xã Cốc Pàng'),
(799, 44, 'Xã Thượng Hà'),
(800, 44, 'Xã Cô Ba'),
(801, 44, 'Xã Bảo Toàn'),
(802, 44, 'Xã Khánh Xuân'),
(803, 44, 'Xã Xuân Trường'),
(804, 44, 'Xã Hồng Trị'),
(805, 44, 'Xã Kim Cúc'),
(806, 44, 'Xã Phan Thanh'),
(807, 44, 'Xã Hồng An'),
(808, 44, 'Xã Hưng Đạo'),
(809, 44, 'Xã Hưng Thịnh'),
(810, 44, 'Xã Huy Giáp'),
(811, 44, 'Xã Đình Phùng'),
(812, 44, 'Xã Sơn Lập'),
(813, 44, 'Xã Sơn Lộ'),
(814, 45, 'Thị trấn Thông Nông'),
(815, 45, 'Xã Cần Yên'),
(816, 45, 'Xã Cần Nông'),
(817, 45, 'Xã Lương Thông'),
(818, 45, 'Xã Đa Thông'),
(819, 45, 'Xã Ngọc Động'),
(820, 45, 'Xã Yên Sơn'),
(821, 45, 'Xã Lương Can'),
(822, 45, 'Xã Thanh Long'),
(823, 45, 'Thị trấn Xuân Hòa'),
(824, 45, 'Xã Lũng Nặm'),
(825, 45, 'Xã Trường Hà'),
(826, 45, 'Xã Cải Viên'),
(827, 45, 'Xã Nội Thôn'),
(828, 45, 'Xã Tổng Cọt'),
(829, 45, 'Xã Sóc Hà'),
(830, 45, 'Xã Thượng Thôn'),
(831, 45, 'Xã Hồng Sỹ'),
(832, 45, 'Xã Quý Quân'),
(833, 45, 'Xã Mã Ba'),
(834, 45, 'Xã Ngọc Đào'),
(835, 46, 'Thị trấn Trà Lĩnh'),
(836, 46, 'Xã Tri Phương'),
(837, 46, 'Xã Quang Hán'),
(838, 46, 'Xã Xuân Nội'),
(839, 46, 'Xã Quang Trung'),
(840, 46, 'Xã Quang Vinh'),
(841, 46, 'Xã Cao Chương'),
(842, 46, 'Thị trấn Trùng Khánh'),
(843, 46, 'Xã Ngọc Khê'),
(844, 46, 'Xã Ngọc Côn'),
(845, 46, 'Xã Phong Nậm'),
(846, 46, 'Xã Đình Phong'),
(847, 46, 'Xã Đàm Thuỷ'),
(848, 46, 'Xã Khâm Thành'),
(849, 46, 'Xã Chí Viễn'),
(850, 46, 'Xã Lăng Hiếu'),
(851, 46, 'Xã Phong Châu'),
(852, 46, 'Xã Trung Phúc'),
(853, 46, 'Xã Cao Thăng'),
(854, 46, 'Xã Đức Hồng'),
(855, 46, 'Xã Đoài Dương'),
(856, 47, 'Xã Minh Long'),
(857, 47, 'Xã Lý Quốc'),
(858, 47, 'Xã Thắng Lợi'),
(859, 47, 'Xã Đồng Loan'),
(860, 47, 'Xã Đức Quang'),
(861, 47, 'Xã Kim Loan'),
(862, 47, 'Xã Quang Long'),
(863, 47, 'Xã An Lạc'),
(864, 47, 'Thị trấn Thanh Nhật'),
(865, 47, 'Xã Vinh Quý'),
(866, 47, 'Xã Thống Nhất'),
(867, 47, 'Xã Cô Ngân'),
(868, 47, 'Xã Thị Hoa'),
(869, 48, 'Xã Quốc Toản'),
(870, 48, 'Thị trấn Quảng Uyên'),
(871, 48, 'Xã Phi Hải'),
(872, 48, 'Xã Quảng Hưng'),
(873, 48, 'Xã Độc Lập'),
(874, 48, 'Xã Cai Bộ'),
(875, 48, 'Xã Phúc Sen'),
(876, 48, 'Xã Chí Thảo'),
(877, 48, 'Xã Tự Do'),
(878, 48, 'Xã Hồng Quang'),
(879, 48, 'Xã Ngọc Động'),
(880, 48, 'Xã Hạnh Phúc'),
(881, 48, 'Thị trấn Tà Lùng'),
(882, 48, 'Xã Bế Văn Đàn'),
(883, 48, 'Xã Cách Linh'),
(884, 48, 'Xã Đại Sơn'),
(885, 48, 'Xã Tiên Thành'),
(886, 48, 'Thị trấn Hoà Thuận'),
(887, 48, 'Xã Mỹ Hưng'),
(888, 49, 'Thị trấn Nước Hai'),
(889, 49, 'Xã Dân Chủ'),
(890, 49, 'Xã Nam Tuấn'),
(891, 49, 'Xã Đại Tiến'),
(892, 49, 'Xã Đức Long'),
(893, 49, 'Xã Ngũ Lão'),
(894, 49, 'Xã Trương Lương'),
(895, 49, 'Xã Hồng Việt'),
(896, 49, 'Xã Hoàng Tung'),
(897, 49, 'Xã Nguyễn Huệ'),
(898, 49, 'Xã Quang Trung'),
(899, 49, 'Xã Bạch Đằng'),
(900, 49, 'Xã Bình Dương'),
(901, 49, 'Xã Lê Chung'),
(902, 49, 'Xã Hồng Nam'),
(903, 50, 'Thị trấn Nguyên Bình'),
(904, 50, 'Thị trấn Tĩnh Túc'),
(905, 50, 'Xã Yên Lạc'),
(906, 50, 'Xã Triệu Nguyên'),
(907, 50, 'Xã Ca Thành'),
(908, 50, 'Xã Vũ Nông'),
(909, 50, 'Xã Minh Tâm'),
(910, 50, 'Xã Thể Dục'),
(911, 50, 'Xã Mai Long'),
(912, 50, 'Xã Vũ Minh'),
(913, 50, 'Xã Hoa Thám'),
(914, 50, 'Xã Phan Thanh'),
(915, 50, 'Xã Quang Thành'),
(916, 50, 'Xã Tam Kim'),
(917, 50, 'Xã Thành Công'),
(918, 50, 'Xã Thịnh Vượng'),
(919, 50, 'Xã Hưng Đạo'),
(920, 51, 'Thị trấn Đông Khê'),
(921, 51, 'Xã Canh Tân'),
(922, 51, 'Xã Kim Đồng'),
(923, 51, 'Xã Minh Khai'),
(924, 51, 'Xã Đức Thông'),
(925, 51, 'Xã Thái Cường'),
(926, 51, 'Xã Vân Trình'),
(927, 51, 'Xã Thụy Hùng'),
(928, 51, 'Xã Quang Trọng'),
(929, 51, 'Xã Trọng Con'),
(930, 51, 'Xã Lê Lai'),
(931, 51, 'Xã Đức Long'),
(932, 51, 'Xã Lê Lợi'),
(933, 51, 'Xã Đức Xuân'),
(934, 52, 'Phường Nguyễn Thị Minh Khai'),
(935, 52, 'Phường Sông Cầu'),
(936, 52, 'Phường Đức Xuân'),
(937, 52, 'Phường Phùng Chí Kiên'),
(938, 52, 'Phường Huyền Tụng'),
(939, 52, 'Xã Dương Quang'),
(940, 52, 'Xã Nông Thượng'),
(941, 52, 'Phường Xuất Hóa'),
(942, 53, 'Xã Bằng Thành'),
(943, 53, 'Xã Nhạn Môn'),
(944, 53, 'Xã Bộc Bố'),
(945, 53, 'Xã Công Bằng'),
(946, 53, 'Xã Giáo Hiệu'),
(947, 53, 'Xã Xuân La'),
(948, 53, 'Xã An Thắng'),
(949, 53, 'Xã Cổ Linh'),
(950, 53, 'Xã Nghiên Loan'),
(951, 53, 'Xã Cao Tân'),
(952, 54, 'Thị trấn Chợ Rã'),
(953, 54, 'Xã Bành Trạch'),
(954, 54, 'Xã Phúc Lộc'),
(955, 54, 'Xã Hà Hiệu'),
(956, 54, 'Xã Cao Thượng'),
(957, 54, 'Xã Khang Ninh'),
(958, 54, 'Xã Nam Mẫu'),
(959, 54, 'Xã Thượng Giáo'),
(960, 54, 'Xã Địa Linh'),
(961, 54, 'Xã Yến Dương'),
(962, 54, 'Xã Chu Hương'),
(963, 54, 'Xã Quảng Khê'),
(964, 54, 'Xã Mỹ Phương'),
(965, 54, 'Xã Hoàng Trĩ'),
(966, 54, 'Xã Đồng Phúc'),
(967, 55, 'Thị trấn Nà Phặc'),
(968, 55, 'Xã Thượng Ân'),
(969, 55, 'Xã Bằng Vân'),
(970, 55, 'Xã Cốc Đán'),
(971, 55, 'Xã Trung Hoà'),
(972, 55, 'Xã Đức Vân'),
(973, 55, 'Xã Vân Tùng'),
(974, 55, 'Xã Thượng Quan'),
(975, 55, 'Xã Hiệp Lực'),
(976, 55, 'Xã Thuần Mang'),
(977, 56, 'Thị trấn Phủ Thông'),
(978, 56, 'Xã Vi Hương'),
(979, 56, 'Xã Sĩ Bình'),
(980, 56, 'Xã Vũ Muộn'),
(981, 56, 'Xã Đôn Phong'),
(982, 56, 'Xã Lục Bình'),
(983, 56, 'Xã Tân Tú'),
(984, 56, 'Xã Nguyên Phúc'),
(985, 56, 'Xã Cao Sơn'),
(986, 56, 'Xã Quân Hà'),
(987, 56, 'Xã Cẩm Giàng'),
(988, 56, 'Xã Mỹ Thanh'),
(989, 56, 'Xã Dương Phong'),
(990, 56, 'Xã Quang Thuận'),
(991, 57, 'Thị trấn Bằng Lũng'),
(992, 57, 'Xã Xuân Lạc'),
(993, 57, 'Xã Nam Cường'),
(994, 57, 'Xã Đồng Lạc'),
(995, 57, 'Xã Tân Lập'),
(996, 57, 'Xã Bản Thi'),
(997, 57, 'Xã Quảng Bạch'),
(998, 57, 'Xã Bằng Phúc'),
(999, 57, 'Xã Yên Thịnh'),
(1000, 57, 'Xã Yên Thượng'),
(1001, 57, 'Xã Phương Viên'),
(1002, 57, 'Xã Ngọc Phái'),
(1003, 57, 'Xã Đồng Thắng'),
(1004, 57, 'Xã Lương Bằng'),
(1005, 57, 'Xã Bằng Lãng'),
(1006, 57, 'Xã Đại Sảo'),
(1007, 57, 'Xã Nghĩa Tá'),
(1008, 57, 'Xã Yên Mỹ'),
(1009, 57, 'Xã Bình Trung'),
(1010, 57, 'Xã Yên Phong'),
(1011, 58, 'Thị trấn Đồng Tâm'),
(1012, 58, 'Xã Tân Sơn'),
(1013, 58, 'Xã Thanh Vận'),
(1014, 58, 'Xã Mai Lạp'),
(1015, 58, 'Xã Hoà Mục'),
(1016, 58, 'Xã Thanh Mai'),
(1017, 58, 'Xã Cao Kỳ'),
(1018, 58, 'Xã Nông Hạ'),
(1019, 58, 'Xã Yên Cư'),
(1020, 58, 'Xã Thanh Thịnh'),
(1021, 58, 'Xã Yên Hân'),
(1022, 58, 'Xã Như Cố'),
(1023, 58, 'Xã Bình Văn'),
(1024, 58, 'Xã Quảng Chu'),
(1025, 59, 'Xã Văn Vũ'),
(1026, 59, 'Xã Văn Lang'),
(1027, 59, 'Xã Lương Thượng'),
(1028, 59, 'Xã Kim Hỷ'),
(1029, 59, 'Xã Cường Lợi'),
(1030, 59, 'Thị trấn Yến Lạc'),
(1031, 59, 'Xã Kim Lư'),
(1032, 59, 'Xã Sơn Thành'),
(1033, 59, 'Xã Văn Minh'),
(1034, 59, 'Xã Côn Minh'),
(1035, 59, 'Xã Cư Lễ'),
(1036, 59, 'Xã Trần Phú'),
(1037, 59, 'Xã Quang Phong'),
(1038, 59, 'Xã Dương Sơn'),
(1039, 59, 'Xã Xuân Dương'),
(1040, 59, 'Xã Đổng Xá'),
(1041, 59, 'Xã Liêm Thuỷ'),
(1042, 60, 'Phường Phan Thiết'),
(1043, 60, 'Phường Minh Xuân'),
(1044, 60, 'Phường Tân Quang'),
(1045, 60, 'Xã Tràng Đà'),
(1046, 60, 'Phường Nông Tiến'),
(1047, 60, 'Phường Ỷ La'),
(1048, 60, 'Phường Tân Hà'),
(1049, 60, 'Phường Hưng Thành'),
(1050, 60, 'Xã Kim Phú'),
(1051, 60, 'Xã An Khang'),
(1052, 60, 'Phường Mỹ Lâm'),
(1053, 60, 'Phường An Tường'),
(1054, 60, 'Xã Lưỡng Vượng'),
(1055, 60, 'Xã Thái Long'),
(1056, 60, 'Phường Đội Cấn'),
(1057, 61, 'Xã Phúc Yên'),
(1058, 61, 'Xã Xuân Lập'),
(1059, 61, 'Xã Khuôn Hà'),
(1060, 61, 'Thị trấn Lăng Can'),
(1061, 61, 'Xã Thượng Lâm'),
(1062, 61, 'Xã Bình An'),
(1063, 61, 'Xã Hồng Quang'),
(1064, 61, 'Xã Thổ Bình'),
(1065, 61, 'Xã Phúc Sơn'),
(1066, 61, 'Xã Minh Quang'),
(1067, 62, 'Thị trấn Na Hang'),
(1068, 62, 'Xã Sinh Long'),
(1069, 62, 'Xã Thượng Giáp'),
(1070, 62, 'Xã Thượng Nông'),
(1071, 62, 'Xã Côn Lôn'),
(1072, 62, 'Xã Yên Hoa'),
(1073, 62, 'Xã Hồng Thái'),
(1074, 62, 'Xã Đà Vị'),
(1075, 62, 'Xã Khau Tinh'),
(1076, 62, 'Xã Sơn Phú'),
(1077, 62, 'Xã Năng Khả'),
(1078, 62, 'Xã Thanh Tương'),
(1079, 63, 'Thị trấn Vĩnh Lộc'),
(1080, 63, 'Xã Trung Hà'),
(1081, 63, 'Xã Tân Mỹ'),
(1082, 63, 'Xã Hà Lang'),
(1083, 63, 'Xã Hùng Mỹ'),
(1084, 63, 'Xã Yên Lập'),
(1085, 63, 'Xã Tân An'),
(1086, 63, 'Xã Bình Phú'),
(1087, 63, 'Xã Xuân Quang'),
(1088, 63, 'Xã Ngọc Hội'),
(1089, 63, 'Xã Phú Bình'),
(1090, 63, 'Xã Hòa Phú'),
(1091, 63, 'Xã Phúc Thịnh'),
(1092, 63, 'Xã Kiên Đài'),
(1093, 63, 'Xã Tân Thịnh'),
(1094, 63, 'Xã Trung Hòa'),
(1095, 63, 'Xã Kim Bình'),
(1096, 63, 'Xã Hòa An'),
(1097, 63, 'Xã Vinh Quang'),
(1098, 63, 'Xã Tri Phú'),
(1099, 63, 'Xã Nhân Lý'),
(1100, 63, 'Xã Yên Nguyên'),
(1101, 63, 'Xã Linh Phú'),
(1102, 63, 'Xã Bình Nhân'),
(1103, 64, 'Thị trấn Tân Yên'),
(1104, 64, 'Xã Yên Thuận'),
(1105, 64, 'Xã Bạch Xa'),
(1106, 64, 'Xã Minh Khương'),
(1107, 64, 'Xã Yên Lâm'),
(1108, 64, 'Xã Minh Dân'),
(1109, 64, 'Xã Phù Lưu'),
(1110, 64, 'Xã Minh Hương'),
(1111, 64, 'Xã Yên Phú'),
(1112, 64, 'Xã Tân Thành'),
(1113, 64, 'Xã Bình Xa'),
(1114, 64, 'Xã Thái Sơn'),
(1115, 64, 'Xã Nhân Mục'),
(1116, 64, 'Xã Thành Long'),
(1117, 64, 'Xã Bằng Cốc'),
(1118, 64, 'Xã Thái Hòa'),
(1119, 64, 'Xã Đức Ninh'),
(1120, 64, 'Xã Hùng Đức'),
(1121, 65, 'Xã Quí Quân'),
(1122, 65, 'Xã Lực Hành'),
(1123, 65, 'Xã Kiến Thiết'),
(1124, 65, 'Xã Trung Minh'),
(1125, 65, 'Xã Chiêu Yên'),
(1126, 65, 'Xã Trung Trực'),
(1127, 65, 'Xã Xuân Vân'),
(1128, 65, 'Xã Phúc Ninh'),
(1129, 65, 'Xã Hùng Lợi'),
(1130, 65, 'Xã Trung Sơn'),
(1131, 65, 'Xã Tân Tiến'),
(1132, 65, 'Xã Tứ Quận'),
(1133, 65, 'Xã Đạo Viện'),
(1134, 65, 'Xã Tân Long'),
(1135, 65, 'Thị trấn Yên Sơn'),
(1136, 65, 'Xã Kim Quan'),
(1137, 65, 'Xã Lang Quán'),
(1138, 65, 'Xã Phú Thịnh'),
(1139, 65, 'Xã Công Đa'),
(1140, 65, 'Xã Trung Môn'),
(1141, 65, 'Xã Chân Sơn'),
(1142, 65, 'Xã Thái Bình'),
(1143, 65, 'Xã Tiến Bộ'),
(1144, 65, 'Xã Mỹ Bằng'),
(1145, 65, 'Xã Hoàng Khai'),
(1146, 65, 'Xã Nhữ Hán'),
(1147, 65, 'Xã Nhữ Khê'),
(1148, 65, 'Xã Đội Bình'),
(1149, 66, 'Thị trấn Sơn Dương'),
(1150, 66, 'Xã Trung Yên'),
(1151, 66, 'Xã Minh Thanh'),
(1152, 66, 'Xã Tân Trào'),
(1153, 66, 'Xã Vĩnh Lợi'),
(1154, 66, 'Xã Thượng Ấm'),
(1155, 66, 'Xã Bình Yên'),
(1156, 66, 'Xã Lương Thiện'),
(1157, 66, 'Xã Tú Thịnh'),
(1158, 66, 'Xã Cấp Tiến'),
(1159, 66, 'Xã Hợp Thành'),
(1160, 66, 'Xã Phúc Ứng'),
(1161, 66, 'Xã Đông Thọ'),
(1162, 66, 'Xã Kháng Nhật'),
(1163, 66, 'Xã Hợp Hòa'),
(1164, 66, 'Xã Quyết Thắng'),
(1165, 66, 'Xã Đồng Quý'),
(1166, 66, 'Xã Tân Thanh'),
(1167, 66, 'Xã Vân Sơn'),
(1168, 66, 'Xã Văn Phú'),
(1169, 66, 'Xã Chi Thiết'),
(1170, 66, 'Xã Đông Lợi'),
(1171, 66, 'Xã Thiện Kế'),
(1172, 66, 'Xã Hồng Lạc'),
(1173, 66, 'Xã Phú Lương'),
(1174, 66, 'Xã Ninh Lai'),
(1175, 66, 'Xã Đại Phú'),
(1176, 66, 'Xã Sơn Nam'),
(1177, 66, 'Xã Hào Phú'),
(1178, 66, 'Xã Tam Đa'),
(1179, 66, 'Xã Trường Sinh'),
(1180, 67, 'Phường Duyên Hải'),
(1181, 67, 'Phường Lào Cai'),
(1182, 67, 'Phường Cốc Lếu'),
(1183, 67, 'Phường Kim Tân'),
(1184, 67, 'Phường Bắc Lệnh'),
(1185, 67, 'Phường Pom Hán'),
(1186, 67, 'Phường Xuân Tăng'),
(1187, 67, 'Phường Bình Minh'),
(1188, 67, 'Xã Thống Nhất'),
(1189, 67, 'Xã Đồng Tuyển'),
(1190, 67, 'Xã Vạn Hoà'),
(1191, 67, 'Phường Bắc Cường'),
(1192, 67, 'Phường Nam Cường'),
(1193, 67, 'Xã Cam Đường'),
(1194, 67, 'Xã Tả Phời'),
(1195, 67, 'Xã Hợp Thành'),
(1196, 67, 'Xã Cốc San'),
(1197, 68, 'Thị trấn Bát Xát'),
(1198, 68, 'Xã A Mú Sung'),
(1199, 68, 'Xã Nậm Chạc'),
(1200, 68, 'Xã A Lù'),
(1201, 68, 'Xã Trịnh Tường'),
(1202, 68, 'Xã Y Tý'),
(1203, 68, 'Xã Cốc Mỳ'),
(1204, 68, 'Xã Dền Sáng'),
(1205, 68, 'Xã Bản Vược'),
(1206, 68, 'Xã Sàng Ma Sáo'),
(1207, 68, 'Xã Bản Qua'),
(1208, 68, 'Xã Mường Vi'),
(1209, 68, 'Xã Dền Thàng'),
(1210, 68, 'Xã Bản Xèo'),
(1211, 68, 'Xã Mường Hum'),
(1212, 68, 'Xã Trung Lèng Hồ'),
(1213, 68, 'Xã Quang Kim'),
(1214, 68, 'Xã Pa Cheo'),
(1215, 68, 'Xã Nậm Pung'),
(1216, 68, 'Xã Phìn Ngan'),
(1217, 68, 'Xã Tòng Sành'),
(1218, 69, 'Xã Pha Long'),
(1219, 69, 'Xã Tả Ngải Chồ'),
(1220, 69, 'Xã Tung Chung Phố'),
(1221, 69, 'Thị trấn Mường Khương'),
(1222, 69, 'Xã Dìn Chin'),
(1223, 69, 'Xã Tả Gia Khâu'),
(1224, 69, 'Xã Nậm Chảy'),
(1225, 69, 'Xã Nấm Lư'),
(1226, 69, 'Xã Lùng Khấu Nhin'),
(1227, 69, 'Xã Thanh Bình'),
(1228, 69, 'Xã Cao Sơn'),
(1229, 69, 'Xã Lùng Vai'),
(1230, 69, 'Xã Bản Lầu'),
(1231, 69, 'Xã La Pan Tẩn'),
(1232, 69, 'Xã Tả Thàng'),
(1233, 69, 'Xã Bản Sen'),
(1234, 70, 'Xã Nàn Sán'),
(1235, 70, 'Xã Thào Chư Phìn'),
(1236, 70, 'Xã Bản Mế'),
(1237, 70, 'Thị trấn Si Ma Cai'),
(1238, 70, 'Xã Sán Chải'),
(1239, 70, 'Xã Lùng Thẩn'),
(1240, 70, 'Xã Cán Cấu'),
(1241, 70, 'Xã Sín Chéng'),
(1242, 70, 'Xã Quan Hồ Thẩn'),
(1243, 70, 'Xã Nàn Xín'),
(1244, 71, 'Thị trấn Bắc Hà'),
(1245, 71, 'Xã Lùng Cải'),
(1246, 71, 'Xã Lùng Phình'),
(1247, 71, 'Xã Tả Van Chư'),
(1248, 71, 'Xã Tả Củ Tỷ'),
(1249, 71, 'Xã Thải Giàng Phố'),
(1250, 71, 'Xã Hoàng Thu Phố'),
(1251, 71, 'Xã Bản Phố'),
(1252, 71, 'Xã Bản Liền'),
(1253, 71, 'Xã Tà Chải'),
(1254, 71, 'Xã Na Hối'),
(1255, 71, 'Xã Cốc Ly'),
(1256, 71, 'Xã Nậm Mòn'),
(1257, 71, 'Xã Nậm Đét'),
(1258, 71, 'Xã Nậm Khánh'),
(1259, 71, 'Xã Bảo Nhai'),
(1260, 71, 'Xã Nậm Lúc'),
(1261, 71, 'Xã Cốc Lầu'),
(1262, 71, 'Xã Bản Cái'),
(1263, 72, 'Thị trấn N.T Phong Hải'),
(1264, 72, 'Thị trấn Phố Lu'),
(1265, 72, 'Thị trấn Tằng Loỏng'),
(1266, 72, 'Xã Bản Phiệt'),
(1267, 72, 'Xã Bản Cầm'),
(1268, 72, 'Xã Thái Niên'),
(1269, 72, 'Xã Phong Niên'),
(1270, 72, 'Xã Gia Phú'),
(1271, 72, 'Xã Xuân Quang'),
(1272, 72, 'Xã Sơn Hải'),
(1273, 72, 'Xã Xuân Giao'),
(1274, 72, 'Xã Trì Quang'),
(1275, 72, 'Xã Sơn Hà'),
(1276, 72, 'Xã Phú Nhuận'),
(1277, 73, 'Thị trấn Phố Ràng'),
(1278, 73, 'Xã Tân Tiến'),
(1279, 73, 'Xã Nghĩa Đô'),
(1280, 73, 'Xã Vĩnh Yên'),
(1281, 73, 'Xã Điện Quan'),
(1282, 73, 'Xã Xuân Hoà'),
(1283, 73, 'Xã Tân Dương'),
(1284, 73, 'Xã Thượng Hà'),
(1285, 73, 'Xã Kim Sơn'),
(1286, 73, 'Xã Cam Cọn'),
(1287, 73, 'Xã Minh Tân'),
(1288, 73, 'Xã Xuân Thượng'),
(1289, 73, 'Xã Việt Tiến'),
(1290, 73, 'Xã Yên Sơn'),
(1291, 73, 'Xã Bảo Hà'),
(1292, 73, 'Xã Lương Sơn'),
(1293, 73, 'Xã Phúc Khánh'),
(1294, 74, 'Phường Sa Pa'),
(1295, 74, 'Phường Ô Quý Hồ'),
(1296, 74, 'Xã Ngũ Chỉ Sơn'),
(1297, 74, 'Phường Phan Si Păng'),
(1298, 74, 'Xã Trung Chải'),
(1299, 74, 'Xã Tả Phìn'),
(1300, 74, 'Phường Hàm Rồng'),
(1301, 74, 'Xã Hoàng Liên'),
(1302, 74, 'Xã Thanh Bình'),
(1303, 74, 'Phường Cầu Mây'),
(1304, 74, 'Xã Mường Hoa'),
(1305, 74, 'Xã Tả Van'),
(1306, 74, 'Xã Mường Bo'),
(1307, 74, 'Xã Bản Hồ'),
(1308, 74, 'Xã Liên Minh'),
(1309, 75, 'Thị trấn Khánh Yên'),
(1310, 75, 'Xã Võ Lao'),
(1311, 75, 'Xã Sơn Thuỷ'),
(1312, 75, 'Xã Nậm Mả'),
(1313, 75, 'Xã Tân Thượng'),
(1314, 75, 'Xã Nậm Rạng'),
(1315, 75, 'Xã Nậm Chầy'),
(1316, 75, 'Xã Tân An'),
(1317, 75, 'Xã Khánh Yên Thượng'),
(1318, 75, 'Xã Nậm Xé'),
(1319, 75, 'Xã Dần Thàng'),
(1320, 75, 'Xã Chiềng Ken'),
(1321, 75, 'Xã Làng Giàng'),
(1322, 75, 'Xã Hoà Mạc'),
(1323, 75, 'Xã Khánh Yên Trung'),
(1324, 75, 'Xã Khánh Yên Hạ'),
(1325, 75, 'Xã Dương Quỳ'),
(1326, 75, 'Xã Nậm Tha'),
(1327, 75, 'Xã Minh Lương'),
(1328, 75, 'Xã Thẩm Dương'),
(1329, 75, 'Xã Liêm Phú'),
(1330, 75, 'Xã Nậm Xây'),
(1331, 76, 'Phường Noong Bua'),
(1332, 76, 'Phường Him Lam'),
(1333, 76, 'Phường Thanh Bình'),
(1334, 76, 'Phường Tân Thanh'),
(1335, 76, 'Phường Mường Thanh'),
(1336, 76, 'Phường Nam Thanh'),
(1337, 76, 'Phường Thanh Trường'),
(1338, 76, 'Xã Thanh Minh'),
(1339, 76, 'Xã Nà Tấu'),
(1340, 76, 'Xã Nà Nhạn'),
(1341, 76, 'Xã Mường Phăng'),
(1342, 76, 'Xã Pá Khoang'),
(1343, 77, 'Phường Sông Đà'),
(1344, 77, 'Phường Na Lay'),
(1345, 77, 'Xã Lay Nưa'),
(1346, 78, 'Xã Sín Thầu'),
(1347, 78, 'Xã Sen Thượng'),
(1348, 78, 'Xã Chung Chải'),
(1349, 78, 'Xã Leng Su Sìn'),
(1350, 78, 'Xã Pá Mỳ'),
(1351, 78, 'Xã Mường Nhé'),
(1352, 78, 'Xã Nậm Vì'),
(1353, 78, 'Xã Nậm Kè'),
(1354, 78, 'Xã Mường Toong'),
(1355, 78, 'Xã Quảng Lâm'),
(1356, 78, 'Xã Huổi Lếnh'),
(1357, 79, 'Thị Trấn Mường Chà'),
(1358, 79, 'Xã Xá Tổng'),
(1359, 79, 'Xã Mường Tùng'),
(1360, 79, 'Xã Hừa Ngài'),
(1361, 79, 'Xã Huổi Mí'),
(1362, 79, 'Xã Pa Ham'),
(1363, 79, 'Xã Nậm Nèn'),
(1364, 79, 'Xã Huổi Lèng'),
(1365, 79, 'Xã Sa Lông'),
(1366, 79, 'Xã Ma Thì Hồ'),
(1367, 79, 'Xã Na Sang'),
(1368, 79, 'Xã Mường Mươn'),
(1369, 80, 'Thị trấn Tủa Chùa'),
(1370, 80, 'Xã Huổi Só'),
(1371, 80, 'Xã Xín Chải'),
(1372, 80, 'Xã Tả Sìn Thàng'),
(1373, 80, 'Xã Lao Xả Phình'),
(1374, 80, 'Xã Tả Phìn'),
(1375, 80, 'Xã Tủa Thàng'),
(1376, 80, 'Xã Trung Thu'),
(1377, 80, 'Xã Sính Phình'),
(1378, 80, 'Xã Sáng Nhè'),
(1379, 80, 'Xã Mường Đun'),
(1380, 80, 'Xã Mường Báng'),
(1381, 81, 'Thị trấn Tuần Giáo'),
(1382, 81, 'Xã Phình Sáng'),
(1383, 81, 'Xã Rạng Đông'),
(1384, 81, 'Xã Mùn Chung'),
(1385, 81, 'Xã Nà Tòng'),
(1386, 81, 'Xã Ta Ma'),
(1387, 81, 'Xã Mường Mùn'),
(1388, 81, 'Xã Pú Xi'),
(1389, 81, 'Xã Pú Nhung'),
(1390, 81, 'Xã Quài Nưa'),
(1391, 81, 'Xã Mường Thín'),
(1392, 81, 'Xã Tỏa Tình'),
(1393, 81, 'Xã Nà Sáy'),
(1394, 81, 'Xã Mường Khong'),
(1395, 81, 'Xã Quài Cang'),
(1396, 81, 'Xã Quài Tở'),
(1397, 81, 'Xã Chiềng Sinh'),
(1398, 81, 'Xã Chiềng Đông'),
(1399, 81, 'Xã Tênh Phông'),
(1400, 82, 'Xã Mường Pồn'),
(1401, 82, 'Xã Thanh Nưa'),
(1402, 82, 'Xã Hua Thanh'),
(1403, 82, 'Xã Thanh Luông'),
(1404, 82, 'Xã Thanh Hưng'),
(1405, 82, 'Xã Thanh Xương'),
(1406, 82, 'Xã Thanh Chăn'),
(1407, 82, 'Xã Pa Thơm'),
(1408, 82, 'Xã Thanh An'),
(1409, 82, 'Xã Thanh Yên'),
(1410, 82, 'Xã Noong Luống'),
(1411, 82, 'Xã Noọng Hẹt'),
(1412, 82, 'Xã Sam Mứn'),
(1413, 82, 'Xã Pom Lót'),
(1414, 82, 'Xã Núa Ngam'),
(1415, 82, 'Xã Hẹ Muông'),
(1416, 82, 'Xã Na Ư'),
(1417, 82, 'Xã Mường Nhà'),
(1418, 82, 'Xã Na Tông'),
(1419, 82, 'Xã Mường Lói'),
(1420, 82, 'Xã Phu Luông'),
(1421, 83, 'Thị trấn Điện Biên Đông'),
(1422, 83, 'Xã Na Son'),
(1423, 83, 'Xã Phì Nhừ'),
(1424, 83, 'Xã Chiềng Sơ'),
(1425, 83, 'Xã Mường Luân'),
(1426, 83, 'Xã Pú Nhi'),
(1427, 83, 'Xã Nong U'),
(1428, 83, 'Xã Xa Dung'),
(1429, 83, 'Xã Keo Lôm'),
(1430, 83, 'Xã Luân Giới'),
(1431, 83, 'Xã Phình Giàng'),
(1432, 83, 'Xã Pú Hồng'),
(1433, 83, 'Xã Tìa Dình'),
(1434, 83, 'Xã Háng Lìa'),
(1435, 84, 'Thị trấn Mường Ảng'),
(1436, 84, 'Xã Mường Đăng'),
(1437, 84, 'Xã Ngối Cáy'),
(1438, 84, 'Xã Ẳng Tở'),
(1439, 84, 'Xã Búng Lao'),
(1440, 84, 'Xã Xuân Lao'),
(1441, 84, 'Xã Ẳng Nưa'),
(1442, 84, 'Xã Ẳng Cang'),
(1443, 84, 'Xã Nặm Lịch'),
(1444, 84, 'Xã Mường Lạn'),
(1445, 85, 'Xã Nậm Tin'),
(1446, 85, 'Xã Pa Tần'),
(1447, 85, 'Xã Chà Cang'),
(1448, 85, 'Xã Na Cô Sa'),
(1449, 85, 'Xã Nà Khoa'),
(1450, 85, 'Xã Nà Hỳ'),
(1451, 85, 'Xã Nà Bủng'),
(1452, 85, 'Xã Nậm Nhừ'),
(1453, 85, 'Xã Nậm Chua'),
(1454, 85, 'Xã Nậm Khăn'),
(1455, 85, 'Xã Chà Tở'),
(1456, 85, 'Xã Vàng Đán'),
(1457, 85, 'Xã Chà Nưa'),
(1458, 85, 'Xã Phìn Hồ'),
(1459, 85, 'Xã Si Pa Phìn'),
(1460, 86, 'Phường Quyết Thắng'),
(1461, 86, 'Phường Tân Phong'),
(1462, 86, 'Phường Quyết Tiến'),
(1463, 86, 'Phường Đoàn Kết'),
(1464, 86, 'Xã Sùng Phài'),
(1465, 86, 'Phường Đông Phong'),
(1466, 86, 'Xã San Thàng'),
(1467, 87, 'Thị trấn Tam Đường'),
(1468, 87, 'Xã Thèn Sin'),
(1469, 87, 'Xã Tả Lèng'),
(1470, 87, 'Xã Giang Ma'),
(1471, 87, 'Xã Hồ Thầu'),
(1472, 87, 'Xã Bình Lư'),
(1473, 87, 'Xã Sơn Bình'),
(1474, 87, 'Xã Nùng Nàng'),
(1475, 87, 'Xã Bản Giang'),
(1476, 87, 'Xã Bản Hon'),
(1477, 87, 'Xã Bản Bo'),
(1478, 87, 'Xã Nà Tăm'),
(1479, 87, 'Xã Khun Há'),
(1480, 88, 'Thị trấn Mường Tè'),
(1481, 88, 'Xã Thu Lũm'),
(1482, 88, 'Xã Ka Lăng'),
(1483, 88, 'Xã Tá Bạ'),
(1484, 88, 'Xã Pa ủ'),
(1485, 88, 'Xã Mường Tè'),
(1486, 88, 'Xã Pa Vệ Sử'),
(1487, 88, 'Xã Mù Cả'),
(1488, 88, 'Xã Bum Tở'),
(1489, 88, 'Xã Nậm Khao'),
(1490, 88, 'Xã Tà Tổng'),
(1491, 88, 'Xã Bum Nưa'),
(1492, 88, 'Xã Vàng San'),
(1493, 88, 'Xã Kan Hồ'),
(1494, 89, 'Thị trấn Sìn Hồ'),
(1495, 89, 'Xã Chăn Nưa'),
(1496, 89, 'Xã Pa Tần'),
(1497, 89, 'Xã Phìn Hồ'),
(1498, 89, 'Xã Hồng Thu'),
(1499, 89, 'Xã Phăng Sô Lin'),
(1500, 89, 'Xã Ma Quai'),
(1501, 89, 'Xã Lùng Thàng'),
(1502, 89, 'Xã Tả Phìn'),
(1503, 89, 'Xã Sà Dề Phìn'),
(1504, 89, 'Xã Nậm Tăm'),
(1505, 89, 'Xã Tả Ngảo'),
(1506, 89, 'Xã Pu Sam Cáp'),
(1507, 89, 'Xã Nậm Cha'),
(1508, 89, 'Xã Pa Khoá'),
(1509, 89, 'Xã Làng Mô'),
(1510, 89, 'Xã Noong Hẻo'),
(1511, 89, 'Xã Nậm Mạ'),
(1512, 89, 'Xã Căn Co'),
(1513, 89, 'Xã Tủa Sín Chải'),
(1514, 89, 'Xã Nậm Cuổi'),
(1515, 89, 'Xã Nậm Hăn'),
(1516, 90, 'Xã Lả Nhì Thàng'),
(1517, 90, 'Xã Huổi Luông'),
(1518, 90, 'Thị trấn Phong Thổ'),
(1519, 90, 'Xã Sì Lở Lầu'),
(1520, 90, 'Xã Mồ Sì San'),
(1521, 90, 'Xã Pa Vây Sử'),
(1522, 90, 'Xã Vàng Ma Chải'),
(1523, 90, 'Xã Tông Qua Lìn'),
(1524, 90, 'Xã Mù Sang'),
(1525, 90, 'Xã Dào San'),
(1526, 90, 'Xã Ma Ly Pho'),
(1527, 90, 'Xã Bản Lang'),
(1528, 90, 'Xã Hoang Thèn'),
(1529, 90, 'Xã Khổng Lào'),
(1530, 90, 'Xã Nậm Xe'),
(1531, 90, 'Xã Mường So'),
(1532, 90, 'Xã Sin Suối Hồ'),
(1533, 91, 'Thị trấn Than Uyên'),
(1534, 91, 'Xã Phúc Than'),
(1535, 91, 'Xã Mường Than'),
(1536, 91, 'Xã Mường Mít'),
(1537, 91, 'Xã Pha Mu'),
(1538, 91, 'Xã Mường Cang'),
(1539, 91, 'Xã Hua Nà'),
(1540, 91, 'Xã Tà Hừa'),
(1541, 91, 'Xã Mường Kim'),
(1542, 91, 'Xã Tà Mung'),
(1543, 91, 'Xã Tà Gia'),
(1544, 91, 'Xã Khoen On'),
(1545, 92, 'Thị trấn Tân Uyên'),
(1546, 92, 'Xã Mường Khoa'),
(1547, 92, 'Xã Phúc Khoa'),
(1548, 92, 'Xã Thân Thuộc'),
(1549, 92, 'Xã Trung Đồng'),
(1550, 92, 'Xã Hố Mít'),
(1551, 92, 'Xã Nậm Cần'),
(1552, 92, 'Xã Nậm Sỏ'),
(1553, 92, 'Xã Pắc Ta'),
(1554, 92, 'Xã Tà Mít'),
(1555, 93, 'Thị trấn Nậm Nhùn'),
(1556, 93, 'Xã Hua Bun'),
(1557, 93, 'Xã Mường Mô'),
(1558, 93, 'Xã Nậm Chà'),
(1559, 93, 'Xã Nậm Manh'),
(1560, 93, 'Xã Nậm Hàng'),
(1561, 93, 'Xã Lê Lợi'),
(1562, 93, 'Xã Pú Đao'),
(1563, 93, 'Xã Nậm Pì'),
(1564, 93, 'Xã Nậm Ban'),
(1565, 93, 'Xã Trung Chải'),
(1566, 94, 'Phường Chiềng Lề'),
(1567, 94, 'Phường Tô Hiệu'),
(1568, 94, 'Phường Quyết Thắng'),
(1569, 94, 'Phường Quyết Tâm'),
(1570, 94, 'Xã Chiềng Cọ'),
(1571, 94, 'Xã Chiềng Đen'),
(1572, 94, 'Xã Chiềng Xôm'),
(1573, 94, 'Phường Chiềng An'),
(1574, 94, 'Phường Chiềng Cơi'),
(1575, 94, 'Xã Chiềng Ngần'),
(1576, 94, 'Xã Hua La'),
(1577, 94, 'Phường Chiềng Sinh'),
(1578, 95, 'Xã Mường Chiên'),
(1579, 95, 'Xã Cà Nàng'),
(1580, 95, 'Xã Chiềng Khay'),
(1581, 95, 'Xã Mường Giôn'),
(1582, 95, 'Xã Pá Ma Pha Khinh'),
(1583, 95, 'Xã Chiềng Ơn'),
(1584, 95, 'Xã Mường Giàng'),
(1585, 95, 'Xã Chiềng Bằng'),
(1586, 95, 'Xã Mường Sại'),
(1587, 95, 'Xã Nậm ét'),
(1588, 95, 'Xã Chiềng Khoang'),
(1589, 96, 'Thị trấn Thuận Châu'),
(1590, 96, 'Xã Phổng Lái'),
(1591, 96, 'Xã Mường é'),
(1592, 96, 'Xã Chiềng Pha'),
(1593, 96, 'Xã Chiềng La'),
(1594, 96, 'Xã Chiềng Ngàm'),
(1595, 96, 'Xã Liệp Tè'),
(1596, 96, 'Xã é Tòng'),
(1597, 96, 'Xã Phổng Lập'),
(1598, 96, 'Xã Phổng Lăng'),
(1599, 96, 'Xã Chiềng Ly'),
(1600, 96, 'Xã Noong Lay'),
(1601, 96, 'Xã Mường Khiêng'),
(1602, 96, 'Xã Mường Bám'),
(1603, 96, 'Xã Long Hẹ'),
(1604, 96, 'Xã Chiềng Bôm'),
(1605, 96, 'Xã Thôm Mòn'),
(1606, 96, 'Xã Tông Lạnh'),
(1607, 96, 'Xã Tông Cọ'),
(1608, 96, 'Xã Bó Mười'),
(1609, 96, 'Xã Co Mạ'),
(1610, 96, 'Xã Púng Tra'),
(1611, 96, 'Xã Chiềng Pấc'),
(1612, 96, 'Xã Nậm Lầu'),
(1613, 96, 'Xã Bon Phặng'),
(1614, 96, 'Xã Co Tòng'),
(1615, 96, 'Xã Muổi Nọi'),
(1616, 96, 'Xã Pá Lông'),
(1617, 96, 'Xã Bản Lầm'),
(1618, 97, 'Thị trấn Ít Ong'),
(1619, 97, 'Xã Nậm Giôn'),
(1620, 97, 'Xã Chiềng Lao'),
(1621, 97, 'Xã Hua Trai'),
(1622, 97, 'Xã Ngọc Chiến'),
(1623, 97, 'Xã Mường Trai'),
(1624, 97, 'Xã Nậm Păm'),
(1625, 97, 'Xã Chiềng Muôn'),
(1626, 97, 'Xã Chiềng Ân'),
(1627, 97, 'Xã Pi Toong'),
(1628, 97, 'Xã Chiềng Công'),
(1629, 97, 'Xã Tạ Bú'),
(1630, 97, 'Xã Chiềng San'),
(1631, 97, 'Xã Mường Bú'),
(1632, 97, 'Xã Chiềng Hoa'),
(1633, 97, 'Xã Mường Chùm'),
(1634, 98, 'Thị trấn Bắc Yên'),
(1635, 98, 'Xã Phiêng Ban'),
(1636, 98, 'Xã Hang Chú'),
(1637, 98, 'Xã Xím Vàng'),
(1638, 98, 'Xã Tà Xùa'),
(1639, 98, 'Xã Háng Đồng'),
(1640, 98, 'Xã Pắc Ngà'),
(1641, 98, 'Xã Làng Chếu'),
(1642, 98, 'Xã Chim Vàn'),
(1643, 98, 'Xã Mường Khoa'),
(1644, 98, 'Xã Song Pe'),
(1645, 98, 'Xã Hồng Ngài'),
(1646, 98, 'Xã Tạ Khoa'),
(1647, 98, 'Xã Hua Nhàn'),
(1648, 98, 'Xã Phiêng Côn'),
(1649, 98, 'Xã Chiềng Sại'),
(1650, 99, 'Thị trấn Phù Yên'),
(1651, 99, 'Xã Suối Tọ'),
(1652, 99, 'Xã Mường Thải'),
(1653, 99, 'Xã Mường Cơi'),
(1654, 99, 'Xã Quang Huy'),
(1655, 99, 'Xã Huy Bắc'),
(1656, 99, 'Xã Huy Thượng'),
(1657, 99, 'Xã Tân Lang'),
(1658, 99, 'Xã Gia Phù'),
(1659, 99, 'Xã Tường Phù'),
(1660, 99, 'Xã Huy Hạ'),
(1661, 99, 'Xã Huy Tân'),
(1662, 99, 'Xã Mường Lang'),
(1663, 99, 'Xã Suối Bau'),
(1664, 99, 'Xã Huy Tường'),
(1665, 99, 'Xã Mường Do'),
(1666, 99, 'Xã Sập Xa'),
(1667, 99, 'Xã Tường Thượng'),
(1668, 99, 'Xã Tường Tiến'),
(1669, 99, 'Xã Tường Phong'),
(1670, 99, 'Xã Tường Hạ'),
(1671, 99, 'Xã Kim Bon'),
(1672, 99, 'Xã Mường Bang'),
(1673, 99, 'Xã Đá Đỏ'),
(1674, 99, 'Xã Tân Phong'),
(1675, 99, 'Xã Nam Phong'),
(1676, 99, 'Xã Bắc Phong'),
(1677, 100, 'Thị trấn Mộc Châu'),
(1678, 100, 'Thị trấn NT Mộc Châu'),
(1679, 100, 'Xã Chiềng Sơn'),
(1680, 100, 'Xã Tân Hợp'),
(1681, 100, 'Xã Qui Hướng'),
(1682, 100, 'Xã Tân Lập'),
(1683, 100, 'Xã Nà Mường'),
(1684, 100, 'Xã Tà Lai'),
(1685, 100, 'Xã Chiềng Hắc'),
(1686, 100, 'Xã Hua Păng'),
(1687, 100, 'Xã Chiềng Khừa'),
(1688, 100, 'Xã Mường Sang'),
(1689, 100, 'Xã Đông Sang'),
(1690, 100, 'Xã Phiêng Luông'),
(1691, 100, 'Xã Lóng Sập'),
(1692, 101, 'Thị trấn Yên Châu'),
(1693, 101, 'Xã Chiềng Đông'),
(1694, 101, 'Xã Sập Vạt'),
(1695, 101, 'Xã Chiềng Sàng'),
(1696, 101, 'Xã Chiềng Pằn'),
(1697, 101, 'Xã Viêng Lán'),
(1698, 101, 'Xã Chiềng Hặc'),
(1699, 101, 'Xã Mường Lựm'),
(1700, 101, 'Xã Chiềng On'),
(1701, 101, 'Xã Yên Sơn'),
(1702, 101, 'Xã Chiềng Khoi'),
(1703, 101, 'Xã Tú Nang'),
(1704, 101, 'Xã Lóng Phiêng'),
(1705, 101, 'Xã Phiêng Khoài'),
(1706, 101, 'Xã Chiềng Tương'),
(1707, 102, 'Thị trấn Hát Lót'),
(1708, 102, 'Xã Chiềng Sung'),
(1709, 102, 'Xã Mường Bằng'),
(1710, 102, 'Xã Chiềng Chăn'),
(1711, 102, 'Xã Mương Chanh'),
(1712, 102, 'Xã Chiềng Ban'),
(1713, 102, 'Xã Chiềng Mung'),
(1714, 102, 'Xã Mường Bon'),
(1715, 102, 'Xã Chiềng Chung'),
(1716, 102, 'Xã Chiềng Mai'),
(1717, 102, 'Xã Hát Lót'),
(1718, 102, 'Xã Nà Pó'),
(1719, 102, 'Xã Cò  Nòi'),
(1720, 102, 'Xã Chiềng Nơi'),
(1721, 102, 'Xã Phiêng Cằm'),
(1722, 102, 'Xã Chiềng Dong'),
(1723, 102, 'Xã Chiềng Kheo'),
(1724, 102, 'Xã Chiềng Ve'),
(1725, 102, 'Xã Chiềng Lương'),
(1726, 102, 'Xã Phiêng Pằn'),
(1727, 102, 'Xã Nà Ơt'),
(1728, 102, 'Xã Tà Hộc'),
(1729, 103, 'Thị trấn Sông Mã'),
(1730, 103, 'Xã Bó Sinh'),
(1731, 103, 'Xã Pú Pẩu'),
(1732, 103, 'Xã Chiềng Phung'),
(1733, 103, 'Xã Chiềng En'),
(1734, 103, 'Xã Mường Lầm'),
(1735, 103, 'Xã Nậm Ty'),
(1736, 103, 'Xã Đứa Mòn'),
(1737, 103, 'Xã Yên Hưng'),
(1738, 103, 'Xã Chiềng Sơ'),
(1739, 103, 'Xã Nà Nghịu'),
(1740, 103, 'Xã Nậm Mằn'),
(1741, 103, 'Xã Chiềng Khoong'),
(1742, 103, 'Xã Chiềng Cang'),
(1743, 103, 'Xã Huổi Một'),
(1744, 103, 'Xã Mường Sai'),
(1745, 103, 'Xã Mường Cai'),
(1746, 103, 'Xã Mường Hung'),
(1747, 103, 'Xã Chiềng Khương'),
(1748, 104, 'Xã Sam Kha'),
(1749, 104, 'Xã Púng Bánh'),
(1750, 104, 'Xã Sốp Cộp'),
(1751, 104, 'Xã Dồm Cang'),
(1752, 104, 'Xã Nậm Lạnh'),
(1753, 104, 'Xã Mường Lèo'),
(1754, 104, 'Xã Mường Và'),
(1755, 104, 'Xã Mường Lạn'),
(1756, 105, 'Xã Suối Bàng'),
(1757, 105, 'Xã Song Khủa'),
(1758, 105, 'Xã Liên Hoà'),
(1759, 105, 'Xã Tô Múa'),
(1760, 105, 'Xã Mường Tè'),
(1761, 105, 'Xã Chiềng Khoa'),
(1762, 105, 'Xã Mường Men'),
(1763, 105, 'Xã Quang Minh'),
(1764, 105, 'Xã Vân Hồ'),
(1765, 105, 'Xã Lóng Luông'),
(1766, 105, 'Xã Chiềng Yên'),
(1767, 105, 'Xã Chiềng Xuân'),
(1768, 105, 'Xã Xuân Nha'),
(1769, 105, 'Xã Tân Xuân'),
(1770, 106, 'Phường Yên Thịnh'),
(1771, 106, 'Phường Yên Ninh'),
(1772, 106, 'Phường Minh Tân'),
(1773, 106, 'Phường Nguyễn Thái Học'),
(1774, 106, 'Phường Đồng Tâm'),
(1775, 106, 'Phường Nguyễn Phúc'),
(1776, 106, 'Phường Hồng Hà'),
(1777, 106, 'Xã Minh Bảo'),
(1778, 106, 'Phường Nam Cường'),
(1779, 106, 'Xã Tuy Lộc'),
(1780, 106, 'Xã Tân Thịnh'),
(1781, 106, 'Xã Âu Lâu'),
(1782, 106, 'Xã Giới Phiên'),
(1783, 106, 'Phường Hợp Minh'),
(1784, 106, 'Xã Văn Phú'),
(1785, 107, 'Phường Pú Trạng'),
(1786, 107, 'Phường Trung Tâm'),
(1787, 107, 'Phường Tân An'),
(1788, 107, 'Phường Cầu Thia'),
(1789, 107, 'Xã Nghĩa Lợi'),
(1790, 107, 'Xã Nghĩa Phúc'),
(1791, 107, 'Xã Nghĩa An'),
(1792, 107, 'Xã Nghĩa Lộ'),
(1793, 107, 'Xã Sơn A'),
(1794, 107, 'Xã Phù Nham'),
(1795, 107, 'Xã Thanh Lương'),
(1796, 107, 'Xã Hạnh Sơn'),
(1797, 107, 'Xã Phúc Sơn'),
(1798, 107, 'Xã Thạch Lương'),
(1799, 108, 'Thị trấn Yên Thế'),
(1800, 108, 'Xã Tân Phượng'),
(1801, 108, 'Xã Lâm Thượng'),
(1802, 108, 'Xã Khánh Thiện'),
(1803, 108, 'Xã Minh Chuẩn'),
(1804, 108, 'Xã Mai Sơn'),
(1805, 108, 'Xã Khai Trung'),
(1806, 108, 'Xã Mường Lai'),
(1807, 108, 'Xã An Lạc'),
(1808, 108, 'Xã Minh Xuân'),
(1809, 108, 'Xã Tô Mậu'),
(1810, 108, 'Xã Tân Lĩnh'),
(1811, 108, 'Xã Yên Thắng'),
(1812, 108, 'Xã Khánh Hoà'),
(1813, 108, 'Xã Vĩnh Lạc'),
(1814, 108, 'Xã Liễu Đô'),
(1815, 108, 'Xã Động Quan'),
(1816, 108, 'Xã Tân Lập'),
(1817, 108, 'Xã Minh Tiến'),
(1818, 108, 'Xã Trúc Lâu'),
(1819, 108, 'Xã Phúc Lợi'),
(1820, 108, 'Xã Phan Thanh'),
(1821, 108, 'Xã An Phú'),
(1822, 108, 'Xã Trung Tâm'),
(1823, 109, 'Thị trấn Mậu A'),
(1824, 109, 'Xã Lang Thíp'),
(1825, 109, 'Xã Lâm Giang'),
(1826, 109, 'Xã Châu Quế Thượng'),
(1827, 109, 'Xã Châu Quế Hạ'),
(1828, 109, 'Xã An Bình'),
(1829, 109, 'Xã Quang Minh'),
(1830, 109, 'Xã Đông An'),
(1831, 109, 'Xã Đông Cuông'),
(1832, 109, 'Xã Phong Dụ Hạ'),
(1833, 109, 'Xã Mậu Đông'),
(1834, 109, 'Xã Ngòi A'),
(1835, 109, 'Xã Xuân Tầm'),
(1836, 109, 'Xã Tân Hợp'),
(1837, 109, 'Xã An Thịnh'),
(1838, 109, 'Xã Yên Thái'),
(1839, 109, 'Xã Phong Dụ Thượng'),
(1840, 109, 'Xã Yên Hợp'),
(1841, 109, 'Xã Đại Sơn'),
(1842, 109, 'Xã Đại Phác'),
(1843, 109, 'Xã Yên Phú'),
(1844, 109, 'Xã Xuân Ái'),
(1845, 109, 'Xã Viễn Sơn'),
(1846, 109, 'Xã Mỏ Vàng'),
(1847, 109, 'Xã Nà Hẩu'),
(1848, 110, 'Thị trấn Mù Căng Chải'),
(1849, 110, 'Xã Hồ Bốn'),
(1850, 110, 'Xã Nậm Có'),
(1851, 110, 'Xã Khao Mang'),
(1852, 110, 'Xã Mồ Dề'),
(1853, 110, 'Xã Chế Cu Nha'),
(1854, 110, 'Xã Lao Chải'),
(1855, 110, 'Xã Kim Nọi'),
(1856, 110, 'Xã Cao Phạ'),
(1857, 110, 'Xã La Pán Tẩn'),
(1858, 110, 'Xã Dế Su Phình'),
(1859, 110, 'Xã Chế Tạo'),
(1860, 110, 'Xã Púng Luông'),
(1861, 110, 'Xã Nậm Khắt'),
(1862, 111, 'Thị trấn Cổ Phúc'),
(1863, 111, 'Xã Tân Đồng'),
(1864, 111, 'Xã Báo Đáp'),
(1865, 111, 'Xã Đào Thịnh'),
(1866, 111, 'Xã Việt Thành'),
(1867, 111, 'Xã Hòa Cuông'),
(1868, 111, 'Xã Minh Quán'),
(1869, 111, 'Xã Quy Mông'),
(1870, 111, 'Xã Cường Thịnh'),
(1871, 111, 'Xã Kiên Thành'),
(1872, 111, 'Xã Nga Quán'),
(1873, 111, 'Xã Y Can'),
(1874, 111, 'Xã Lương Thịnh'),
(1875, 111, 'Xã Bảo Hưng'),
(1876, 111, 'Xã Việt Cường'),
(1877, 111, 'Xã Hồng Ca'),
(1878, 111, 'Xã Hưng Thịnh'),
(1879, 111, 'Xã Hưng Khánh'),
(1880, 111, 'Xã Việt Hồng'),
(1881, 111, 'Xã Vân Hội'),
(1882, 112, 'Thị trấn Trạm Tấu'),
(1883, 112, 'Xã Túc Đán'),
(1884, 112, 'Xã Pá Lau'),
(1885, 112, 'Xã Xà Hồ'),
(1886, 112, 'Xã Phình Hồ'),
(1887, 112, 'Xã Trạm Tấu'),
(1888, 112, 'Xã Tà Si Láng'),
(1889, 112, 'Xã Pá Hu'),
(1890, 112, 'Xã Làng Nhì'),
(1891, 112, 'Xã Bản Công'),
(1892, 112, 'Xã Bản Mù'),
(1893, 112, 'Xã Hát Lìu'),
(1894, 113, 'Thị trấn NT Liên Sơn'),
(1895, 113, 'Thị trấn NT Trần Phú'),
(1896, 113, 'Xã Tú Lệ'),
(1897, 113, 'Xã Nậm Búng'),
(1898, 113, 'Xã Gia Hội'),
(1899, 113, 'Xã Sùng Đô'),
(1900, 113, 'Xã Nậm Mười'),
(1901, 113, 'Xã An Lương'),
(1902, 113, 'Xã Nậm Lành'),
(1903, 113, 'Xã Sơn Lương'),
(1904, 113, 'Xã Suối Quyền'),
(1905, 113, 'Xã Suối Giàng'),
(1906, 113, 'Xã Nghĩa Sơn'),
(1907, 113, 'Xã Suối Bu'),
(1908, 113, 'Thị trấn Sơn Thịnh'),
(1909, 113, 'Xã Đại Lịch'),
(1910, 113, 'Xã Đồng Khê'),
(1911, 113, 'Xã Cát Thịnh'),
(1912, 113, 'Xã Tân Thịnh'),
(1913, 113, 'Xã Chấn Thịnh'),
(1914, 113, 'Xã Bình Thuận'),
(1915, 113, 'Xã Thượng Bằng La'),
(1916, 113, 'Xã Minh An'),
(1917, 113, 'Xã Nghĩa Tâm'),
(1918, 114, 'Thị trấn Yên Bình'),
(1919, 114, 'Thị trấn Thác Bà'),
(1920, 114, 'Xã Xuân Long'),
(1921, 114, 'Xã Cảm Nhân'),
(1922, 114, 'Xã Ngọc Chấn'),
(1923, 114, 'Xã Tân Nguyên'),
(1924, 114, 'Xã Phúc Ninh'),
(1925, 114, 'Xã Bảo Ái'),
(1926, 114, 'Xã Mỹ Gia'),
(1927, 114, 'Xã Xuân Lai'),
(1928, 114, 'Xã Mông Sơn'),
(1929, 114, 'Xã Cảm Ân'),
(1930, 114, 'Xã Yên Thành'),
(1931, 114, 'Xã Tân Hương'),
(1932, 114, 'Xã Phúc An'),
(1933, 114, 'Xã Bạch Hà'),
(1934, 114, 'Xã Vũ Linh');
INSERT INTO `phuong_xa` (`mapx`, `ma_qh`, `tenpx`) VALUES
(1935, 1, 'Phường Phúc Xá'),
(1936, 1, 'Phường Trúc Bạch'),
(1937, 1, 'Phường Vĩnh Phúc'),
(1938, 1, 'Phường Cống Vị'),
(1939, 1, 'Phường Liễu Giai'),
(1940, 1, 'Phường Nguyễn Trung Trực'),
(1941, 1, 'Phường Quán Thánh'),
(1942, 1, 'Phường Ngọc Hà'),
(1943, 1, 'Phường Điện Biên'),
(1944, 1, 'Phường Đội Cấn'),
(1945, 1, 'Phường Ngọc Khánh'),
(1946, 1, 'Phường Kim Mã'),
(1947, 1, 'Phường Giảng Võ'),
(1948, 1, 'Phường Thành Công'),
(1949, 346, 'Phường An Cựu'),
(1950, 346, 'Phường An Hòa'),
(1951, 346, 'Phường Hương Sơ'),
(1952, 346, 'Phường Thuỷ Biều'),
(1953, 346, 'Phường Hương Long'),
(1954, 346, 'Phường Thuỷ Xuân'),
(1955, 346, 'Phường An Đông'),
(1956, 346, 'Phường An Tây'),
(1957, 346, 'Phường Thuận An'),
(1958, 346, 'Xã Phú Dương'),
(1959, 346, 'Xã Phú Mậu'),
(1960, 346, 'Xã Phú Thanh'),
(1961, 346, 'Phường Phú Thượng'),
(1962, 346, 'Phường Thủy Vân'),
(1963, 346, 'Xã Thủy Bằng'),
(1964, 346, 'Xã Hải Dương'),
(1965, 346, 'Xã Hương Phong'),
(1966, 346, 'Phường Hương Vinh'),
(1967, 346, 'Phường Hương An'),
(1968, 346, 'Phường Hương Hồ'),
(1969, 346, 'Xã Hương Thọ'),
(1970, 347, 'Thị trấn Phong Điền'),
(1971, 347, 'Xã Điền Hương'),
(1972, 347, 'Xã Điền Môn'),
(1973, 347, 'Xã Điền Lộc'),
(1974, 347, 'Xã Phong Bình'),
(1975, 347, 'Xã Điền Hòa'),
(1976, 347, 'Xã Phong Chương'),
(1977, 347, 'Xã Phong Hải'),
(1978, 347, 'Xã Điền Hải'),
(1979, 347, 'Xã Phong Hòa'),
(1980, 347, 'Xã Phong Thu'),
(1981, 662, 'Phường Cái Khế'),
(1982, 662, 'Phường An Hòa'),
(1983, 662, 'Phường Thới Bình'),
(1984, 662, 'Phường An Nghiệp'),
(1985, 662, 'Phường An Cư'),
(1986, 662, 'Phường Tân An'),
(1987, 662, 'Phường An Phú'),
(1988, 662, 'Phường Xuân Khánh'),
(1989, 662, 'Phường Hưng Lợi'),
(1990, 662, 'Phường An Khánh'),
(1991, 662, 'Phường An Bình'),
(1992, 663, 'Phường Châu Văn Liêm'),
(1993, 663, 'Phường Thới Hòa'),
(1994, 663, 'Phường Thới Long'),
(1995, 663, 'Phường Long Hưng'),
(1996, 663, 'Phường Thới An'),
(1997, 663, 'Phường Phước Thới'),
(1998, 663, 'Phường Trường Lạc'),
(1999, 664, 'Phường Bình Thủy'),
(2000, 664, 'Phường Trà An'),
(2001, 664, 'Phường Trà Nóc'),
(2002, 664, 'Phường Thới An Đông'),
(2003, 664, 'Phường An Thới'),
(2004, 664, 'Phường Bùi Hữu Nghĩa'),
(2005, 664, 'Phường Long Hòa'),
(2006, 664, 'Phường Long Tuyền'),
(2007, 665, 'Phường Lê Bình'),
(2008, 665, 'Phường Hưng Phú'),
(2009, 665, 'Phường Hưng Thạnh'),
(2010, 665, 'Phường Ba Láng'),
(2011, 665, 'Phường Thường Thạnh'),
(2012, 665, 'Phường Phú Thứ'),
(2013, 665, 'Phường Tân Phú'),
(2014, 666, 'Phường Thốt Nốt'),
(2015, 666, 'Phường Thới Thuận'),
(2016, 666, 'Phường Thuận An'),
(2017, 666, 'Phường Tân Lộc'),
(2018, 666, 'Phường Trung Nhứt'),
(2019, 666, 'Phường Thạnh Hoà'),
(2020, 666, 'Phường Trung Kiên'),
(2021, 666, 'Phường Tân Hưng'),
(2022, 666, 'Phường Thuận Hưng'),
(2023, 667, 'Xã Vĩnh Bình'),
(2024, 667, 'Thị trấn Thanh An'),
(2025, 667, 'Thị trấn Vĩnh Thạnh'),
(2026, 667, 'Xã Thạnh Mỹ'),
(2027, 667, 'Xã Vĩnh Trinh'),
(2028, 667, 'Xã Thạnh An'),
(2029, 667, 'Xã Thạnh Tiến'),
(2030, 667, 'Xã Thạnh Thắng'),
(2031, 667, 'Xã Thạnh Lợi'),
(2032, 667, 'Xã Thạnh Qưới'),
(2033, 667, 'Xã Thạnh Lộc'),
(2034, 668, 'Xã Trung An'),
(2035, 668, 'Xã Trung Thạnh'),
(2036, 668, 'Xã Thạnh Phú'),
(2037, 668, 'Xã Trung Hưng'),
(2038, 668, 'Thị trấn Cờ Đỏ'),
(2039, 668, 'Xã Thới Hưng'),
(2040, 668, 'Xã Đông Hiệp'),
(2041, 668, 'Xã Đông Thắng'),
(2042, 668, 'Xã Thới Đông'),
(2043, 668, 'Xã Thới Xuân'),
(2044, 669, 'Thị trấn Phong Điền'),
(2045, 669, 'Xã Nhơn Ái'),
(2046, 669, 'Xã Giai Xuân'),
(2047, 669, 'Xã Tân Thới'),
(2048, 669, 'Xã Trường Long'),
(2049, 669, 'Xã Mỹ Khánh'),
(2050, 669, 'Xã Nhơn Nghĩa'),
(2051, 670, 'Thị trấn Thới Lai'),
(2052, 670, 'Xã Thới Thạnh'),
(2053, 670, 'Xã Tân Thạnh'),
(2054, 670, 'Xã Xuân Thắng'),
(2055, 670, 'Xã Đông Bình'),
(2056, 670, 'Xã Đông Thuận'),
(2057, 670, 'Xã Thới Tân'),
(2058, 670, 'Xã Trường Thắng'),
(2059, 670, 'Xã Định Môn'),
(2060, 670, 'Xã Trường Thành'),
(2061, 670, 'Xã Trường Xuân'),
(2062, 670, 'Xã Trường Xuân A'),
(2063, 670, 'Xã Trường Xuân B'),
(2064, 671, 'Phường I'),
(2065, 671, 'Phường III'),
(2066, 671, 'Phường IV'),
(2067, 671, 'Phường V'),
(2068, 671, 'Phường VII'),
(2069, 671, 'Xã Vị Tân'),
(2070, 671, 'Xã Hoả Lựu'),
(2071, 671, 'Xã Tân Tiến'),
(2072, 671, 'Xã Hoả Tiến'),
(2073, 672, 'Phường Ngã Bảy'),
(2074, 672, 'Phường Lái Hiếu'),
(2075, 672, 'Phường Hiệp Thành'),
(2076, 672, 'Phường Hiệp Lợi'),
(2077, 672, 'Xã Đại Thành'),
(2078, 672, 'Xã Tân Thành'),
(2079, 673, 'Thị trấn Một Ngàn'),
(2080, 673, 'Xã Tân Hoà'),
(2081, 673, 'Thị trấn Bảy Ngàn'),
(2082, 673, 'Xã Trường Long Tây'),
(2083, 673, 'Xã Trường Long A'),
(2084, 673, 'Xã Nhơn Nghĩa A'),
(2085, 673, 'Thị trấn Rạch Gòi'),
(2086, 673, 'Xã Thạnh Xuân'),
(2087, 673, 'Thị trấn Cái Tắc'),
(2088, 679, 'Phường 5'),
(2089, 679, 'Phường 7'),
(2090, 679, 'Phường 8'),
(2091, 679, 'Phường 6'),
(2092, 679, 'Phường 2'),
(2093, 679, 'Phường 1'),
(2094, 679, 'Phường 4'),
(2095, 679, 'Phường 3'),
(2096, 679, 'Phường 9'),
(2097, 679, 'Phường 10'),
(2098, 115, 'Phường Thái Bình'),
(2099, 115, 'Phường Tân Hòa'),
(2100, 115, 'Phường Thịnh Lang'),
(2101, 115, 'Phường Hữu Nghị'),
(2102, 115, 'Phường Tân Thịnh'),
(2103, 115, 'Phường Đồng Tiến'),
(2104, 115, 'Phường Phương Lâm'),
(2105, 115, 'Xã Yên Mông'),
(2106, 115, 'Phường Quỳnh Lâm'),
(2107, 115, 'Phường Dân Chủ'),
(2108, 115, 'Xã Hòa Bình'),
(2109, 115, 'Phường Thống Nhất'),
(2110, 115, 'Phường Kỳ Sơn'),
(2111, 115, 'Xã Thịnh Minh'),
(2112, 115, 'Xã Hợp Thành'),
(2113, 115, 'Xã Quang Tiến'),
(2114, 115, 'Xã Mông Hóa'),
(2115, 115, 'Phường Trung Minh'),
(2116, 115, 'Xã Độc Lập'),
(2117, 116, 'Thị trấn Đà Bắc'),
(2118, 116, 'Xã Nánh Nghê'),
(2119, 116, 'Xã Giáp Đắt'),
(2120, 116, 'Xã Mường Chiềng'),
(2121, 116, 'Xã Tân Pheo'),
(2122, 116, 'Xã Đồng Chum'),
(2123, 116, 'Xã Tân Minh'),
(2124, 116, 'Xã Đoàn Kết'),
(2125, 116, 'Xã Đồng Ruộng'),
(2126, 116, 'Xã Tú Lý'),
(2127, 116, 'Xã Trung Thành'),
(2128, 116, 'Xã Yên Hòa'),
(2129, 116, 'Xã Cao Sơn'),
(2130, 116, 'Xã Toàn Sơn'),
(2131, 116, 'Xã Hiền Lương'),
(2132, 116, 'Xã Tiền Phong'),
(2133, 116, 'Xã Vầy Nưa'),
(2134, 117, 'Thị trấn Lương Sơn'),
(2135, 117, 'Xã Lâm Sơn'),
(2136, 117, 'Xã Hòa Sơn'),
(2137, 117, 'Xã Tân Vinh'),
(2138, 117, 'Xã Nhuận Trạch'),
(2139, 117, 'Xã Cao Sơn'),
(2140, 117, 'Xã Cư Yên'),
(2141, 117, 'Xã Liên Sơn'),
(2142, 117, 'Xã Cao Dương'),
(2143, 117, 'Xã Thanh Sơn'),
(2144, 117, 'Xã Thanh Cao'),
(2145, 118, 'Thị trấn Bo'),
(2146, 118, 'Xã Đú Sáng'),
(2147, 118, 'Xã Hùng Sơn'),
(2148, 118, 'Xã Bình Sơn'),
(2149, 118, 'Xã Tú Sơn'),
(2150, 118, 'Xã Vĩnh Tiến'),
(2151, 118, 'Xã Đông Bắc'),
(2152, 118, 'Xã Xuân Thủy'),
(2153, 118, 'Xã Vĩnh Đồng'),
(2154, 118, 'Xã Kim Lập'),
(2155, 118, 'Xã Hợp Tiến'),
(2156, 118, 'Xã Kim Bôi'),
(2157, 118, 'Xã Nam Thượng'),
(2158, 118, 'Xã Cuối Hạ'),
(2159, 118, 'Xã Sào Báy'),
(2160, 118, 'Xã Mi Hòa'),
(2161, 118, 'Xã Nuông Dăm'),
(2162, 119, 'Thị trấn Cao Phong'),
(2163, 119, 'Xã Bình Thanh'),
(2164, 119, 'Xã Thung Nai'),
(2165, 119, 'Xã Bắc Phong'),
(2166, 119, 'Xã Thu Phong'),
(2167, 119, 'Xã Hợp Phong'),
(2168, 119, 'Xã Tây Phong'),
(2169, 119, 'Xã Dũng Phong'),
(2170, 119, 'Xã Nam Phong'),
(2171, 119, 'Xã Thạch Yên'),
(2172, 120, 'Thị trấn Mãn Đức'),
(2173, 120, 'Xã Suối Hoa'),
(2174, 120, 'Xã Phú Vinh'),
(2175, 120, 'Xã Phú Cường'),
(2176, 120, 'Xã Mỹ Hòa'),
(2177, 120, 'Xã Quyết Chiến'),
(2178, 120, 'Xã Phong Phú'),
(2179, 120, 'Xã Tử Nê'),
(2180, 120, 'Xã Thanh Hối'),
(2181, 120, 'Xã Ngọc Mỹ'),
(2182, 120, 'Xã Đông Lai'),
(2183, 120, 'Xã Vân Sơn'),
(2184, 120, 'Xã Nhân Mỹ'),
(2185, 120, 'Xã Lỗ Sơn'),
(2186, 120, 'Xã Ngổ Luông'),
(2187, 120, 'Xã Gia Mô'),
(2188, 121, 'Xã Tân Thành'),
(2189, 121, 'Thị trấn Mai Châu'),
(2190, 121, 'Xã Sơn Thủy'),
(2191, 121, 'Xã Pà Cò'),
(2192, 121, 'Xã Hang Kia'),
(2193, 121, 'Xã Đồng Tân'),
(2194, 121, 'Xã Cun Pheo'),
(2195, 121, 'Xã Bao La'),
(2196, 121, 'Xã Tòng Đậu'),
(2197, 121, 'Xã Nà Phòn'),
(2198, 121, 'Xã Săm Khóe'),
(2199, 121, 'Xã Chiềng Châu'),
(2200, 121, 'Xã Mai Hạ'),
(2201, 121, 'Xã Thành Sơn'),
(2202, 121, 'Xã Mai Hịch'),
(2203, 121, 'Xã Vạn Mai'),
(2204, 122, 'Thị trấn Vụ Bản'),
(2205, 122, 'Xã Quý Hòa'),
(2206, 122, 'Xã Miền Đồi'),
(2207, 122, 'Xã Mỹ Thành'),
(2208, 122, 'Xã Tuân Đạo'),
(2209, 122, 'Xã Văn Nghĩa'),
(2210, 122, 'Xã Văn Sơn'),
(2211, 122, 'Xã Tân Lập'),
(2212, 122, 'Xã Nhân Nghĩa'),
(2213, 122, 'Xã Thượng Cốc'),
(2214, 122, 'Xã Quyết Thắng'),
(2215, 122, 'Xã Xuất Hóa'),
(2216, 122, 'Xã Yên Phú'),
(2217, 122, 'Xã Bình Hẻm'),
(2218, 122, 'Xã Định Cư'),
(2219, 122, 'Xã Chí Đạo'),
(2220, 122, 'Xã Ngọc Sơn'),
(2221, 122, 'Xã Hương Nhượng'),
(2222, 122, 'Xã Vũ Bình'),
(2223, 122, 'Xã Tự Do'),
(2224, 122, 'Xã Yên Nghiệp'),
(2225, 122, 'Xã Tân Mỹ'),
(2226, 122, 'Xã Ân Nghĩa'),
(2227, 122, 'Xã Ngọc Lâu'),
(2228, 123, 'Thị trấn Hàng Trạm'),
(2229, 123, 'Xã Lạc Sỹ'),
(2230, 123, 'Xã Lạc Lương'),
(2231, 123, 'Xã Bảo Hiệu'),
(2232, 123, 'Xã Đa Phúc'),
(2233, 123, 'Xã Hữu Lợi'),
(2234, 123, 'Xã Lạc Thịnh'),
(2235, 123, 'Xã Đoàn Kết'),
(2236, 123, 'Xã Phú Lai'),
(2237, 123, 'Xã Yên Trị'),
(2238, 123, 'Xã Ngọc Lương'),
(2239, 124, 'Thị trấn Ba Hàng Đồi'),
(2240, 124, 'Thị trấn Chi Nê'),
(2241, 124, 'Xã Phú Nghĩa'),
(2242, 124, 'Xã Phú Thành'),
(2243, 124, 'Xã Hưng Thi'),
(2244, 124, 'Xã Khoan Dụ'),
(2245, 124, 'Xã Đồng Tâm'),
(2246, 124, 'Xã Yên Bồng'),
(2247, 124, 'Xã Thống Nhất'),
(2248, 124, 'Xã An Bình'),
(2249, 125, 'Phường Quán Triều'),
(2250, 125, 'Phường Quang Vinh'),
(2251, 125, 'Phường Túc Duyên'),
(2252, 125, 'Phường Hoàng Văn Thụ'),
(2253, 125, 'Phường Trưng Vương'),
(2254, 125, 'Phường Quang Trung'),
(2255, 125, 'Phường Phan Đình Phùng'),
(2256, 125, 'Phường Tân Thịnh'),
(2257, 125, 'Phường Thịnh Đán'),
(2258, 125, 'Phường Đồng Quang'),
(2259, 125, 'Phường Gia Sàng'),
(2260, 125, 'Phường Tân Lập'),
(2261, 125, 'Phường Cam Giá'),
(2262, 125, 'Phường Phú Xá'),
(2263, 125, 'Phường Hương Sơn'),
(2264, 125, 'Phường Trung Thành'),
(2265, 125, 'Phường Tân Thành'),
(2266, 125, 'Phường Tân Long'),
(2267, 125, 'Xã Phúc Hà'),
(2268, 125, 'Xã Phúc Xuân'),
(2269, 125, 'Xã Quyết Thắng'),
(2270, 125, 'Xã Phúc Trìu'),
(2271, 125, 'Xã Thịnh Đức'),
(2272, 125, 'Phường Tích Lương'),
(2273, 125, 'Xã Tân Cương'),
(2274, 125, 'Xã Sơn Cẩm'),
(2275, 125, 'Phường Chùa Hang'),
(2276, 125, 'Xã Cao Ngạn'),
(2277, 125, 'Xã Linh Sơn'),
(2278, 125, 'Phường Đồng Bẩm'),
(2279, 125, 'Xã Huống Thượng'),
(2280, 125, 'Xã Đồng Liên'),
(2281, 126, 'Phường Lương Sơn'),
(2282, 126, 'Phường Châu Sơn'),
(2283, 126, 'Phường Mỏ Chè'),
(2284, 126, 'Phường Cải Đan'),
(2285, 126, 'Phường Thắng Lợi'),
(2286, 126, 'Phường Phố Cò'),
(2287, 126, 'Xã Tân Quang'),
(2288, 126, 'Phường Bách Quang'),
(2289, 126, 'Xã Bình Sơn'),
(2290, 126, 'Xã Bá Xuyên'),
(2291, 127, 'Thị trấn Chợ Chu'),
(2292, 127, 'Xã Linh Thông'),
(2293, 127, 'Xã Lam Vỹ'),
(2294, 127, 'Xã Quy Kỳ'),
(2295, 127, 'Xã Tân Thịnh'),
(2296, 127, 'Xã Kim Phượng'),
(2297, 127, 'Xã Bảo Linh'),
(2298, 127, 'Xã Phúc Chu'),
(2299, 127, 'Xã Tân Dương'),
(2300, 127, 'Xã Phượng Tiến'),
(2301, 127, 'Xã Bảo Cường'),
(2302, 127, 'Xã Đồng Thịnh'),
(2303, 127, 'Xã Định Biên'),
(2304, 127, 'Xã Thanh Định'),
(2305, 127, 'Xã Trung Hội'),
(2306, 127, 'Xã Trung Lương'),
(2307, 127, 'Xã Bình Yên'),
(2308, 127, 'Xã Điềm Mặc'),
(2309, 127, 'Xã Phú Tiến'),
(2310, 127, 'Xã Bộc Nhiêu'),
(2311, 127, 'Xã Sơn Phú'),
(2312, 127, 'Xã Phú Đình'),
(2313, 127, 'Xã Bình Thành'),
(2314, 128, 'Thị trấn Giang Tiên'),
(2315, 128, 'Thị trấn Đu'),
(2316, 128, 'Xã Yên Ninh'),
(2317, 128, 'Xã Yên Trạch'),
(2318, 128, 'Xã Yên Đổ'),
(2319, 128, 'Xã Yên Lạc'),
(2320, 128, 'Xã Ôn Lương'),
(2321, 128, 'Xã Động Đạt'),
(2322, 128, 'Xã Phủ Lý'),
(2323, 128, 'Xã Phú Đô'),
(2324, 128, 'Xã Hợp Thành'),
(2325, 128, 'Xã Tức Tranh'),
(2326, 128, 'Xã Phấn Mễ'),
(2327, 128, 'Xã Vô Tranh'),
(2328, 128, 'Xã Cổ Lũng'),
(2329, 129, 'Thị trấn Sông Cầu'),
(2330, 129, 'Thị trấn Trại Cau'),
(2331, 129, 'Xã Văn Lăng'),
(2332, 129, 'Xã Tân Long'),
(2333, 129, 'Xã Hòa Bình'),
(2334, 129, 'Xã Quang Sơn'),
(2335, 129, 'Xã Minh Lập'),
(2336, 129, 'Xã Văn Hán'),
(2337, 129, 'Xã Hóa Trung'),
(2338, 129, 'Xã Khe Mo'),
(2339, 129, 'Xã Cây Thị'),
(2340, 129, 'Xã Hóa Thượng'),
(2341, 129, 'Xã Hợp Tiến'),
(2342, 129, 'Xã Tân Lợi'),
(2343, 129, 'Xã Nam Hòa'),
(2344, 130, 'Thị trấn Đình Cả'),
(2345, 130, 'Xã Sảng Mộc'),
(2346, 130, 'Xã Nghinh Tường'),
(2347, 130, 'Xã Thần Xa'),
(2348, 130, 'Xã Vũ Chấn'),
(2349, 130, 'Xã Thượng Nung'),
(2350, 130, 'Xã Phú Thượng'),
(2351, 130, 'Xã Cúc Đường'),
(2352, 130, 'Xã La Hiên'),
(2353, 130, 'Xã Lâu Thượng'),
(2354, 130, 'Xã Tràng Xá'),
(2355, 130, 'Xã Phương Giao'),
(2356, 130, 'Xã Liên Minh'),
(2357, 130, 'Xã Dân Tiến'),
(2358, 130, 'Xã Bình Long'),
(2359, 131, 'Thị trấn Hùng Sơn'),
(2360, 131, 'Thị trấn Quân Chu'),
(2361, 131, 'Xã Phúc Lương'),
(2362, 131, 'Xã Minh Tiến'),
(2363, 131, 'Xã Yên Lãng'),
(2364, 131, 'Xã Đức Lương'),
(2365, 131, 'Xã Phú Cường'),
(2366, 131, 'Xã Na Mao'),
(2367, 131, 'Xã Phú Lạc'),
(2368, 131, 'Xã Tân Linh'),
(2369, 131, 'Xã Phú Thịnh'),
(2370, 131, 'Xã Phục Linh'),
(2371, 131, 'Xã Phú Xuyên'),
(2372, 131, 'Xã Bản Ngoại'),
(2373, 131, 'Xã Tiên Hội'),
(2374, 131, 'Xã Cù Vân'),
(2375, 131, 'Xã Hà Thượng'),
(2376, 131, 'Xã La Bằng'),
(2377, 131, 'Xã Hoàng Nông'),
(2378, 131, 'Xã Khôi Kỳ'),
(2379, 131, 'Xã An Khánh'),
(2380, 131, 'Xã Tân Thái'),
(2381, 131, 'Xã Bình Thuận'),
(2382, 131, 'Xã Lục Ba'),
(2383, 131, 'Xã Mỹ Yên'),
(2384, 131, 'Xã Vạn Thọ'),
(2385, 131, 'Xã Văn Yên'),
(2386, 131, 'Xã Ký Phú'),
(2387, 131, 'Xã Cát Nê'),
(2388, 131, 'Xã Quân Chu'),
(2389, 132, 'Phường Bãi Bông'),
(2390, 132, 'Phường Bắc Sơn'),
(2391, 132, 'Phường Ba Hàng'),
(2392, 132, 'Xã Phúc Tân'),
(2393, 132, 'Xã Phúc Thuận'),
(2394, 132, 'Xã Hồng Tiến'),
(2395, 132, 'Xã Minh Đức'),
(2396, 132, 'Xã Đắc Sơn'),
(2397, 132, 'Phường Đồng Tiến'),
(2398, 132, 'Xã Thành Công'),
(2399, 132, 'Xã Tiên Phong'),
(2400, 132, 'Xã Vạn Phái'),
(2401, 132, 'Xã Nam Tiến'),
(2402, 132, 'Xã Tân Hương'),
(2403, 132, 'Xã Đông Cao'),
(2404, 132, 'Xã Trung Thành'),
(2405, 132, 'Xã Tân Phú'),
(2406, 132, 'Xã Thuận Thành'),
(2407, 133, 'Thị trấn Hương Sơn'),
(2408, 133, 'Xã Bàn Đạt'),
(2409, 133, 'Xã Tân Khánh'),
(2410, 133, 'Xã Tân Kim'),
(2411, 133, 'Xã Tân Thành'),
(2412, 133, 'Xã Đào Xá'),
(2413, 133, 'Xã Bảo Lý'),
(2414, 133, 'Xã Thượng Đình'),
(2415, 133, 'Xã Tân Hòa'),
(2416, 133, 'Xã Nhã Lộng'),
(2417, 133, 'Xã Điềm Thụy'),
(2418, 133, 'Xã Xuân Phương'),
(2419, 133, 'Xã Tân Đức'),
(2420, 133, 'Xã Úc Kỳ'),
(2421, 133, 'Xã Lương Phú'),
(2422, 133, 'Xã Nga My'),
(2423, 133, 'Xã Kha Sơn'),
(2424, 133, 'Xã Thanh Ninh'),
(2425, 133, 'Xã Dương Thành'),
(2426, 133, 'Xã Hà Châu'),
(2427, 134, 'Phường Hoàng Văn Thụ'),
(2428, 134, 'Phường Tam Thanh'),
(2429, 134, 'Phường Vĩnh Trại'),
(2430, 134, 'Phường Đông Kinh'),
(2431, 134, 'Phường Chi Lăng'),
(2432, 134, 'Xã Hoàng Đồng'),
(2433, 134, 'Xã Quảng Lạc'),
(2434, 134, 'Xã Mai Pha'),
(2435, 135, 'Thị trấn Thất Khê'),
(2436, 135, 'Xã Khánh Long'),
(2437, 135, 'Xã Đoàn Kết'),
(2438, 135, 'Xã Quốc Khánh'),
(2439, 135, 'Xã Vĩnh Tiến'),
(2440, 135, 'Xã Cao Minh'),
(2441, 135, 'Xã Chí Minh'),
(2442, 135, 'Xã Tri Phương'),
(2443, 135, 'Xã Tân Tiến'),
(2444, 135, 'Xã Tân Yên'),
(2445, 135, 'Xã Đội Cấn'),
(2446, 135, 'Xã Tân Minh'),
(2447, 135, 'Xã Kim Đồng'),
(2448, 135, 'Xã Chi Lăng'),
(2449, 135, 'Xã Trung Thành'),
(2450, 135, 'Xã Đại Đồng'),
(2451, 135, 'Xã Đào Viên'),
(2452, 135, 'Xã Đề Thám'),
(2453, 135, 'Xã Kháng Chiến'),
(2454, 135, 'Xã Hùng Sơn'),
(2455, 135, 'Xã Quốc Việt'),
(2456, 135, 'Xã Hùng Việt'),
(2457, 136, 'Xã Hưng Đạo'),
(2458, 136, 'Xã Vĩnh Yên'),
(2459, 136, 'Xã Hoa Thám'),
(2460, 136, 'Xã Quý Hòa'),
(2461, 136, 'Xã Hồng Phong'),
(2462, 136, 'Xã Yên Lỗ'),
(2463, 136, 'Xã Thiện Hòa'),
(2464, 136, 'Xã Quang Trung'),
(2465, 136, 'Xã Thiện Thuật'),
(2466, 136, 'Xã Minh Khai'),
(2467, 136, 'Xã Thiện Long'),
(2468, 136, 'Xã Hoàng Văn Thụ'),
(2469, 136, 'Xã Hòa Bình'),
(2470, 136, 'Xã Mông Ân'),
(2471, 136, 'Xã Tân Hòa'),
(2472, 136, 'Thị trấn Bình Gia'),
(2473, 136, 'Xã Hồng Thái'),
(2474, 136, 'Xã Bình La'),
(2475, 136, 'Xã Tân Văn'),
(2476, 137, 'Thị trấn Na Sầm'),
(2477, 137, 'Xã Trùng Khánh'),
(2478, 137, 'Xã Bắc La'),
(2479, 137, 'Xã Thụy Hùng'),
(2480, 137, 'Xã Bắc Hùng'),
(2481, 137, 'Xã Tân Tác'),
(2482, 137, 'Xã Thanh Long'),
(2483, 137, 'Xã Hội Hoan'),
(2484, 137, 'Xã Bắc Việt'),
(2485, 137, 'Xã Hoàng Việt'),
(2486, 137, 'Xã Gia Miễn'),
(2487, 137, 'Xã Thành Hòa'),
(2488, 137, 'Xã Tân Thanh'),
(2489, 137, 'Xã Tân Mỹ'),
(2490, 137, 'Xã Hồng Thái'),
(2491, 137, 'Xã  Hoàng Văn Thụ'),
(2492, 137, 'Xã Nhạc Kỳ'),
(2493, 138, 'Thị trấn Đồng Đăng'),
(2494, 138, 'Thị trấn Cao Lộc'),
(2495, 138, 'Xã Bảo Lâm'),
(2496, 138, 'Xã Thanh Lòa'),
(2497, 138, 'Xã Cao Lâu'),
(2498, 138, 'Xã Thạch Đạn'),
(2499, 138, 'Xã Xuất Lễ'),
(2500, 138, 'Xã Hồng Phong'),
(2501, 138, 'Xã Thụy Hùng'),
(2502, 138, 'Xã Lộc Yên'),
(2503, 138, 'Xã Phú Xá'),
(2504, 138, 'Xã Bình Trung'),
(2505, 138, 'Xã Hải Yến'),
(2506, 138, 'Xã Hòa Cư'),
(2507, 138, 'Xã Hợp Thành'),
(2508, 138, 'Xã Công Sơn'),
(2509, 138, 'Xã Gia Cát'),
(2510, 138, 'Xã Mẫu Sơn'),
(2511, 138, 'Xã Xuân Long'),
(2512, 138, 'Xã Tân Liên'),
(2513, 138, 'Xã Yên Trạch'),
(2514, 138, 'Xã Tân Thành'),
(2515, 139, 'Thị trấn Văn Quan'),
(2516, 139, 'Xã Trấn Ninh'),
(2517, 139, 'Xã Liên Hội'),
(2518, 139, 'Xã Hòa Bình'),
(2519, 139, 'Xã Tú Xuyên'),
(2520, 139, 'Xã Điềm He'),
(2521, 139, 'Xã An Sơn'),
(2522, 139, 'Xã Khánh Khê'),
(2523, 139, 'Xã Lương Năng'),
(2524, 139, 'Xã Đồng Giáp'),
(2525, 139, 'Xã Bình Phúc'),
(2526, 139, 'Xã Tràng Các'),
(2527, 139, 'Xã Tân Đoàn'),
(2528, 139, 'Xã Tri Lễ'),
(2529, 139, 'Xã Tràng Phái'),
(2530, 139, 'Xã Yên Phúc'),
(2531, 139, 'Xã Hữu Lễ'),
(2532, 140, 'Thị trấn Bắc Sơn'),
(2533, 140, 'Xã Long Đống'),
(2534, 140, 'Xã Vạn Thủy'),
(2535, 140, 'Xã Đồng ý'),
(2536, 140, 'Xã Tân Tri'),
(2537, 140, 'Xã Bắc Quỳnh'),
(2538, 140, 'Xã Hưng Vũ'),
(2539, 140, 'Xã Tân Lập'),
(2540, 140, 'Xã Vũ Sơn'),
(2541, 140, 'Xã Chiêu Vũ'),
(2542, 140, 'Xã Tân Hương'),
(2543, 140, 'Xã Chiến Thắng'),
(2544, 140, 'Xã Vũ Lăng'),
(2545, 140, 'Xã Trấn Yên'),
(2546, 140, 'Xã Vũ Lễ'),
(2547, 140, 'Xã Nhất Hòa'),
(2548, 140, 'Xã Tân Thành'),
(2549, 140, 'Xã Nhất Tiến'),
(2550, 141, 'Thị trấn Hữu Lũng'),
(2551, 141, 'Xã Hữu Liên'),
(2552, 141, 'Xã Yên Bình'),
(2553, 141, 'Xã Quyết Thắng'),
(2554, 141, 'Xã Hòa Bình'),
(2555, 141, 'Xã Yên Thịnh'),
(2556, 141, 'Xã Yên Sơn'),
(2557, 141, 'Xã Thiện Tân'),
(2558, 141, 'Xã Yên Vượng'),
(2559, 141, 'Xã Minh Tiến'),
(2560, 141, 'Xã Nhật Tiến'),
(2561, 141, 'Xã Thanh Sơn'),
(2562, 141, 'Xã Đồng Tân'),
(2563, 141, 'Xã Cai Kinh'),
(2564, 141, 'Xã Hòa Lạc'),
(2565, 141, 'Xã Vân Nham'),
(2566, 141, 'Xã Đồng Tiến'),
(2567, 141, 'Xã Tân Thành'),
(2568, 141, 'Xã Hòa Sơn'),
(2569, 141, 'Xã Minh Sơn'),
(2570, 141, 'Xã Hồ Sơn'),
(2571, 141, 'Xã Sơn Hà'),
(2572, 141, 'Xã Minh Hòa'),
(2573, 141, 'Xã Hòa Thắng'),
(2574, 142, 'Thị trấn Đồng Mỏ'),
(2575, 142, 'Thị trấn Chi Lăng'),
(2576, 142, 'Xã Vân An'),
(2577, 142, 'Xã Vân Thủy'),
(2578, 142, 'Xã Gia Lộc'),
(2579, 142, 'Xã Bắc Thủy'),
(2580, 142, 'Xã Chiến Thắng'),
(2581, 142, 'Xã Mai Sao'),
(2582, 142, 'Xã Bằng Hữu'),
(2583, 142, 'Xã Thượng Cường'),
(2584, 142, 'Xã Bằng Mạc'),
(2585, 142, 'Xã Nhân Lý'),
(2586, 142, 'Xã Lâm Sơn'),
(2587, 142, 'Xã Liên Sơn'),
(2588, 142, 'Xã Vạn Linh'),
(2589, 142, 'Xã Hòa Bình'),
(2590, 142, 'Xã Hữu Kiên'),
(2591, 142, 'Xã Quan Sơn'),
(2592, 142, 'Xã Y Tịch'),
(2593, 142, 'Xã Chi Lăng'),
(2594, 143, 'Thị trấn Na Dương'),
(2595, 143, 'Thị trấn Lộc Bình'),
(2596, 143, 'Xã Mẫu Sơn'),
(2597, 143, 'Xã Yên Khoái'),
(2598, 143, 'Xã Khánh Xuân'),
(2599, 143, 'Xã Tú Mịch'),
(2600, 143, 'Xã Hữu Khánh'),
(2601, 143, 'Xã Đồng Bục'),
(2602, 143, 'Xã Tam Gia'),
(2603, 143, 'Xã Tú Đoạn'),
(2604, 143, 'Xã Khuất Xá'),
(2605, 143, 'Xã Tĩnh Bắc'),
(2606, 143, 'Xã Thống Nhất'),
(2607, 143, 'Xã Sàn Viên'),
(2608, 143, 'Xã Đông Quan'),
(2609, 143, 'Xã Minh Hiệp'),
(2610, 143, 'Xã Hữu Lân'),
(2611, 143, 'Xã Lợi Bác'),
(2612, 143, 'Xã Nam Quan'),
(2613, 143, 'Xã Xuân Dương'),
(2614, 143, 'Xã Ái Quốc'),
(2615, 144, 'Thị trấn Đình Lập'),
(2616, 144, 'Thị trấn NT Thái Bình'),
(2617, 144, 'Xã Bắc Xa'),
(2618, 144, 'Xã Bính Xá'),
(2619, 144, 'Xã Kiên Mộc'),
(2620, 144, 'Xã Đình Lập'),
(2621, 144, 'Xã Thái Bình'),
(2622, 144, 'Xã Cường Lợi'),
(2623, 144, 'Xã Châu Sơn'),
(2624, 144, 'Xã Lâm Ca'),
(2625, 144, 'Xã Đồng Thắng'),
(2626, 144, 'Xã Bắc Lãng'),
(2627, 145, 'Phường Hà Khánh'),
(2628, 145, 'Phường Hà Phong'),
(2629, 145, 'Phường Hà Khẩu'),
(2630, 145, 'Phường Cao Xanh'),
(2631, 145, 'Phường Giếng Đáy'),
(2632, 145, 'Phường Hà Tu'),
(2633, 145, 'Phường Hà Trung'),
(2634, 145, 'Phường Hà Lầm'),
(2635, 145, 'Phường Bãi Cháy'),
(2636, 145, 'Phường Cao Thắng'),
(2637, 145, 'Phường Hùng Thắng'),
(2638, 145, 'Phường Yết Kiêu'),
(2639, 145, 'Phường Trần Hưng Đạo'),
(2640, 145, 'Phường Hồng Hải'),
(2641, 145, 'Phường Hồng Gai'),
(2642, 145, 'Phường Bạch Đằng'),
(2643, 145, 'Phường Hồng Hà'),
(2644, 145, 'Phường Tuần Châu'),
(2645, 145, 'Phường Việt Hưng'),
(2646, 145, 'Phường Đại Yên'),
(2647, 145, 'Phường Hoành Bồ'),
(2648, 145, 'Xã Kỳ Thượng'),
(2649, 145, 'Xã Đồng Sơn'),
(2650, 145, 'Xã Tân Dân'),
(2651, 145, 'Xã Đồng Lâm'),
(2652, 145, 'Xã Hòa Bình'),
(2653, 145, 'Xã Vũ Oai'),
(2654, 145, 'Xã Dân Chủ'),
(2655, 145, 'Xã Quảng La'),
(2656, 145, 'Xã Bằng Cả'),
(2657, 145, 'Xã Thống Nhất'),
(2658, 145, 'Xã Sơn Dương'),
(2659, 145, 'Xã Lê Lợi'),
(2660, 146, 'Phường Ka Long'),
(2661, 146, 'Phường Trần Phú'),
(2662, 146, 'Phường Ninh Dương'),
(2663, 146, 'Phường Hoà Lạc'),
(2664, 146, 'Phường Trà Cổ'),
(2665, 146, 'Xã Hải Sơn'),
(2666, 146, 'Xã Bắc Sơn'),
(2667, 146, 'Xã Hải Đông'),
(2668, 146, 'Xã Hải Tiến'),
(2669, 146, 'Phường Hải Yên'),
(2670, 146, 'Xã Quảng Nghĩa'),
(2671, 146, 'Phường Hải Hoà'),
(2672, 146, 'Xã Hải Xuân'),
(2673, 146, 'Xã Vạn Ninh'),
(2674, 146, 'Phường Bình Ngọc'),
(2675, 146, 'Xã Vĩnh Trung'),
(2676, 146, 'Xã Vĩnh Thực'),
(2677, 147, 'Phường Mông Dương'),
(2678, 147, 'Phường Cửa Ông'),
(2679, 147, 'Phường Cẩm Sơn'),
(2680, 147, 'Phường Cẩm Đông'),
(2681, 147, 'Phường Cẩm Phú'),
(2682, 147, 'Phường Cẩm Tây'),
(2683, 147, 'Phường Quang Hanh'),
(2684, 147, 'Phường Cẩm Thịnh'),
(2685, 147, 'Phường Cẩm Thủy'),
(2686, 147, 'Phường Cẩm Thạch'),
(2687, 147, 'Phường Cẩm Thành'),
(2688, 147, 'Phường Cẩm Trung'),
(2689, 147, 'Phường Cẩm Bình'),
(2690, 147, 'Xã Cộng Hòa'),
(2691, 147, 'Xã Cẩm Hải'),
(2692, 147, 'Xã Dương Huy'),
(2693, 148, 'Phường Vàng Danh'),
(2694, 148, 'Phường Thanh Sơn'),
(2695, 148, 'Phường Bắc Sơn'),
(2696, 148, 'Phường Quang Trung'),
(2697, 148, 'Phường Trưng Vương'),
(2698, 148, 'Phường Nam Khê'),
(2699, 148, 'Phường Yên Thanh'),
(2700, 148, 'Xã Thượng Yên Công'),
(2701, 148, 'Phường Phương Đông'),
(2702, 148, 'Phường Phương Nam'),
(2703, 149, 'Thị trấn Bình Liêu'),
(2704, 149, 'Xã Hoành Mô'),
(2705, 149, 'Xã Đồng Tâm'),
(2706, 149, 'Xã Đồng Văn'),
(2707, 149, 'Xã Vô Ngại'),
(2708, 149, 'Xã Lục Hồn'),
(2709, 149, 'Xã Húc Động'),
(2710, 150, 'Thị trấn Tiên Yên'),
(2711, 150, 'Xã Hà Lâu'),
(2712, 150, 'Xã Đại Dực'),
(2713, 150, 'Xã Phong Dụ'),
(2714, 150, 'Xã Điền Xá'),
(2715, 150, 'Xã Đông Ngũ'),
(2716, 150, 'Xã Yên Than'),
(2717, 150, 'Xã Đông Hải'),
(2718, 150, 'Xã Hải Lạng'),
(2719, 150, 'Xã Tiên Lãng'),
(2720, 150, 'Xã Đồng Rui'),
(2721, 151, 'Thị trấn Đầm Hà'),
(2722, 151, 'Xã Quảng Lâm'),
(2723, 151, 'Xã Quảng An'),
(2724, 151, 'Xã Tân Bình'),
(2725, 151, 'Xã Dực Yên'),
(2726, 151, 'Xã Quảng Tân'),
(2727, 151, 'Xã Đầm Hà'),
(2728, 151, 'Xã Tân Lập'),
(2729, 151, 'Xã Đại Bình'),
(2730, 152, 'Thị trấn Quảng Hà'),
(2731, 152, 'Xã Quảng Đức'),
(2732, 152, 'Xã Quảng Sơn'),
(2733, 152, 'Xã Quảng Thành'),
(2734, 152, 'Xã Quảng Thịnh'),
(2735, 152, 'Xã Quảng Minh'),
(2736, 152, 'Xã Quảng Chính'),
(2737, 152, 'Xã Quảng Long'),
(2738, 152, 'Xã Đường Hoa'),
(2739, 152, 'Xã Quảng Phong'),
(2740, 152, 'Xã Cái Chiên'),
(2741, 153, 'Thị trấn Ba Chẽ'),
(2742, 153, 'Xã Thanh Sơn'),
(2743, 153, 'Xã Thanh Lâm'),
(2744, 153, 'Xã Đạp Thanh'),
(2745, 153, 'Xã Nam Sơn'),
(2746, 153, 'Xã Lương Mông'),
(2747, 153, 'Xã Đồn Đạc'),
(2748, 153, 'Xã Minh Cầm'),
(2749, 154, 'Thị trấn Cái Rồng'),
(2750, 154, 'Xã Đài Xuyên'),
(2751, 154, 'Xã Bình Dân'),
(2752, 154, 'Xã Vạn Yên'),
(2753, 154, 'Xã Minh Châu'),
(2754, 154, 'Xã Đoàn Kết'),
(2755, 154, 'Xã Hạ Long'),
(2756, 154, 'Xã Đông Xá'),
(2757, 154, 'Xã Bản Sen'),
(2758, 154, 'Xã Thắng Lợi'),
(2759, 154, 'Xã Quan Lạn'),
(2760, 154, 'Xã Ngọc Vừng'),
(2761, 155, 'Phường Mạo Khê'),
(2762, 155, 'Phường Đông Triều'),
(2763, 155, 'Xã An Sinh'),
(2764, 155, 'Xã Tràng Lương'),
(2765, 155, 'Xã Bình Khê'),
(2766, 155, 'Xã Việt Dân'),
(2767, 155, 'Xã Tân Việt'),
(2768, 155, 'Xã Bình Dương'),
(2769, 155, 'Phường Đức Chính'),
(2770, 155, 'Phường Tràng An'),
(2771, 155, 'Xã Nguyễn Huệ'),
(2772, 155, 'Xã Thủy An'),
(2773, 155, 'Phường Xuân Sơn'),
(2774, 155, 'Xã Hồng Thái Tây'),
(2775, 155, 'Xã Hồng Thái Đông'),
(2776, 155, 'Phường Hoàng Quế'),
(2777, 155, 'Phường Yên Thọ'),
(2778, 155, 'Phường Hồng Phong'),
(2779, 155, 'Phường Kim Sơn'),
(2780, 155, 'Phường Hưng Đạo'),
(2781, 155, 'Xã Yên Đức'),
(2782, 156, 'Phường Quảng Yên'),
(2783, 156, 'Phường Đông Mai'),
(2784, 156, 'Phường Minh Thành'),
(2785, 156, 'Xã Sông Khoai'),
(2786, 156, 'Xã Hiệp Hòa'),
(2787, 156, 'Phường Cộng Hòa'),
(2788, 156, 'Xã Tiền An'),
(2789, 156, 'Xã Hoàng Tân'),
(2790, 156, 'Phường Tân An'),
(2791, 156, 'Phường Yên Giang'),
(2792, 156, 'Phường Nam Hoà'),
(2793, 156, 'Phường Hà An'),
(2794, 156, 'Xã Cẩm La'),
(2795, 156, 'Phường Phong Hải'),
(2796, 156, 'Phường Yên Hải'),
(2797, 156, 'Xã Liên Hòa'),
(2798, 156, 'Phường Phong Cốc'),
(2799, 156, 'Xã Liên Vị'),
(2800, 156, 'Xã Tiền Phong'),
(2801, 157, 'Thị trấn Cô Tô'),
(2802, 157, 'Xã Đồng Tiến'),
(2803, 157, 'Xã Thanh Lân'),
(2804, 158, 'Phường Thọ Xương'),
(2805, 158, 'Phường Trần Nguyên Hãn'),
(2806, 158, 'Phường Ngô Quyền'),
(2807, 158, 'Phường Hoàng Văn Thụ'),
(2808, 158, 'Phường Trần Phú'),
(2809, 158, 'Phường Mỹ Độ'),
(2810, 158, 'Phường Lê Lợi'),
(2811, 158, 'Xã Song Mai'),
(2812, 158, 'Phường Xương Giang'),
(2813, 158, 'Phường Đa Mai'),
(2814, 158, 'Phường Dĩnh Kế'),
(2815, 158, 'Xã Dĩnh Trì'),
(2816, 158, 'Xã Tân Mỹ'),
(2817, 158, 'Xã Đồng Sơn'),
(2818, 158, 'Xã Tân Tiến'),
(2819, 158, 'Xã Song Khê'),
(2820, 159, 'Xã Đồng Tiến'),
(2821, 159, 'Xã Canh Nậu'),
(2822, 159, 'Xã Xuân Lương'),
(2823, 159, 'Xã Tam Tiến'),
(2824, 159, 'Xã Đồng Vương'),
(2825, 159, 'Xã Đồng Hưu'),
(2826, 159, 'Xã Đồng Tâm'),
(2827, 159, 'Xã Tam Hiệp'),
(2828, 159, 'Xã Tiến Thắng'),
(2829, 159, 'Xã Hồng Kỳ'),
(2830, 159, 'Xã Đồng Lạc'),
(2831, 159, 'Xã Đông Sơn'),
(2832, 159, 'Xã Tân Hiệp'),
(2833, 159, 'Xã Hương Vĩ'),
(2834, 159, 'Xã Đồng Kỳ'),
(2835, 159, 'Xã An Thượng'),
(2836, 159, 'Thị trấn Phồn Xương'),
(2837, 159, 'Xã Tân Sỏi'),
(2838, 159, 'Thị trấn Bố Hạ'),
(2839, 160, 'Xã Lan Giới'),
(2840, 160, 'Thị trấn Nhã Nam'),
(2841, 160, 'Xã Tân Trung'),
(2842, 160, 'Xã Đại Hóa'),
(2843, 160, 'Xã Quang Tiến'),
(2844, 160, 'Xã Phúc Sơn'),
(2845, 160, 'Xã An Dương'),
(2846, 160, 'Xã Phúc Hòa'),
(2847, 160, 'Xã Liên Sơn'),
(2848, 160, 'Xã Hợp Đức'),
(2849, 160, 'Xã Lam Cốt'),
(2850, 160, 'Xã Cao Xá'),
(2851, 160, 'Thị trấn Cao Thượng'),
(2852, 160, 'Xã Việt Ngọc'),
(2853, 160, 'Xã Song Vân'),
(2854, 160, 'Xã Ngọc Châu'),
(2855, 160, 'Xã Ngọc Vân'),
(2856, 160, 'Xã Việt Lập'),
(2857, 160, 'Xã Liên Chung'),
(2858, 160, 'Xã Ngọc Thiện'),
(2859, 160, 'Xã Ngọc Lý'),
(2860, 160, 'Xã Quế Nham'),
(2861, 161, 'Thị trấn Vôi'),
(2862, 161, 'Xã Nghĩa Hòa'),
(2863, 161, 'Xã Nghĩa Hưng'),
(2864, 161, 'Xã Quang Thịnh'),
(2865, 161, 'Xã Hương Sơn'),
(2866, 161, 'Xã Đào Mỹ'),
(2867, 161, 'Xã Tiên Lục'),
(2868, 161, 'Xã An Hà'),
(2869, 161, 'Thị trấn Kép'),
(2870, 161, 'Xã Mỹ Hà'),
(2871, 161, 'Xã Hương Lạc'),
(2872, 161, 'Xã Dương Đức'),
(2873, 161, 'Xã Tân Thanh'),
(2874, 161, 'Xã Yên Mỹ'),
(2875, 161, 'Xã Tân Hưng'),
(2876, 161, 'Xã Mỹ Thái'),
(2877, 161, 'Xã Xương Lâm'),
(2878, 161, 'Xã Xuân Hương'),
(2879, 161, 'Xã Tân Dĩnh'),
(2880, 161, 'Xã Đại Lâm'),
(2881, 161, 'Xã Thái Đào'),
(2882, 162, 'Thị trấn Đồi Ngô'),
(2883, 162, 'Xã Đông Hưng'),
(2884, 162, 'Xã Đông Phú'),
(2885, 162, 'Xã Tam Dị'),
(2886, 162, 'Xã Bảo Sơn'),
(2887, 162, 'Xã Bảo Đài'),
(2888, 162, 'Xã Thanh Lâm'),
(2889, 162, 'Xã Tiên Nha'),
(2890, 162, 'Xã Trường Giang'),
(2891, 162, 'Xã Phương Sơn'),
(2892, 162, 'Xã Chu Điện'),
(2893, 162, 'Xã Cương Sơn'),
(2894, 162, 'Xã Nghĩa Phương'),
(2895, 162, 'Xã Vô Tranh'),
(2896, 162, 'Xã Bình Sơn'),
(2897, 162, 'Xã Lan Mẫu'),
(2898, 162, 'Xã Yên Sơn'),
(2899, 162, 'Xã Khám Lạng'),
(2900, 162, 'Xã Huyền Sơn'),
(2901, 162, 'Xã Trường Sơn'),
(2902, 162, 'Xã Lục Sơn'),
(2903, 162, 'Xã Bắc Lũng'),
(2904, 162, 'Xã Vũ Xá'),
(2905, 162, 'Xã Cẩm Lý'),
(2906, 162, 'Xã Đan Hội'),
(2907, 163, 'Thị trấn Chũ'),
(2908, 163, 'Xã Cấm Sơn'),
(2909, 163, 'Xã Tân Sơn'),
(2910, 163, 'Xã Phong Minh'),
(2911, 163, 'Xã Phong Vân'),
(2912, 163, 'Xã Xa Lý'),
(2913, 163, 'Xã Hộ Đáp'),
(2914, 163, 'Xã Sơn Hải'),
(2915, 163, 'Xã Thanh Hải'),
(2916, 163, 'Xã Kiên Lao'),
(2917, 163, 'Xã Biên Sơn'),
(2918, 163, 'Xã Kiên Thành'),
(2919, 163, 'Xã Hồng Giang'),
(2920, 163, 'Xã Kim Sơn'),
(2921, 163, 'Xã Tân Hoa'),
(2922, 163, 'Xã Giáp Sơn'),
(2923, 163, 'Xã Biển Động'),
(2924, 163, 'Xã Quý Sơn'),
(2925, 163, 'Xã Trù Hựu'),
(2926, 163, 'Xã Phì Điền'),
(2927, 163, 'Xã Tân Quang'),
(2928, 163, 'Xã Đồng Cốc'),
(2929, 163, 'Xã Tân Lập'),
(2930, 163, 'Xã Phú Nhuận'),
(2931, 163, 'Xã Mỹ An'),
(2932, 163, 'Xã Nam Dương'),
(2933, 163, 'Xã Tân Mộc'),
(2934, 163, 'Xã Đèo Gia'),
(2935, 163, 'Xã Phượng Sơn'),
(2936, 164, 'Thị trấn An Châu'),
(2937, 164, 'Thị trấn Tây Yên Tử'),
(2938, 164, 'Xã Vân Sơn'),
(2939, 164, 'Xã Hữu Sản'),
(2940, 164, 'Xã Đại Sơn'),
(2941, 164, 'Xã Phúc Sơn'),
(2942, 164, 'Xã Giáo Liêm'),
(2943, 164, 'Xã Cẩm Đàn'),
(2944, 164, 'Xã An Lạc'),
(2945, 164, 'Xã Vĩnh An'),
(2946, 164, 'Xã Yên Định'),
(2947, 164, 'Xã Lệ Viễn'),
(2948, 164, 'Xã An Bá'),
(2949, 164, 'Xã Tuấn Đạo'),
(2950, 164, 'Xã Dương Hưu'),
(2951, 164, 'Xã Long Sơn'),
(2952, 164, 'Xã Thanh Luận'),
(2953, 165, 'Thị trấn Nham Biền'),
(2954, 165, 'Thị trấn Tân An'),
(2955, 165, 'Xã Lão Hộ'),
(2956, 165, 'Xã Hương Gián'),
(2957, 165, 'Xã Quỳnh Sơn'),
(2958, 165, 'Xã Nội Hoàng'),
(2959, 165, 'Xã Tiền Phong'),
(2960, 165, 'Xã Xuân Phú'),
(2961, 165, 'Xã Tân Liễu'),
(2962, 165, 'Xã Trí Yên'),
(2963, 165, 'Xã Lãng Sơn'),
(2964, 165, 'Xã Yên Lư'),
(2965, 165, 'Xã Tiến Dũng'),
(2966, 165, 'Xã Đức Giang'),
(2967, 165, 'Xã Cảnh Thụy'),
(2968, 165, 'Xã Tư Mại'),
(2969, 165, 'Xã Đồng Việt'),
(2970, 165, 'Xã Đồng Phúc'),
(2971, 166, 'Xã Thượng Lan'),
(2972, 166, 'Xã Việt Tiến'),
(2973, 166, 'Xã Nghĩa Trung'),
(2974, 166, 'Xã Minh Đức'),
(2975, 166, 'Xã Hương Mai'),
(2976, 166, 'Xã Tự Lạn'),
(2977, 166, 'Thị trấn Bích Động'),
(2978, 166, 'Xã Trung Sơn'),
(2979, 166, 'Xã Hồng Thái'),
(2980, 166, 'Xã Tiên Sơn'),
(2981, 166, 'Xã Tăng Tiến'),
(2982, 166, 'Xã Quảng Minh'),
(2983, 166, 'Thị trấn Nếnh'),
(2984, 166, 'Xã Ninh Sơn'),
(2985, 166, 'Xã Vân Trung'),
(2986, 166, 'Xã Vân Hà'),
(2987, 166, 'Xã Quang Châu'),
(2988, 167, 'Xã Đồng Tân'),
(2989, 167, 'Xã Thanh Vân'),
(2990, 167, 'Xã Hoàng Lương'),
(2991, 167, 'Xã Hoàng Vân'),
(2992, 167, 'Xã Hoàng Thanh'),
(2993, 167, 'Xã Hoàng An'),
(2994, 167, 'Xã Ngọc Sơn'),
(2995, 167, 'Xã Thái Sơn'),
(2996, 167, 'Xã Hòa Sơn'),
(2997, 167, 'Thị trấn Thắng'),
(2998, 167, 'Xã Quang Minh'),
(2999, 167, 'Xã Lương Phong'),
(3000, 167, 'Xã Hùng Sơn'),
(3001, 167, 'Xã Đại Thành'),
(3002, 167, 'Xã Thường Thắng'),
(3003, 167, 'Xã Hợp Thịnh'),
(3004, 167, 'Xã Danh Thắng'),
(3005, 167, 'Xã Mai Trung'),
(3006, 167, 'Xã Đoan Bái'),
(3007, 167, 'Xã Bắc Lý'),
(3008, 167, 'Xã Xuân Cẩm'),
(3009, 167, 'Xã Hương Lâm'),
(3010, 167, 'Xã Đông Lỗ'),
(3011, 167, 'Xã Châu Minh'),
(3012, 167, 'Xã Mai Đình'),
(3013, 168, 'Phường Dữu Lâu'),
(3014, 168, 'Phường Vân Cơ'),
(3015, 168, 'Phường Nông Trang'),
(3016, 168, 'Phường Tân Dân'),
(3017, 168, 'Phường Gia Cẩm'),
(3018, 168, 'Phường Tiên Cát'),
(3019, 168, 'Phường Thọ Sơn'),
(3020, 168, 'Phường Thanh Miếu'),
(3021, 168, 'Phường Bạch Hạc'),
(3022, 168, 'Phường Bến Gót'),
(3023, 168, 'Phường Vân Phú'),
(3024, 168, 'Xã Phượng Lâu'),
(3025, 168, 'Xã Thụy Vân'),
(3026, 168, 'Phường Minh Phương'),
(3027, 168, 'Xã Trưng Vương'),
(3028, 168, 'Phường Minh Nông'),
(3029, 168, 'Xã Sông Lô'),
(3030, 168, 'Xã Kim Đức'),
(3031, 168, 'Xã Hùng Lô'),
(3032, 168, 'Xã Hy Cương'),
(3033, 168, 'Xã Chu Hóa'),
(3034, 168, 'Xã Thanh Đình'),
(3035, 169, 'Phường Hùng Vương'),
(3036, 169, 'Phường Phong Châu'),
(3037, 169, 'Phường Âu Cơ'),
(3038, 169, 'Xã Hà Lộc'),
(3039, 169, 'Xã Phú Hộ'),
(3040, 169, 'Xã Văn Lung'),
(3041, 169, 'Xã Thanh Minh'),
(3042, 169, 'Xã Hà Thạch'),
(3043, 169, 'Phường Thanh Vinh'),
(3044, 170, 'Thị trấn Đoan Hùng'),
(3045, 170, 'Xã Hùng Xuyên'),
(3046, 170, 'Xã Bằng Luân'),
(3047, 170, 'Xã Vân Du'),
(3048, 170, 'Xã Phú Lâm'),
(3049, 170, 'Xã Minh Lương'),
(3050, 170, 'Xã Bằng Doãn'),
(3051, 170, 'Xã Chí Đám'),
(3052, 170, 'Xã Phúc Lai'),
(3053, 170, 'Xã Ngọc Quan'),
(3054, 170, 'Xã Hợp Nhất'),
(3055, 170, 'Xã Sóc Đăng'),
(3056, 170, 'Xã Tây Cốc'),
(3057, 170, 'Xã Yên Kiện'),
(3058, 170, 'Xã Hùng Long'),
(3059, 170, 'Xã Vụ Quang'),
(3060, 170, 'Xã Vân Đồn'),
(3061, 170, 'Xã Tiêu Sơn'),
(3062, 170, 'Xã Minh Tiến'),
(3063, 170, 'Xã Minh Phú'),
(3064, 170, 'Xã Chân Mộng'),
(3065, 170, 'Xã Ca Đình'),
(3066, 171, 'Thị trấn Hạ Hoà'),
(3067, 171, 'Xã Đại Phạm'),
(3068, 171, 'Xã Đan Thượng'),
(3069, 171, 'Xã Hà Lương'),
(3070, 171, 'Xã Tứ Hiệp'),
(3071, 171, 'Xã Hiền Lương'),
(3072, 171, 'Xã Phương Viên'),
(3073, 171, 'Xã Gia Điền'),
(3074, 171, 'Xã Ấm Hạ'),
(3075, 171, 'Xã Hương Xạ'),
(3076, 171, 'Xã Xuân Áng'),
(3077, 171, 'Xã Yên Kỳ'),
(3078, 171, 'Xã Minh Hạc'),
(3079, 171, 'Xã Lang Sơn'),
(3080, 171, 'Xã Bằng Giã'),
(3081, 171, 'Xã Yên Luật'),
(3082, 171, 'Xã Vô Tranh'),
(3083, 171, 'Xã Văn Lang'),
(3084, 171, 'Xã Minh Côi'),
(3085, 171, 'Xã Vĩnh Chân'),
(3086, 172, 'Thị trấn Thanh Ba'),
(3087, 172, 'Xã Vân Lĩnh'),
(3088, 172, 'Xã Đông Lĩnh'),
(3089, 172, 'Xã Đại An'),
(3090, 172, 'Xã Hanh Cù'),
(3091, 172, 'Xã Đồng Xuân'),
(3092, 172, 'Xã Quảng Yên'),
(3093, 172, 'Xã Ninh Dân'),
(3094, 172, 'Xã Võ Lao'),
(3095, 172, 'Xã Khải Xuân'),
(3096, 172, 'Xã Mạn Lạn'),
(3097, 172, 'Xã Hoàng Cương'),
(3098, 172, 'Xã Chí Tiên'),
(3099, 172, 'Xã Đông Thành'),
(3100, 172, 'Xã Sơn Cương'),
(3101, 172, 'Xã Thanh Hà'),
(3102, 172, 'Xã Đỗ Sơn'),
(3103, 172, 'Xã Đỗ Xuyên'),
(3104, 172, 'Xã Lương Lỗ'),
(3105, 173, 'Thị trấn Phong Châu'),
(3106, 173, 'Xã Phú Mỹ'),
(3107, 173, 'Xã Lệ Mỹ'),
(3108, 173, 'Xã Liên Hoa'),
(3109, 173, 'Xã Trạm Thản'),
(3110, 173, 'Xã Trị Quận'),
(3111, 173, 'Xã Trung Giáp'),
(3112, 173, 'Xã Tiên Phú'),
(3113, 173, 'Xã Hạ Giáp'),
(3114, 173, 'Xã Bảo Thanh'),
(3115, 173, 'Xã Phú Lộc'),
(3116, 173, 'Xã Gia Thanh'),
(3117, 173, 'Xã Tiên Du'),
(3118, 173, 'Xã Phú Nham'),
(3119, 173, 'Xã An Đạo'),
(3120, 173, 'Xã Bình Phú'),
(3121, 173, 'Xã Phù Ninh'),
(3122, 174, 'Thị trấn Yên Lập'),
(3123, 174, 'Xã Mỹ Lung'),
(3124, 174, 'Xã Mỹ Lương'),
(3125, 174, 'Xã Lương Sơn'),
(3126, 174, 'Xã Xuân An'),
(3127, 174, 'Xã Xuân Viên'),
(3128, 174, 'Xã Xuân Thủy'),
(3129, 174, 'Xã Trung Sơn'),
(3130, 174, 'Xã Hưng Long'),
(3131, 174, 'Xã Nga Hoàng'),
(3132, 174, 'Xã Đồng Lạc'),
(3133, 174, 'Xã Thượng Long'),
(3134, 174, 'Xã Đồng Thịnh'),
(3135, 174, 'Xã Phúc Khánh'),
(3136, 174, 'Xã Minh Hòa'),
(3137, 174, 'Xã Ngọc Lập'),
(3138, 174, 'Xã Ngọc Đồng'),
(3139, 175, 'Thị trấn Cẩm Khê'),
(3140, 175, 'Xã Tiên Lương'),
(3141, 175, 'Xã Tuy Lộc'),
(3142, 175, 'Xã Ngô Xá'),
(3143, 175, 'Xã Minh Tân'),
(3144, 175, 'Xã Phượng Vĩ'),
(3145, 175, 'Xã Thụy Liễu'),
(3146, 175, 'Xã Tùng Khê'),
(3147, 175, 'Xã Tam Sơn'),
(3148, 175, 'Xã Văn Bán'),
(3149, 175, 'Xã Cấp Dẫn'),
(3150, 175, 'Xã Xương Thịnh'),
(3151, 175, 'Xã Phú Khê'),
(3152, 175, 'Xã Sơn Tình'),
(3153, 175, 'Xã Yên Tập'),
(3154, 175, 'Xã Hương Lung'),
(3155, 175, 'Xã Tạ Xá'),
(3156, 175, 'Xã Phú Lạc'),
(3157, 175, 'Xã Chương Xá'),
(3158, 175, 'Xã Hùng Việt'),
(3159, 175, 'Xã Văn Khúc'),
(3160, 175, 'Xã Yên Dưỡng'),
(3161, 175, 'Xã Điêu Lương'),
(3162, 175, 'Xã Đồng Lương'),
(3163, 176, 'Thị trấn Hưng Hoá'),
(3164, 176, 'Xã Hiền Quan'),
(3165, 176, 'Xã Bắc Sơn'),
(3166, 176, 'Xã Thanh Uyên'),
(3167, 176, 'Xã Lam Sơn'),
(3168, 176, 'Xã Vạn Xuân'),
(3169, 176, 'Xã Quang Húc'),
(3170, 176, 'Xã Hương Nộn'),
(3171, 176, 'Xã Tề Lễ'),
(3172, 176, 'Xã Thọ Văn'),
(3173, 176, 'Xã Dị Nậu'),
(3174, 176, 'Xã Dân Quyền'),
(3175, 177, 'Thị trấn Lâm Thao'),
(3176, 177, 'Xã Tiên Kiên'),
(3177, 177, 'Thị trấn Hùng Sơn'),
(3178, 177, 'Xã Xuân Lũng'),
(3179, 177, 'Xã Xuân Huy'),
(3180, 177, 'Xã Thạch Sơn'),
(3181, 177, 'Xã Sơn Vi'),
(3182, 177, 'Xã Phùng Nguyên'),
(3183, 177, 'Xã Cao Xá'),
(3184, 177, 'Xã Vĩnh Lại'),
(3185, 177, 'Xã Tứ Xã'),
(3186, 177, 'Xã Bản Nguyên'),
(3187, 178, 'Thị trấn Thanh Sơn'),
(3188, 178, 'Xã Sơn Hùng'),
(3189, 178, 'Xã Địch Quả'),
(3190, 178, 'Xã Giáp Lai'),
(3191, 178, 'Xã Thục Luyện'),
(3192, 178, 'Xã Võ Miếu'),
(3193, 178, 'Xã Thạch Khoán'),
(3194, 178, 'Xã Cự Thắng'),
(3195, 178, 'Xã Tất Thắng'),
(3196, 178, 'Xã Văn Miếu'),
(3197, 178, 'Xã Cự Đồng'),
(3198, 178, 'Xã Thắng Sơn'),
(3199, 178, 'Xã Tân Minh'),
(3200, 178, 'Xã Hương Cần'),
(3201, 178, 'Xã Khả Cửu'),
(3202, 178, 'Xã Đông Cửu'),
(3203, 178, 'Xã Tân Lập'),
(3204, 178, 'Xã Yên Lãng'),
(3205, 178, 'Xã Yên Lương'),
(3206, 178, 'Xã Thượng Cửu'),
(3207, 178, 'Xã Lương Nha'),
(3208, 178, 'Xã Yên Sơn'),
(3209, 178, 'Xã Tinh Nhuệ'),
(3210, 179, 'Xã Đào Xá'),
(3211, 179, 'Xã Thạch Đồng'),
(3212, 179, 'Xã Xuân Lộc'),
(3213, 179, 'Xã Tân Phương'),
(3214, 179, 'Thị trấn Thanh Thủy'),
(3215, 179, 'Xã Sơn Thủy'),
(3216, 179, 'Xã Bảo Yên'),
(3217, 179, 'Xã Đoan Hạ'),
(3218, 179, 'Xã Đồng Trung'),
(3219, 179, 'Xã Hoàng Xá'),
(3220, 179, 'Xã Tu Vũ'),
(3221, 180, 'Xã Thu Cúc'),
(3222, 180, 'Xã Thạch Kiệt'),
(3223, 180, 'Xã Thu Ngạc'),
(3224, 180, 'Xã Kiệt Sơn'),
(3225, 180, 'Xã Đồng Sơn'),
(3226, 180, 'Xã Lai Đồng'),
(3227, 180, 'Xã Tân Phú'),
(3228, 180, 'Xã Mỹ Thuận'),
(3229, 180, 'Xã Tân Sơn'),
(3230, 180, 'Xã Xuân Đài'),
(3231, 180, 'Xã Minh Đài'),
(3232, 180, 'Xã Văn Luông'),
(3233, 180, 'Xã Xuân Sơn'),
(3234, 180, 'Xã Long Cốc'),
(3235, 180, 'Xã Kim Thượng'),
(3236, 180, 'Xã Tam Thanh'),
(3237, 180, 'Xã Vinh Tiền'),
(3238, 181, 'Phường Tích Sơn'),
(3239, 181, 'Phường Liên Bảo'),
(3240, 181, 'Phường Hội Hợp'),
(3241, 181, 'Phường Đống Đa'),
(3242, 181, 'Phường Ngô Quyền'),
(3243, 181, 'Phường Đồng Tâm'),
(3244, 181, 'Xã Định Trung'),
(3245, 181, 'Phường Khai Quang'),
(3246, 181, 'Xã Thanh Trù'),
(3247, 182, 'Phường Trưng Trắc'),
(3248, 182, 'Phường Hùng Vương'),
(3249, 182, 'Phường Trưng Nhị'),
(3250, 182, 'Phường Phúc Thắng'),
(3251, 182, 'Phường Xuân Hoà'),
(3252, 182, 'Phường Đồng Xuân'),
(3253, 182, 'Xã Ngọc Thanh'),
(3254, 182, 'Xã Cao Minh'),
(3255, 182, 'Phường Nam Viêm'),
(3256, 182, 'Phường Tiền Châu'),
(3257, 183, 'Thị trấn Lập Thạch'),
(3258, 183, 'Xã Quang Sơn'),
(3259, 183, 'Xã Ngọc Mỹ'),
(3260, 183, 'Xã Hợp Lý'),
(3261, 183, 'Xã Bắc Bình'),
(3262, 183, 'Xã Thái Hòa'),
(3263, 183, 'Thị trấn Hoa Sơn'),
(3264, 183, 'Xã Liễn Sơn'),
(3265, 183, 'Xã Xuân Hòa'),
(3266, 183, 'Xã Vân Trục'),
(3267, 183, 'Xã Liên Hòa'),
(3268, 183, 'Xã Tử Du'),
(3269, 183, 'Xã Bàn Giản'),
(3270, 183, 'Xã Xuân Lôi'),
(3271, 183, 'Xã Đồng Ích'),
(3272, 183, 'Xã Tiên Lữ'),
(3273, 183, 'Xã Văn Quán'),
(3274, 183, 'Xã Đình Chu'),
(3275, 183, 'Xã Triệu Đề'),
(3276, 183, 'Xã Sơn Đông'),
(3277, 184, 'Thị trấn Hợp Hòa'),
(3278, 184, 'Xã Hoàng Hoa'),
(3279, 184, 'Xã Đồng Tĩnh'),
(3280, 184, 'Xã Kim Long'),
(3281, 184, 'Xã Hướng Đạo'),
(3282, 184, 'Xã Đạo Tú'),
(3283, 184, 'Xã An Hòa'),
(3284, 184, 'Xã Thanh Vân'),
(3285, 184, 'Xã Duy Phiên'),
(3286, 184, 'Xã Hoàng Đan'),
(3287, 184, 'Xã Hoàng Lâu'),
(3288, 184, 'Xã Vân Hội'),
(3289, 184, 'Xã Hợp Thịnh'),
(3290, 185, 'Thị trấn Tam Đảo'),
(3291, 185, 'Thị trấn Hợp Châu'),
(3292, 185, 'Xã Đạo Trù'),
(3293, 185, 'Xã Yên Dương'),
(3294, 185, 'Xã Bồ Lý'),
(3295, 185, 'Thị trấn Đại Đình'),
(3296, 185, 'Xã Tam Quan'),
(3297, 185, 'Xã Hồ Sơn'),
(3298, 185, 'Xã Minh Quang'),
(3299, 186, 'Thị trấn Hương Canh'),
(3300, 186, 'Thị trấn Gia Khánh'),
(3301, 186, 'Xã Trung Mỹ'),
(3302, 186, 'Thị trấn Bá Hiến'),
(3303, 186, 'Xã Thiện Kế'),
(3304, 186, 'Xã Hương Sơn'),
(3305, 186, 'Xã Tam Hợp'),
(3306, 186, 'Xã Quất Lưu'),
(3307, 186, 'Xã Sơn Lôi'),
(3308, 186, 'Thị trấn Đạo Đức'),
(3309, 186, 'Xã Tân Phong'),
(3310, 186, 'Thị trấn Thanh Lãng'),
(3311, 186, 'Xã Phú Xuân'),
(3312, 187, 'Thị trấn Yên Lạc'),
(3313, 187, 'Xã Đồng Cương'),
(3314, 187, 'Xã Đồng Văn'),
(3315, 187, 'Xã Bình Định'),
(3316, 187, 'Xã Trung Nguyên'),
(3317, 187, 'Xã Tề Lỗ'),
(3318, 187, 'Xã Tam Hồng'),
(3319, 187, 'Xã Yên Đồng'),
(3320, 187, 'Xã Văn Tiến'),
(3321, 187, 'Xã Nguyệt Đức'),
(3322, 187, 'Xã Yên Phương'),
(3323, 187, 'Xã Hồng Phương'),
(3324, 187, 'Xã Trung Kiên'),
(3325, 187, 'Xã Liên Châu'),
(3326, 187, 'Xã Đại Tự'),
(3327, 187, 'Xã Hồng Châu'),
(3328, 187, 'Xã Trung Hà'),
(3329, 188, 'Thị trấn Vĩnh Tường'),
(3330, 188, 'Xã Kim Xá'),
(3331, 188, 'Xã Yên Bình'),
(3332, 188, 'Xã Chấn Hưng'),
(3333, 188, 'Xã Nghĩa Hưng'),
(3334, 188, 'Xã Yên Lập'),
(3335, 188, 'Xã Việt Xuân'),
(3336, 188, 'Xã Bồ Sao'),
(3337, 188, 'Xã Đại Đồng'),
(3338, 188, 'Xã Tân Tiến'),
(3339, 188, 'Xã Lũng Hoà'),
(3340, 188, 'Xã Cao Đại'),
(3341, 188, 'Thị Trấn Thổ Tang'),
(3342, 188, 'Xã Vĩnh Sơn'),
(3343, 188, 'Xã Bình Dương'),
(3344, 188, 'Xã Tân Phú'),
(3345, 188, 'Xã Thượng Trưng'),
(3346, 188, 'Xã Vũ Di'),
(3347, 188, 'Xã Lý Nhân'),
(3348, 188, 'Xã Tuân Chính'),
(3349, 188, 'Xã Vân Xuân'),
(3350, 188, 'Xã Tam Phúc'),
(3351, 188, 'Thị trấn Tứ Trưng'),
(3352, 188, 'Xã Ngũ Kiên'),
(3353, 188, 'Xã An Tường'),
(3354, 188, 'Xã Vĩnh Thịnh'),
(3355, 188, 'Xã Phú Đa'),
(3356, 188, 'Xã Vĩnh Ninh'),
(3357, 189, 'Xã Lãng Công'),
(3358, 189, 'Xã Quang Yên'),
(3359, 189, 'Xã Bạch Lưu'),
(3360, 189, 'Xã Hải Lựu'),
(3361, 189, 'Xã Đồng Quế'),
(3362, 189, 'Xã Nhân Đạo'),
(3363, 189, 'Xã Đôn Nhân'),
(3364, 189, 'Xã Phương Khoan'),
(3365, 189, 'Xã Tân Lập'),
(3366, 189, 'Xã Nhạo Sơn'),
(3367, 189, 'Thị trấn Tam Sơn'),
(3368, 189, 'Xã Như Thụy'),
(3369, 189, 'Xã Yên Thạch'),
(3370, 189, 'Xã Đồng Thịnh'),
(3371, 189, 'Xã Tứ Yên'),
(3372, 189, 'Xã Đức Bác'),
(3373, 189, 'Xã Cao Phong'),
(3374, 190, 'Phường Vũ Ninh'),
(3375, 190, 'Phường Đáp Cầu'),
(3376, 190, 'Phường Thị Cầu'),
(3377, 190, 'Phường Kinh Bắc'),
(3378, 190, 'Phường Vệ An'),
(3379, 190, 'Phường Tiền An'),
(3380, 190, 'Phường Đại Phúc'),
(3381, 190, 'Phường Ninh Xá'),
(3382, 190, 'Phường Suối Hoa'),
(3383, 190, 'Phường Võ Cường'),
(3384, 190, 'Phường Hòa Long'),
(3385, 190, 'Phường Vạn An'),
(3386, 190, 'Phường Khúc Xuyên'),
(3387, 190, 'Phường Phong Khê'),
(3388, 190, 'Phường Kim Chân'),
(3389, 190, 'Phường Vân Dương'),
(3390, 190, 'Phường Nam Sơn'),
(3391, 190, 'Phường Khắc Niệm'),
(3392, 190, 'Phường Hạp Lĩnh'),
(3393, 191, 'Thị trấn Chờ'),
(3394, 191, 'Xã Dũng Liệt'),
(3395, 191, 'Xã Tam Đa'),
(3396, 191, 'Xã Tam Giang'),
(3397, 191, 'Xã Yên Trung'),
(3398, 191, 'Xã Thụy Hòa'),
(3399, 191, 'Xã Hòa Tiến'),
(3400, 191, 'Xã Đông Tiến'),
(3401, 191, 'Xã Yên Phụ'),
(3402, 191, 'Xã Trung Nghĩa'),
(3403, 191, 'Xã Đông Phong'),
(3404, 191, 'Xã Long Châu'),
(3405, 191, 'Xã Văn Môn'),
(3406, 191, 'Xã Đông Thọ'),
(3407, 192, 'Thị trấn Phố Mới'),
(3408, 192, 'Xã Việt Thống'),
(3409, 192, 'Xã Đại Xuân'),
(3410, 192, 'Xã Nhân Hòa'),
(3411, 192, 'Xã Bằng An'),
(3412, 192, 'Xã Phương Liễu'),
(3413, 192, 'Xã Quế Tân'),
(3414, 192, 'Xã Phù Lương'),
(3415, 192, 'Xã Phù Lãng'),
(3416, 192, 'Xã Phượng Mao'),
(3417, 192, 'Xã Việt Hùng'),
(3418, 192, 'Xã Ngọc Xá'),
(3419, 192, 'Xã Châu Phong'),
(3420, 192, 'Xã Bồng Lai'),
(3421, 192, 'Xã Cách Bi'),
(3422, 192, 'Xã Đào Viên'),
(3423, 192, 'Xã Yên Giả'),
(3424, 192, 'Xã Mộ Đạo'),
(3425, 192, 'Xã Đức Long'),
(3426, 192, 'Xã Chi Lăng'),
(3427, 192, 'Xã Hán Quảng'),
(3428, 193, 'Thị trấn Lim'),
(3429, 193, 'Xã Phú Lâm'),
(3430, 193, 'Xã Nội Duệ'),
(3431, 193, 'Xã Liên Bão'),
(3432, 193, 'Xã Hiên Vân'),
(3433, 193, 'Xã Hoàn Sơn'),
(3434, 193, 'Xã Lạc Vệ'),
(3435, 193, 'Xã Việt Đoàn'),
(3436, 193, 'Xã Phật Tích'),
(3437, 193, 'Xã Tân Chi'),
(3438, 193, 'Xã Đại Đồng'),
(3439, 193, 'Xã Tri Phương'),
(3440, 193, 'Xã Minh Đạo'),
(3441, 193, 'Xã Cảnh Hưng'),
(3442, 194, 'Phường Đông Ngàn'),
(3443, 194, 'Phường Tam Sơn'),
(3444, 194, 'Phường Hương Mạc'),
(3445, 194, 'Phường Tương Giang'),
(3446, 194, 'Phường Phù Khê'),
(3447, 194, 'Phường Đồng Kỵ'),
(3448, 194, 'Phường Trang Hạ'),
(3449, 194, 'Phường Đồng Nguyên'),
(3450, 194, 'Phường Châu Khê'),
(3451, 194, 'Phường Tân Hồng'),
(3452, 194, 'Phường Đình Bảng'),
(3453, 194, 'Phường Phù Chẩn'),
(3454, 195, 'Thị trấn Hồ'),
(3455, 195, 'Xã Hoài Thượng'),
(3456, 195, 'Xã Đại Đồng Thành'),
(3457, 195, 'Xã Mão Điền'),
(3458, 195, 'Xã Song Hồ'),
(3459, 195, 'Xã Đình Tổ'),
(3460, 195, 'Xã An Bình'),
(3461, 195, 'Xã Trí Quả'),
(3462, 195, 'Xã Gia Đông'),
(3463, 195, 'Xã Thanh Khương'),
(3464, 195, 'Xã Trạm Lộ'),
(3465, 195, 'Xã Xuân Lâm'),
(3466, 195, 'Xã Hà Mãn'),
(3467, 195, 'Xã Ngũ Thái'),
(3468, 195, 'Xã Nguyệt Đức'),
(3469, 195, 'Xã Ninh Xá'),
(3470, 195, 'Xã Nghĩa Đạo'),
(3471, 195, 'Xã Song Liễu'),
(3472, 196, 'Thị trấn Gia Bình'),
(3473, 196, 'Xã Vạn Ninh'),
(3474, 196, 'Xã Thái Bảo'),
(3475, 196, 'Xã Giang Sơn'),
(3476, 196, 'Xã Cao Đức'),
(3477, 196, 'Xã Đại Lai'),
(3478, 196, 'Xã Song Giang'),
(3479, 196, 'Xã Bình Dương'),
(3480, 196, 'Xã Lãng Ngâm'),
(3481, 196, 'Xã Nhân Thắng'),
(3482, 196, 'Xã Xuân Lai'),
(3483, 196, 'Xã Đông Cứu'),
(3484, 196, 'Xã Đại Bái'),
(3485, 196, 'Xã Quỳnh Phú'),
(3486, 197, 'Thị trấn Thứa'),
(3487, 197, 'Xã An Thịnh'),
(3488, 197, 'Xã Trung Kênh'),
(3489, 197, 'Xã Phú Hòa'),
(3490, 197, 'Xã Mỹ Hương'),
(3491, 197, 'Xã Tân Lãng'),
(3492, 197, 'Xã Quảng Phú'),
(3493, 197, 'Xã Trừng Xá'),
(3494, 197, 'Xã Lai Hạ'),
(3495, 197, 'Xã Trung Chính'),
(3496, 197, 'Xã Minh Tân'),
(3497, 197, 'Xã Bình Định'),
(3498, 197, 'Xã Phú Lương'),
(3499, 197, 'Xã Lâm Thao'),
(3500, 198, 'Phường Cẩm Thượng'),
(3501, 198, 'Phường Bình Hàn'),
(3502, 198, 'Phường Ngọc Châu'),
(3503, 198, 'Phường Nhị Châu'),
(3504, 198, 'Phường Quang Trung'),
(3505, 198, 'Phường Nguyễn Trãi'),
(3506, 198, 'Phường Phạm Ngũ Lão'),
(3507, 198, 'Phường Trần Hưng Đạo'),
(3508, 198, 'Phường Trần Phú'),
(3509, 198, 'Phường Thanh Bình'),
(3510, 198, 'Phường Tân Bình'),
(3511, 198, 'Phường Lê Thanh Nghị'),
(3512, 198, 'Phường Hải Tân'),
(3513, 198, 'Phường Tứ Minh'),
(3514, 198, 'Phường Việt Hoà'),
(3515, 198, 'Phường Ái Quốc'),
(3516, 198, 'Xã An Thượng'),
(3517, 198, 'Phường Nam Đồng'),
(3518, 198, 'Xã Quyết Thắng'),
(3519, 198, 'Xã Tiền Tiến'),
(3520, 198, 'Phường Thạch Khôi'),
(3521, 198, 'Xã Liên Hồng'),
(3522, 198, 'Phường Tân Hưng'),
(3523, 198, 'Xã Gia Xuyên'),
(3524, 198, 'Xã Ngọc Sơn'),
(3525, 199, 'Phường Phả Lại'),
(3526, 199, 'Phường Sao Đỏ'),
(3527, 199, 'Phường Bến Tắm'),
(3528, 199, 'Xã Hoàng Hoa Thám'),
(3529, 199, 'Xã Bắc An'),
(3530, 199, 'Xã Hưng Đạo'),
(3531, 199, 'Xã Lê Lợi'),
(3532, 199, 'Phường Hoàng Tiến'),
(3533, 199, 'Phường Cộng Hoà'),
(3534, 199, 'Phường Hoàng Tân'),
(3535, 199, 'Phường Cổ Thành'),
(3536, 199, 'Phường Văn An'),
(3537, 199, 'Phường Chí Minh'),
(3538, 199, 'Phường Văn Đức'),
(3539, 199, 'Phường Thái Học'),
(3540, 199, 'Xã Nhân Huệ'),
(3541, 199, 'Phường An Lạc'),
(3542, 199, 'Phường Đồng Lạc'),
(3543, 199, 'Phường Tân Dân'),
(3544, 200, 'Thị trấn Nam Sách'),
(3545, 200, 'Xã Nam Hưng'),
(3546, 200, 'Xã Nam Tân'),
(3547, 200, 'Xã Hợp Tiến'),
(3548, 200, 'Xã Hiệp Cát'),
(3549, 200, 'Xã Thanh Quang'),
(3550, 200, 'Xã Quốc Tuấn'),
(3551, 200, 'Xã Nam Chính'),
(3552, 200, 'Xã An Bình'),
(3553, 200, 'Xã Nam Trung'),
(3554, 200, 'Xã An Sơn'),
(3555, 200, 'Xã Cộng Hòa'),
(3556, 200, 'Xã Thái Tân'),
(3557, 200, 'Xã An Lâm'),
(3558, 200, 'Xã Phú Điền'),
(3559, 200, 'Xã Nam Hồng'),
(3560, 200, 'Xã Hồng Phong'),
(3561, 200, 'Xã Đồng Lạc'),
(3562, 200, 'Xã Minh Tân'),
(3563, 201, 'Phường An Lưu'),
(3564, 201, 'Xã Bạch Đằng'),
(3565, 201, 'Phường Thất Hùng'),
(3566, 201, 'Xã Lê Ninh'),
(3567, 201, 'Xã Hoành Sơn'),
(3568, 201, 'Phường Phạm Thái'),
(3569, 201, 'Phường Duy Tân'),
(3570, 201, 'Phường Tân Dân'),
(3571, 201, 'Phường Minh Tân'),
(3572, 201, 'Xã Quang Thành'),
(3573, 201, 'Xã Hiệp Hòa'),
(3574, 201, 'Phường Phú Thứ'),
(3575, 201, 'Xã Thăng Long'),
(3576, 201, 'Xã Lạc Long'),
(3577, 201, 'Phường An Sinh'),
(3578, 201, 'Phường Hiệp Sơn'),
(3579, 201, 'Xã Thượng Quận'),
(3580, 201, 'Phường An Phụ'),
(3581, 201, 'Phường Hiệp An'),
(3582, 201, 'Phường Long Xuyên'),
(3583, 201, 'Phường Thái Thịnh'),
(3584, 201, 'Phường Hiến Thành'),
(3585, 201, 'Xã Minh Hòa'),
(3586, 202, 'Thị trấn Phú Thái'),
(3587, 202, 'Xã Lai Vu'),
(3588, 202, 'Xã Cộng Hòa'),
(3589, 202, 'Xã Thượng Vũ'),
(3590, 202, 'Xã Cổ Dũng'),
(3591, 202, 'Xã Tuấn Việt'),
(3592, 202, 'Xã Kim Xuyên'),
(3593, 202, 'Xã Phúc Thành A'),
(3594, 202, 'Xã Ngũ Phúc'),
(3595, 202, 'Xã Kim Anh'),
(3596, 202, 'Xã Kim Liên'),
(3597, 202, 'Xã Kim Tân'),
(3598, 202, 'Xã Kim Đính'),
(3599, 202, 'Xã Bình Dân'),
(3600, 202, 'Xã Tam Kỳ'),
(3601, 202, 'Xã Đồng Cẩm'),
(3602, 202, 'Xã Liên Hòa'),
(3603, 202, 'Xã Đại Đức'),
(3604, 203, 'Thị trấn Thanh Hà'),
(3605, 203, 'Xã Hồng Lạc'),
(3606, 203, 'Xã Việt Hồng'),
(3607, 203, 'Xã Tân Việt'),
(3608, 203, 'Xã Cẩm Chế'),
(3609, 203, 'Xã Thanh An'),
(3610, 203, 'Xã Thanh Lang'),
(3611, 203, 'Xã Tân An'),
(3612, 203, 'Xã Liên Mạc'),
(3613, 203, 'Xã Thanh Hải'),
(3614, 203, 'Xã Thanh Khê'),
(3615, 203, 'Xã Thanh Xá'),
(3616, 203, 'Xã Thanh Xuân'),
(3617, 203, 'Xã Thanh Thủy'),
(3618, 203, 'Xã An Phượng'),
(3619, 203, 'Xã Thanh Sơn'),
(3620, 203, 'Xã Thanh Quang'),
(3621, 203, 'Xã Thanh Hồng'),
(3622, 203, 'Xã Thanh Cường'),
(3623, 203, 'Xã Vĩnh Lập'),
(3624, 204, 'Thị trấn Cẩm Giang'),
(3625, 204, 'Thị trấn Lai Cách'),
(3626, 204, 'Xã Cẩm Hưng'),
(3627, 204, 'Xã Cẩm Hoàng'),
(3628, 204, 'Xã Cẩm Văn'),
(3629, 204, 'Xã Ngọc Liên'),
(3630, 204, 'Xã Thạch Lỗi'),
(3631, 204, 'Xã Cẩm Vũ'),
(3632, 204, 'Xã Đức Chính'),
(3633, 204, 'Xã Định Sơn'),
(3634, 204, 'Xã Lương Điền'),
(3635, 204, 'Xã Cao An'),
(3636, 204, 'Xã Tân Trường'),
(3637, 204, 'Xã Cẩm Phúc'),
(3638, 204, 'Xã Cẩm Điền'),
(3639, 204, 'Xã Cẩm Đông'),
(3640, 204, 'Xã Cẩm Đoài'),
(3641, 205, 'Thị trấn Kẻ Sặt'),
(3642, 205, 'Xã Vĩnh Hưng'),
(3643, 205, 'Xã Hùng Thắng'),
(3644, 205, 'Xã Vĩnh Hồng'),
(3645, 205, 'Xã Long Xuyên'),
(3646, 205, 'Xã Tân Việt'),
(3647, 205, 'Xã Thúc Kháng'),
(3648, 205, 'Xã Tân Hồng'),
(3649, 205, 'Xã Bình Minh'),
(3650, 205, 'Xã Hồng Khê'),
(3651, 205, 'Xã Thái Học'),
(3652, 205, 'Xã Cổ Bì'),
(3653, 205, 'Xã Nhân Quyền'),
(3654, 205, 'Xã Thái Dương'),
(3655, 205, 'Xã Thái Hòa'),
(3656, 205, 'Xã Bình Xuyên'),
(3657, 206, 'Thị trấn Gia Lộc'),
(3658, 206, 'Xã Thống Nhất'),
(3659, 206, 'Xã Yết Kiêu'),
(3660, 206, 'Xã Gia Tân'),
(3661, 206, 'Xã Tân Tiến'),
(3662, 206, 'Xã Gia Khánh'),
(3663, 206, 'Xã Gia Lương'),
(3664, 206, 'Xã Lê Lợi'),
(3665, 206, 'Xã Toàn Thắng'),
(3666, 206, 'Xã Hoàng Diệu'),
(3667, 206, 'Xã Hồng Hưng'),
(3668, 206, 'Xã Phạm Trấn'),
(3669, 206, 'Xã Đoàn Thượng'),
(3670, 206, 'Xã Thống Kênh'),
(3671, 206, 'Xã Quang Minh'),
(3672, 206, 'Xã Đồng Quang'),
(3673, 206, 'Xã Nhật Tân'),
(3674, 206, 'Xã Đức Xương'),
(3675, 207, 'Thị trấn Tứ Kỳ'),
(3676, 207, 'Xã Đại Sơn'),
(3677, 207, 'Xã Hưng Đạo'),
(3678, 207, 'Xã Ngọc Kỳ'),
(3679, 207, 'Xã Bình Lăng'),
(3680, 207, 'Xã Chí Minh'),
(3681, 207, 'Xã Tái Sơn'),
(3682, 207, 'Xã Quang Phục'),
(3683, 207, 'Xã Dân Chủ'),
(3684, 207, 'Xã Tân Kỳ'),
(3685, 207, 'Xã Quang Khải'),
(3686, 207, 'Xã Đại Hợp'),
(3687, 207, 'Xã Quảng Nghiệp'),
(3688, 207, 'Xã An Thanh'),
(3689, 207, 'Xã Minh Đức'),
(3690, 207, 'Xã Văn Tố'),
(3691, 207, 'Xã Quang Trung'),
(3692, 207, 'Xã Phượng Kỳ'),
(3693, 207, 'Xã Cộng Lạc'),
(3694, 207, 'Xã Tiên Động'),
(3695, 207, 'Xã Nguyên Giáp'),
(3696, 207, 'Xã Hà Kỳ'),
(3697, 207, 'Xã Hà Thanh'),
(3698, 208, 'Thị trấn Ninh Giang'),
(3699, 208, 'Xã Ứng Hoè'),
(3700, 208, 'Xã Nghĩa An'),
(3701, 208, 'Xã Hồng Đức'),
(3702, 208, 'Xã An Đức'),
(3703, 208, 'Xã Vạn Phúc'),
(3704, 208, 'Xã Tân Hương'),
(3705, 208, 'Xã Vĩnh Hòa'),
(3706, 208, 'Xã Đông Xuyên'),
(3707, 208, 'Xã Tân Phong'),
(3708, 208, 'Xã Ninh Hải'),
(3709, 208, 'Xã Đồng Tâm'),
(3710, 208, 'Xã Tân Quang'),
(3711, 208, 'Xã Kiến Quốc'),
(3712, 208, 'Xã Hồng Dụ'),
(3713, 208, 'Xã Văn Hội'),
(3714, 208, 'Xã Hồng Phong'),
(3715, 208, 'Xã Hiệp Lực'),
(3716, 208, 'Xã Hồng Phúc'),
(3717, 208, 'Xã Hưng Long'),
(3718, 209, 'Thị trấn Thanh Miện'),
(3719, 209, 'Xã Thanh Tùng'),
(3720, 209, 'Xã Phạm Kha'),
(3721, 209, 'Xã Ngô Quyền'),
(3722, 209, 'Xã Đoàn Tùng'),
(3723, 209, 'Xã Hồng Quang'),
(3724, 209, 'Xã Tân Trào'),
(3725, 209, 'Xã Lam Sơn'),
(3726, 209, 'Xã Đoàn Kết'),
(3727, 209, 'Xã Lê Hồng'),
(3728, 209, 'Xã Tứ Cường'),
(3729, 209, 'Xã Ngũ Hùng'),
(3730, 209, 'Xã Cao Thắng'),
(3731, 209, 'Xã Chi Lăng Bắc'),
(3732, 209, 'Xã Chi Lăng Nam'),
(3733, 209, 'Xã Thanh Giang'),
(3734, 209, 'Xã Hồng Phong'),
(3735, 210, 'Phường Quán Toan'),
(3736, 210, 'Phường Hùng Vương'),
(3737, 210, 'Phường Sở Dầu'),
(3738, 210, 'Phường Thượng Lý'),
(3739, 210, 'Phường Hạ Lý'),
(3740, 210, 'Phường Minh Khai'),
(3741, 210, 'Phường Trại Chuối'),
(3742, 210, 'Phường Hoàng Văn Thụ'),
(3743, 210, 'Phường Phan Bội Châu'),
(3744, 211, 'Phường Máy Chai'),
(3745, 211, 'Phường Máy Tơ'),
(3746, 211, 'Phường Vạn Mỹ'),
(3747, 211, 'Phường Cầu Tre'),
(3748, 211, 'Phường Lạc Viên'),
(3749, 211, 'Phường Cầu Đất'),
(3750, 211, 'Phường Gia Viên'),
(3751, 211, 'Phường Đông Khê'),
(3752, 211, 'Phường Lê Lợi'),
(3753, 211, 'Phường Đằng Giang'),
(3754, 211, 'Phường Lạch Tray'),
(3755, 211, 'Phường Đổng Quốc Bình'),
(3756, 212, 'Phường Cát Dài'),
(3757, 212, 'Phường An Biên'),
(3758, 212, 'Phường Lam Sơn'),
(3759, 212, 'Phường An Dương');
INSERT INTO `phuong_xa` (`mapx`, `ma_qh`, `tenpx`) VALUES
(3760, 212, 'Phường Trần Nguyên Hãn'),
(3761, 212, 'Phường Hồ Nam'),
(3762, 212, 'Phường Trại Cau'),
(3763, 212, 'Phường Dư Hàng'),
(3764, 212, 'Phường Hàng Kênh'),
(3765, 212, 'Phường Đông Hải'),
(3766, 212, 'Phường Niệm Nghĩa'),
(3767, 212, 'Phường Nghĩa Xá'),
(3768, 212, 'Phường Dư Hàng Kênh'),
(3769, 212, 'Phường Kênh Dương'),
(3770, 212, 'Phường Vĩnh Niệm'),
(3771, 213, 'Phường Đông Hải 1'),
(3772, 213, 'Phường Đông Hải 2'),
(3773, 213, 'Phường Đằng Lâm'),
(3774, 213, 'Phường Thành Tô'),
(3775, 213, 'Phường Đằng Hải'),
(3776, 213, 'Phường Nam Hải'),
(3777, 213, 'Phường Cát Bi'),
(3778, 213, 'Phường Tràng Cát'),
(3779, 214, 'Phường Quán Trữ'),
(3780, 214, 'Phường Lãm Hà'),
(3781, 214, 'Phường Đồng Hoà'),
(3782, 214, 'Phường Bắc Sơn'),
(3783, 214, 'Phường Nam Sơn'),
(3784, 214, 'Phường Ngọc Sơn'),
(3785, 214, 'Phường Trần Thành Ngọ'),
(3786, 214, 'Phường Văn Đẩu'),
(3787, 214, 'Phường Phù Liễn'),
(3788, 214, 'Phường Tràng Minh'),
(3789, 215, 'Phường Ngọc Xuyên'),
(3790, 215, 'Phường Hải Sơn'),
(3791, 215, 'Phường Vạn Hương'),
(3792, 215, 'Phường Minh Đức'),
(3793, 215, 'Phường Bàng La'),
(3794, 215, 'Phường Hợp Đức'),
(3795, 216, 'Phường Đa Phúc'),
(3796, 216, 'Phường Hưng Đạo'),
(3797, 216, 'Phường Anh Dũng'),
(3798, 216, 'Phường Hải Thành'),
(3799, 216, 'Phường Hoà Nghĩa'),
(3800, 216, 'Phường Tân Thành'),
(3801, 217, 'Thị trấn Núi Đèo'),
(3802, 217, 'Thị trấn Minh Đức'),
(3803, 217, 'Xã Lại Xuân'),
(3804, 217, 'Xã An Sơn'),
(3805, 217, 'Xã Kỳ Sơn'),
(3806, 217, 'Xã Liên Khê'),
(3807, 217, 'Xã Lưu Kiếm'),
(3808, 217, 'Xã Lưu Kỳ'),
(3809, 217, 'Xã Gia Minh'),
(3810, 217, 'Xã Gia Đức'),
(3811, 217, 'Xã Minh Tân'),
(3812, 217, 'Xã Phù Ninh'),
(3813, 217, 'Xã Quảng Thanh'),
(3814, 217, 'Xã Chính Mỹ'),
(3815, 217, 'Xã Kênh Giang'),
(3816, 217, 'Xã Hợp Thành'),
(3817, 217, 'Xã Cao Nhân'),
(3818, 217, 'Xã Mỹ Đồng'),
(3819, 217, 'Xã Đông Sơn'),
(3820, 217, 'Xã Hoà Bình'),
(3821, 217, 'Xã Trung Hà'),
(3822, 217, 'Xã An Lư'),
(3823, 217, 'Xã Thuỷ Triều'),
(3824, 217, 'Xã Ngũ Lão'),
(3825, 217, 'Xã Phục Lễ'),
(3826, 217, 'Xã Tam Hưng'),
(3827, 217, 'Xã Phả Lễ'),
(3828, 217, 'Xã Lập Lễ'),
(3829, 217, 'Xã Kiền Bái'),
(3830, 217, 'Xã Thiên Hương'),
(3831, 217, 'Xã Thuỷ Sơn'),
(3832, 217, 'Xã Thuỷ Đường'),
(3833, 217, 'Xã Hoàng Động'),
(3834, 217, 'Xã Lâm Động'),
(3835, 217, 'Xã Hoa Động'),
(3836, 217, 'Xã Tân Dương'),
(3837, 217, 'Xã Dương Quan'),
(3838, 218, 'Thị trấn An Dương'),
(3839, 218, 'Xã Lê Thiện'),
(3840, 218, 'Xã Đại Bản'),
(3841, 218, 'Xã An Hoà'),
(3842, 218, 'Xã Hồng Phong'),
(3843, 218, 'Xã Tân Tiến'),
(3844, 218, 'Xã An Hưng'),
(3845, 218, 'Xã An Hồng'),
(3846, 218, 'Xã Bắc Sơn'),
(3847, 218, 'Xã Nam Sơn'),
(3848, 218, 'Xã Lê Lợi'),
(3849, 218, 'Xã Đặng Cương'),
(3850, 218, 'Xã Đồng Thái'),
(3851, 218, 'Xã Quốc Tuấn'),
(3852, 218, 'Xã An Đồng'),
(3853, 218, 'Xã Hồng Thái'),
(3854, 219, 'Thị trấn An Lão'),
(3855, 219, 'Xã Bát Trang'),
(3856, 219, 'Xã Trường Thọ'),
(3857, 219, 'Xã Trường Thành'),
(3858, 219, 'Xã An Tiến'),
(3859, 219, 'Xã Quang Hưng'),
(3860, 219, 'Xã Quang Trung'),
(3861, 219, 'Xã Quốc Tuấn'),
(3862, 219, 'Xã An Thắng'),
(3863, 219, 'Thị trấn Trường Sơn'),
(3864, 219, 'Xã Tân Dân'),
(3865, 219, 'Xã Thái Sơn'),
(3866, 219, 'Xã Tân Viên'),
(3867, 219, 'Xã Mỹ Đức'),
(3868, 219, 'Xã Chiến Thắng'),
(3869, 219, 'Xã An Thọ'),
(3870, 219, 'Xã An Thái'),
(3871, 220, 'Thị trấn Núi Đối'),
(3872, 220, 'Xã Đông Phương'),
(3873, 220, 'Xã Thuận Thiên'),
(3874, 220, 'Xã Hữu Bằng'),
(3875, 220, 'Xã Đại Đồng'),
(3876, 220, 'Xã Ngũ Phúc'),
(3877, 220, 'Xã Kiến Quốc'),
(3878, 220, 'Xã Du Lễ'),
(3879, 220, 'Xã Thuỵ Hương'),
(3880, 220, 'Xã Thanh Sơn'),
(3881, 220, 'Xã Minh Tân'),
(3882, 220, 'Xã Đại Hà'),
(3883, 220, 'Xã Ngũ Đoan'),
(3884, 220, 'Xã Tân Phong'),
(3885, 220, 'Xã Tân Trào'),
(3886, 220, 'Xã Đoàn Xá'),
(3887, 220, 'Xã Tú Sơn'),
(3888, 220, 'Xã Đại Hợp'),
(3889, 221, 'Thị trấn Tiên Lãng'),
(3890, 221, 'Xã Đại Thắng'),
(3891, 221, 'Xã Tiên Cường'),
(3892, 221, 'Xã Tự Cường'),
(3893, 221, 'Xã Quyết Tiến'),
(3894, 221, 'Xã Khởi Nghĩa'),
(3895, 221, 'Xã Tiên Thanh'),
(3896, 221, 'Xã Cấp Tiến'),
(3897, 221, 'Xã Kiến Thiết'),
(3898, 221, 'Xã Đoàn Lập'),
(3899, 221, 'Xã Bạch Đằng'),
(3900, 221, 'Xã Quang Phục'),
(3901, 221, 'Xã Toàn Thắng'),
(3902, 221, 'Xã Tiên Thắng'),
(3903, 221, 'Xã Tiên Minh'),
(3904, 221, 'Xã Bắc Hưng'),
(3905, 221, 'Xã Nam Hưng'),
(3906, 221, 'Xã Hùng Thắng'),
(3907, 221, 'Xã Tây Hưng'),
(3908, 221, 'Xã Đông Hưng'),
(3909, 221, 'Xã Vinh Quang'),
(3910, 222, 'Thị trấn Vĩnh Bảo'),
(3911, 222, 'Xã Dũng Tiến'),
(3912, 222, 'Xã Giang Biên'),
(3913, 222, 'Xã Thắng Thuỷ'),
(3914, 222, 'Xã Trung Lập'),
(3915, 222, 'Xã Việt Tiến'),
(3916, 222, 'Xã Vĩnh An'),
(3917, 222, 'Xã Vĩnh Long'),
(3918, 222, 'Xã Hiệp Hoà'),
(3919, 222, 'Xã Hùng Tiến'),
(3920, 222, 'Xã An Hoà'),
(3921, 222, 'Xã Tân Hưng'),
(3922, 222, 'Xã Tân Liên'),
(3923, 222, 'Xã Nhân Hoà'),
(3924, 222, 'Xã Tam Đa'),
(3925, 222, 'Xã Hưng Nhân'),
(3926, 222, 'Xã Vinh Quang'),
(3927, 222, 'Xã Đồng Minh'),
(3928, 222, 'Xã Thanh Lương'),
(3929, 222, 'Xã Liên Am'),
(3930, 222, 'Xã Lý Học'),
(3931, 222, 'Xã Tam Cường'),
(3932, 222, 'Xã Hoà Bình'),
(3933, 222, 'Xã Tiền Phong'),
(3934, 222, 'Xã Vĩnh Phong'),
(3935, 222, 'Xã Cộng Hiền'),
(3936, 222, 'Xã Cao Minh'),
(3937, 222, 'Xã Cổ Am'),
(3938, 222, 'Xã Vĩnh Tiến'),
(3939, 222, 'Xã Trấn Dương'),
(3940, 223, 'Thị trấn Cát Bà'),
(3941, 223, 'Thị trấn Cát Hải'),
(3942, 223, 'Xã Nghĩa Lộ'),
(3943, 223, 'Xã Đồng Bài'),
(3944, 223, 'Xã Hoàng Châu'),
(3945, 223, 'Xã Văn Phong'),
(3946, 223, 'Xã Phù Long'),
(3947, 223, 'Xã Gia Luận'),
(3948, 223, 'Xã Hiền Hào'),
(3949, 223, 'Xã Trân Châu'),
(3950, 223, 'Xã Việt Hải'),
(3951, 223, 'Xã Xuân Đám'),
(3952, 224, ''),
(3953, 225, 'Phường Lam Sơn'),
(3954, 225, 'Phường Hiến Nam'),
(3955, 225, 'Phường An Tảo'),
(3956, 225, 'Phường Lê Lợi'),
(3957, 225, 'Phường Minh Khai'),
(3958, 225, 'Phường Quang Trung'),
(3959, 225, 'Phường Hồng Châu'),
(3960, 225, 'Xã Trung Nghĩa'),
(3961, 225, 'Xã Liên Phương'),
(3962, 225, 'Xã Hồng Nam'),
(3963, 225, 'Xã Quảng Châu'),
(3964, 225, 'Xã Bảo Khê'),
(3965, 225, 'Xã Phú Cường'),
(3966, 225, 'Xã Hùng Cường'),
(3967, 225, 'Xã Phương Chiểu'),
(3968, 225, 'Xã Tân Hưng'),
(3969, 225, 'Xã Hoàng Hanh'),
(3970, 226, 'Thị trấn Như Quỳnh'),
(3971, 226, 'Xã Lạc Đạo'),
(3972, 226, 'Xã Chỉ Đạo'),
(3973, 226, 'Xã Đại Đồng'),
(3974, 226, 'Xã Việt Hưng'),
(3975, 226, 'Xã Tân Quang'),
(3976, 226, 'Xã Đình Dù'),
(3977, 226, 'Xã Minh Hải'),
(3978, 226, 'Xã Lương Tài'),
(3979, 226, 'Xã Trưng Trắc'),
(3980, 226, 'Xã Lạc Hồng'),
(3981, 227, 'Thị trấn Văn Giang'),
(3982, 227, 'Xã Xuân Quan'),
(3983, 227, 'Xã Cửu Cao'),
(3984, 227, 'Xã Phụng Công'),
(3985, 227, 'Xã Nghĩa Trụ'),
(3986, 227, 'Xã Long Hưng'),
(3987, 227, 'Xã Vĩnh Khúc'),
(3988, 227, 'Xã Liên Nghĩa'),
(3989, 227, 'Xã Tân Tiến'),
(3990, 227, 'Xã Thắng Lợi'),
(3991, 227, 'Xã Mễ Sở'),
(3992, 228, 'Thị trấn Yên Mỹ'),
(3993, 228, 'Xã Giai Phạm'),
(3994, 228, 'Xã Nghĩa Hiệp'),
(3995, 228, 'Xã Đồng Than'),
(3996, 228, 'Xã Ngọc Long'),
(3997, 228, 'Xã Liêu Xá'),
(3998, 228, 'Xã Hoàn Long'),
(3999, 228, 'Xã Tân Lập'),
(4000, 228, 'Xã Thanh Long'),
(4001, 228, 'Xã Yên Phú'),
(4002, 228, 'Xã Việt Cường'),
(4003, 228, 'Xã Trung Hòa'),
(4004, 228, 'Xã Yên Hòa'),
(4005, 228, 'Xã Minh Châu'),
(4006, 228, 'Xã Trung Hưng'),
(4007, 228, 'Xã Lý Thường Kiệt'),
(4008, 228, 'Xã Tân Việt'),
(4009, 229, 'Phường Bần Yên Nhân'),
(4010, 229, 'Phường Phan Đình Phùng'),
(4011, 229, 'Xã Cẩm Xá'),
(4012, 229, 'Xã Dương Quang'),
(4013, 229, 'Xã Hòa Phong'),
(4014, 229, 'Phường Nhân Hòa'),
(4015, 229, 'Phường Dị Sử'),
(4016, 229, 'Phường Bạch Sam'),
(4017, 229, 'Phường Minh Đức'),
(4018, 229, 'Phường Phùng Chí Kiên'),
(4019, 229, 'Xã Xuân Dục'),
(4020, 229, 'Xã Ngọc Lâm'),
(4021, 229, 'Xã Hưng Long'),
(4022, 230, 'Thị trấn Ân Thi'),
(4023, 230, 'Xã Phù Ủng'),
(4024, 230, 'Xã Bắc Sơn'),
(4025, 230, 'Xã Bãi Sậy'),
(4026, 230, 'Xã Đào Dương'),
(4027, 230, 'Xã Tân Phúc'),
(4028, 230, 'Xã Vân Du'),
(4029, 230, 'Xã Quang Vinh'),
(4030, 230, 'Xã Xuân Trúc'),
(4031, 230, 'Xã Hoàng Hoa Thám'),
(4032, 230, 'Xã Quảng Lãng'),
(4033, 230, 'Xã Văn Nhuệ'),
(4034, 230, 'Xã Đặng Lễ'),
(4035, 230, 'Xã Cẩm Ninh'),
(4036, 230, 'Xã Nguyễn Trãi'),
(4037, 230, 'Xã Đa Lộc'),
(4038, 230, 'Xã Hồ Tùng Mậu'),
(4039, 230, 'Xã Tiền Phong'),
(4040, 230, 'Xã Hồng Vân'),
(4041, 230, 'Xã Hồng Quang'),
(4042, 230, 'Xã Hạ Lễ'),
(4043, 231, 'Thị trấn Khoái Châu'),
(4044, 231, 'Xã Đông Tảo'),
(4045, 231, 'Xã Bình Minh'),
(4046, 231, 'Xã Dạ Trạch'),
(4047, 231, 'Xã Hàm Tử'),
(4048, 231, 'Xã Ông Đình'),
(4049, 231, 'Xã Tân Dân'),
(4050, 231, 'Xã Tứ Dân'),
(4051, 231, 'Xã An Vĩ'),
(4052, 231, 'Xã Đông Kết'),
(4053, 231, 'Xã Bình Kiều'),
(4054, 231, 'Xã Dân Tiến'),
(4055, 231, 'Xã Đồng Tiến'),
(4056, 231, 'Xã Hồng Tiến'),
(4057, 231, 'Xã Tân Châu'),
(4058, 231, 'Xã Liên Khê'),
(4059, 231, 'Xã Phùng Hưng'),
(4060, 231, 'Xã Việt Hòa'),
(4061, 231, 'Xã Đông Ninh'),
(4062, 231, 'Xã Đại Tập'),
(4063, 231, 'Xã Chí Tân'),
(4064, 231, 'Xã Đại Hưng'),
(4065, 231, 'Xã Thuần Hưng'),
(4066, 231, 'Xã Thành Công'),
(4067, 231, 'Xã Nhuế Dương'),
(4068, 232, 'Thị trấn Lương Bằng'),
(4069, 232, 'Xã Nghĩa Dân'),
(4070, 232, 'Xã Toàn Thắng'),
(4071, 232, 'Xã Vĩnh Xá'),
(4072, 232, 'Xã Phạm Ngũ Lão'),
(4073, 232, 'Xã Thọ Vinh'),
(4074, 232, 'Xã Đồng Thanh'),
(4075, 232, 'Xã Song Mai'),
(4076, 232, 'Xã Chính Nghĩa'),
(4077, 232, 'Xã Nhân La'),
(4078, 232, 'Xã Phú Thịnh'),
(4079, 232, 'Xã Mai Động'),
(4080, 232, 'Xã Đức Hợp'),
(4081, 232, 'Xã Hùng An'),
(4082, 232, 'Xã Ngọc Thanh'),
(4083, 232, 'Xã Vũ Xá'),
(4084, 232, 'Xã Hiệp Cường'),
(4085, 233, 'Thị trấn Vương'),
(4086, 233, 'Xã Hưng Đạo'),
(4087, 233, 'Xã Ngô Quyền'),
(4088, 233, 'Xã Nhật Tân'),
(4089, 233, 'Xã Dị Chế'),
(4090, 233, 'Xã Lệ Xá'),
(4091, 233, 'Xã An Viên'),
(4092, 233, 'Xã Đức Thắng'),
(4093, 233, 'Xã Trung Dũng'),
(4094, 233, 'Xã Hải Triều'),
(4095, 233, 'Xã Thủ Sỹ'),
(4096, 233, 'Xã Thiện Phiến'),
(4097, 233, 'Xã Thụy Lôi'),
(4098, 233, 'Xã Cương Chính'),
(4099, 33, 'Xã Minh Phượng'),
(4100, 34, 'Thị trấn Trần Cao'),
(4101, 34, 'Xã Minh Tân'),
(4102, 34, 'Xã Phan Sào Nam'),
(4103, 34, 'Xã Quang Hưng'),
(4104, 34, 'Xã Minh Hoàng'),
(4105, 34, 'Xã Đoàn Đào'),
(4106, 34, 'Xã Tống Phan'),
(4107, 34, 'Xã Đình Cao'),
(4108, 34, 'Xã Nhật Quang'),
(4109, 34, 'Xã Tiền Tiến'),
(4110, 34, 'Xã Tam Đa'),
(4111, 34, 'Xã Minh Tiến'),
(4112, 34, 'Xã Nguyên Hòa'),
(4113, 34, 'Xã Tống Trân'),
(4114, 35, 'Phường Lê Hồng Phong'),
(4115, 35, 'Phường Bồ Xuyên'),
(4116, 35, 'Phường Đề Thám'),
(4117, 35, 'Phường Kỳ Bá'),
(4118, 35, 'Phường Quang Trung'),
(4119, 35, 'Phường Phú Khánh'),
(4120, 35, 'Phường Tiền Phong'),
(4121, 35, 'Phường Trần Hưng Đạo'),
(4122, 35, 'Phường Trần Lãm'),
(4123, 35, 'Xã Đông Hòa'),
(4124, 35, 'Phường Hoàng Diệu'),
(4125, 35, 'Xã Phú Xuân'),
(4126, 35, 'Xã Vũ Phúc'),
(4127, 35, 'Xã Vũ Chính'),
(4128, 35, 'Xã Đông Mỹ'),
(4129, 35, 'Xã Đông Thọ'),
(4130, 35, 'Xã Vũ Đông'),
(4131, 35, 'Xã Vũ Lạc'),
(4132, 35, 'Xã Tân Bình'),
(4133, 36, 'Thị trấn Quỳnh Côi'),
(4134, 36, 'Xã An Khê'),
(4135, 36, 'Xã An Đồng'),
(4136, 36, 'Xã Quỳnh Hoa'),
(4137, 36, 'Xã Quỳnh Lâm'),
(4138, 36, 'Xã Quỳnh Thọ'),
(4139, 36, 'Xã An Hiệp'),
(4140, 36, 'Xã Quỳnh Hoàng'),
(4141, 36, 'Xã Quỳnh Giao'),
(4142, 36, 'Xã An Thái'),
(4143, 36, 'Xã An Cầu'),
(4144, 36, 'Xã Quỳnh Hồng'),
(4145, 36, 'Xã Quỳnh Khê'),
(4146, 36, 'Xã Quỳnh Minh'),
(4147, 36, 'Xã An Ninh'),
(4148, 36, 'Xã Quỳnh Ngọc'),
(4149, 36, 'Xã Quỳnh Hải'),
(4150, 36, 'Thị trấn An Bài'),
(4151, 36, 'Xã An Ấp'),
(4152, 36, 'Xã Quỳnh Hội'),
(4153, 36, 'Xã Châu Sơn'),
(4154, 36, 'Xã Quỳnh Mỹ'),
(4155, 36, 'Xã An Quí'),
(4156, 36, 'Xã An Thanh'),
(4157, 36, 'Xã An Vũ'),
(4158, 36, 'Xã An Lễ'),
(4159, 36, 'Xã Quỳnh Hưng'),
(4160, 36, 'Xã Quỳnh Bảo'),
(4161, 36, 'Xã An Mỹ'),
(4162, 36, 'Xã Quỳnh Nguyên'),
(4163, 36, 'Xã An Vinh'),
(4164, 36, 'Xã Quỳnh Xá'),
(4165, 36, 'Xã An Dục'),
(4166, 36, 'Xã Đông Hải'),
(4167, 36, 'Xã Quỳnh Trang'),
(4168, 36, 'Xã An Tràng'),
(4169, 36, 'Xã Đồng Tiến'),
(4170, 37, 'Thị trấn Hưng Hà'),
(4171, 37, 'Xã Điệp Nông'),
(4172, 37, 'Xã Tân Lễ'),
(4173, 37, 'Xã Cộng Hòa'),
(4174, 37, 'Xã Dân Chủ'),
(4175, 37, 'Xã Canh Tân'),
(4176, 37, 'Xã Hòa Tiến'),
(4177, 37, 'Xã Hùng Dũng'),
(4178, 37, 'Xã Tân Tiến'),
(4179, 37, 'Thị trấn Hưng Nhân'),
(4180, 37, 'Xã Đoan Hùng'),
(4181, 37, 'Xã Duyên Hải'),
(4182, 37, 'Xã Tân Hòa'),
(4183, 37, 'Xã Văn Cẩm'),
(4184, 37, 'Xã Bắc Sơn'),
(4185, 37, 'Xã Đông Đô'),
(4186, 37, 'Xã Phúc Khánh'),
(4187, 37, 'Xã Liên Hiệp'),
(4188, 37, 'Xã Tây Đô'),
(4189, 37, 'Xã Thống Nhất'),
(4190, 37, 'Xã Tiến Đức'),
(4191, 37, 'Xã Thái Hưng'),
(4192, 37, 'Xã Thái Phương'),
(4193, 37, 'Xã Hòa Bình'),
(4194, 37, 'Xã Chi Lăng'),
(4195, 37, 'Xã Minh Khai'),
(4196, 37, 'Xã Hồng An'),
(4197, 37, 'Xã Kim Chung'),
(4198, 37, 'Xã Hồng Lĩnh'),
(4199, 37, 'Xã Minh Tân'),
(4200, 37, 'Xã Văn Lang'),
(4201, 37, 'Xã Độc Lập'),
(4202, 37, 'Xã Chí Hòa'),
(4203, 37, 'Xã Minh Hòa'),
(4204, 37, 'Xã Hồng Minh'),
(4205, 38, 'Thị trấn Đông Hưng'),
(4206, 38, 'Xã Đô Lương'),
(4207, 38, 'Xã Đông Phương'),
(4208, 38, 'Xã Liên Giang'),
(4209, 38, 'Xã An Châu'),
(4210, 38, 'Xã Đông Sơn'),
(4211, 38, 'Xã Đông Cường'),
(4212, 38, 'Xã Phú Lương'),
(4213, 38, 'Xã Mê Linh'),
(4214, 38, 'Xã Lô Giang'),
(4215, 38, 'Xã Đông La'),
(4216, 38, 'Xã Minh Tân'),
(4217, 38, 'Xã Đông Xá'),
(4218, 38, 'Xã Chương Dương'),
(4219, 38, 'Xã Nguyên Xá'),
(4220, 38, 'Xã Phong Châu'),
(4221, 38, 'Xã Hợp Tiến'),
(4222, 38, 'Xã Hồng Việt'),
(4223, 38, 'Xã Hà Giang'),
(4224, 38, 'Xã Đông Kinh'),
(4225, 38, 'Xã Đông Hợp'),
(4226, 38, 'Xã Thăng Long'),
(4227, 38, 'Xã Đông Các'),
(4228, 38, 'Xã Phú Châu'),
(4229, 38, 'Xã Liên Hoa'),
(4230, 38, 'Xã Đông Tân'),
(4231, 38, 'Xã Đông Vinh'),
(4232, 38, 'Xã Đông Động'),
(4233, 38, 'Xã Hồng Bạch'),
(4234, 38, 'Xã Trọng Quan'),
(4235, 38, 'Xã Hồng Giang'),
(4236, 38, 'Xã Đông Quan'),
(4237, 38, 'Xã Đông Quang'),
(4238, 38, 'Xã Đông Xuân'),
(4239, 38, 'Xã Đông Á'),
(4240, 38, 'Xã Đông Hoàng'),
(4241, 38, 'Xã Đông Dương'),
(4242, 38, 'Xã Minh Phú'),
(4243, 39, 'Thị trấn Diêm Điền'),
(4244, 39, 'Xã Thụy Trường'),
(4245, 39, 'Xã Hồng Dũng'),
(4246, 39, 'Xã Thụy Quỳnh'),
(4247, 39, 'Xã An Tân'),
(4248, 39, 'Xã Thụy Ninh'),
(4249, 39, 'Xã Thụy Hưng'),
(4250, 39, 'Xã Thụy Việt'),
(4251, 39, 'Xã Thụy Văn'),
(4252, 39, 'Xã Thụy Xuân'),
(4253, 39, 'Xã Dương Phúc'),
(4254, 39, 'Xã Thụy Trình'),
(4255, 39, 'Xã Thụy Bình'),
(4256, 39, 'Xã Thụy Chính'),
(4257, 39, 'Xã Thụy Dân'),
(4258, 39, 'Xã Thụy Hải'),
(4259, 39, 'Xã Thụy Liên'),
(4260, 39, 'Xã Thụy Duyên'),
(4261, 39, 'Xã Thụy Thanh'),
(4262, 39, 'Xã Thụy Sơn'),
(4263, 39, 'Xã Thụy Phong'),
(4264, 39, 'Xã Thái Thượng'),
(4265, 39, 'Xã Thái Nguyên'),
(4266, 39, 'Xã Dương Hồng  Thủy'),
(4267, 39, 'Xã Thái Giang'),
(4268, 39, 'Xã Hòa An'),
(4269, 39, 'Xã Sơn Hà'),
(4270, 39, 'Xã Thái Phúc'),
(4271, 239, 'Xã Thái Hưng'),
(4272, 239, 'Xã Thái Đô'),
(4273, 239, 'Xã Thái Xuyên'),
(4274, 239, 'Xã  Mỹ Lộc'),
(4275, 239, 'Xã Tân Học'),
(4276, 239, 'Xã Thái Thịnh'),
(4277, 239, 'Xã Thuần Thành'),
(4278, 239, 'Xã Thái Thọ'),
(4279, 240, 'Thị trấn Tiền Hải'),
(4280, 240, 'Xã Đông Trà'),
(4281, 240, 'Xã Đông Long'),
(4282, 240, 'Xã Đông Quí'),
(4283, 240, 'Xã Vũ Lăng'),
(4284, 240, 'Xã Đông Xuyên'),
(4285, 240, 'Xã Tây Lương'),
(4286, 240, 'Xã Tây Ninh'),
(4287, 240, 'Xã Đông Trung'),
(4288, 240, 'Xã Đông Hoàng'),
(4289, 240, 'Xã Đông Minh'),
(4290, 240, 'Xã Đông Phong'),
(4291, 240, 'Xã An Ninh'),
(4292, 240, 'Xã Đông Cơ'),
(4293, 240, 'Xã Tây Giang'),
(4294, 240, 'Xã Đông Lâm'),
(4295, 240, 'Xã Phương Công'),
(4296, 240, 'Xã Tây Phong'),
(4297, 240, 'Xã Tây Tiến'),
(4298, 240, 'Xã Nam Cường'),
(4299, 240, 'Xã Vân Trường'),
(4300, 240, 'Xã Nam Thắng'),
(4301, 240, 'Xã Nam Chính'),
(4302, 240, 'Xã Bắc Hải'),
(4303, 240, 'Xã Nam Thịnh'),
(4304, 240, 'Xã Nam Hà'),
(4305, 240, 'Xã Nam Thanh'),
(4306, 240, 'Xã Nam Trung'),
(4307, 240, 'Xã Nam Hồng'),
(4308, 240, 'Xã Nam Hưng'),
(4309, 240, 'Xã Nam Hải'),
(4310, 240, 'Xã Nam Phú'),
(4311, 241, 'Thị trấn Kiến Xương'),
(4312, 241, 'Xã Trà Giang'),
(4313, 241, 'Xã Quốc Tuấn'),
(4314, 241, 'Xã An Bình'),
(4315, 241, 'Xã Tây Sơn'),
(4316, 241, 'Xã Hồng Thái'),
(4317, 241, 'Xã Bình Nguyên'),
(4318, 241, 'Xã Lê Lợi'),
(4319, 241, 'Xã Vũ Lễ'),
(4320, 241, 'Xã Thanh Tân'),
(4321, 241, 'Xã Thượng Hiền'),
(4322, 241, 'Xã Nam Cao'),
(4323, 241, 'Xã Đình Phùng'),
(4324, 241, 'Xã Vũ Ninh'),
(4325, 241, 'Xã Vũ An'),
(4326, 241, 'Xã Quang Lịch'),
(4327, 241, 'Xã Hòa Bình'),
(4328, 241, 'Xã Bình Minh'),
(4329, 241, 'Xã Vũ Quí'),
(4330, 241, 'Xã Quang Bình'),
(4331, 241, 'Xã Vũ Trung'),
(4332, 241, 'Xã Vũ Thắng'),
(4333, 241, 'Xã Vũ Công'),
(4334, 241, 'Xã Vũ Hòa'),
(4335, 241, 'Xã Quang Minh'),
(4336, 241, 'Xã Quang Trung'),
(4337, 241, 'Xã Minh Quang'),
(4338, 241, 'Xã Vũ Bình'),
(4339, 241, 'Xã Minh Tân'),
(4340, 241, 'Xã Nam Bình'),
(4341, 241, 'Xã Bình Thanh'),
(4342, 241, 'Xã Bình Định'),
(4343, 241, 'Xã Hồng Tiến'),
(4344, 242, 'Thị trấn Vũ Thư'),
(4345, 242, 'Xã Hồng Lý'),
(4346, 242, 'Xã Đồng Thanh'),
(4347, 242, 'Xã Xuân Hòa'),
(4348, 242, 'Xã Hiệp Hòa'),
(4349, 242, 'Xã Phúc Thành'),
(4350, 242, 'Xã Tân Phong'),
(4351, 242, 'Xã Song Lãng'),
(4352, 242, 'Xã Tân Hòa'),
(4353, 242, 'Xã Việt Hùng'),
(4354, 242, 'Xã Minh Lãng'),
(4355, 242, 'Xã Minh Khai'),
(4356, 242, 'Xã Dũng Nghĩa'),
(4357, 242, 'Xã Minh Quang'),
(4358, 242, 'Xã Tam Quang'),
(4359, 242, 'Xã Tân Lập'),
(4360, 242, 'Xã Bách Thuận'),
(4361, 242, 'Xã Tự Tân'),
(4362, 242, 'Xã Song An'),
(4363, 242, 'Xã Trung An'),
(4364, 242, 'Xã Vũ Hội'),
(4365, 242, 'Xã Hòa Bình'),
(4366, 242, 'Xã Nguyên Xá'),
(4367, 242, 'Xã Việt Thuận'),
(4368, 242, 'Xã Vũ Vinh'),
(4369, 242, 'Xã Vũ Đoài'),
(4370, 242, 'Xã Vũ Tiến'),
(4371, 242, 'Xã Vũ Vân'),
(4372, 242, 'Xã Duy Nhất'),
(4373, 242, 'Xã Hồng Phong'),
(4374, 243, 'Phường Quang Trung'),
(4375, 243, 'Phường Lương Khánh Thiện'),
(4376, 243, 'Phường Lê Hồng Phong'),
(4377, 243, 'Phường Minh Khai'),
(4378, 243, 'Phường Hai Bà Trưng'),
(4379, 243, 'Phường Trần Hưng Đạo'),
(4380, 243, 'Phường Lam Hạ'),
(4381, 243, 'Xã Phù Vân'),
(4382, 243, 'Phường Liêm Chính'),
(4383, 243, 'Xã Liêm Chung'),
(4384, 243, 'Phường Thanh Châu'),
(4385, 243, 'Phường Châu Sơn'),
(4386, 243, 'Xã Tiên Tân'),
(4387, 243, 'Xã Tiên Hiệp'),
(4388, 243, 'Xã Tiên Hải'),
(4389, 243, 'Xã Kim Bình'),
(4390, 243, 'Xã Liêm Tuyền'),
(4391, 243, 'Xã Liêm Tiết'),
(4392, 243, 'Phường Thanh Tuyền'),
(4393, 243, 'Xã Đinh Xá'),
(4394, 243, 'Xã Trịnh Xá'),
(4395, 244, 'Phường Đồng Văn'),
(4396, 244, 'Phường Hòa Mạc'),
(4397, 244, 'Xã Mộc Bắc'),
(4398, 244, 'Phường Châu Giang'),
(4399, 244, 'Phường Bạch Thượng'),
(4400, 244, 'Phường Duy Minh'),
(4401, 244, 'Xã Mộc Nam'),
(4402, 244, 'Phường Duy Hải'),
(4403, 244, 'Xã Chuyên Ngoại'),
(4404, 244, 'Phường Yên Bắc'),
(4405, 244, 'Xã Trác Văn'),
(4406, 244, 'Phường Tiên Nội'),
(4407, 244, 'Phường Hoàng Đông'),
(4408, 244, 'Xã Yên Nam'),
(4409, 244, 'Xã Tiên Ngoại'),
(4410, 244, 'Xã Tiên Sơn'),
(4411, 245, 'Thị trấn Quế'),
(4412, 245, 'Xã Nguyễn Úy'),
(4413, 245, 'Xã Đại Cương'),
(4414, 245, 'Xã Lê Hồ'),
(4415, 245, 'Xã Tượng Lĩnh'),
(4416, 245, 'Xã Nhật Tựu'),
(4417, 245, 'Xã Nhật Tân'),
(4418, 245, 'Xã Đồng Hóa'),
(4419, 245, 'Xã Hoàng Tây'),
(4420, 245, 'Xã Tân Sơn'),
(4421, 245, 'Xã Thụy Lôi'),
(4422, 245, 'Xã Văn Xá'),
(4423, 245, 'Xã Khả Phong'),
(4424, 245, 'Xã Ngọc Sơn'),
(4425, 245, 'Thị trấn Ba Sao'),
(4426, 245, 'Xã Liên Sơn'),
(4427, 245, 'Xã Thi Sơn'),
(4428, 245, 'Xã Thanh Sơn'),
(4429, 246, 'Thị trấn Kiện Khê'),
(4430, 246, 'Xã Liêm Phong'),
(4431, 246, 'Xã Thanh Hà'),
(4432, 246, 'Xã Liêm Cần'),
(4433, 246, 'Xã Liêm Thuận'),
(4434, 246, 'Xã Thanh Thủy'),
(4435, 246, 'Xã Thanh Phong'),
(4436, 246, 'Thị trấn Tân Thanh'),
(4437, 246, 'Xã Thanh Tân'),
(4438, 246, 'Xã Liêm Túc'),
(4439, 246, 'Xã Liêm Sơn'),
(4440, 246, 'Xã Thanh Hương'),
(4441, 246, 'Xã Thanh Nghị'),
(4442, 246, 'Xã Thanh Tâm'),
(4443, 246, 'Xã Thanh Nguyên'),
(4444, 246, 'Xã Thanh Hải'),
(4445, 247, 'Thị trấn Bình Mỹ'),
(4446, 247, 'Xã Bình Nghĩa'),
(4447, 247, 'Xã Tràng An'),
(4448, 247, 'Xã Đồng Du'),
(4449, 247, 'Xã Ngọc Lũ'),
(4450, 247, 'Xã Hưng Công'),
(4451, 247, 'Xã Đồn Xá'),
(4452, 247, 'Xã An Ninh'),
(4453, 247, 'Xã Bồ Đề'),
(4454, 247, 'Xã Bối Cầu'),
(4455, 247, 'Xã An Nội'),
(4456, 247, 'Xã Vũ Bản'),
(4457, 247, 'Xã Trung Lương'),
(4458, 247, 'Xã An Đổ'),
(4459, 247, 'Xã La Sơn'),
(4460, 247, 'Xã Tiêu Động'),
(4461, 247, 'Xã An Lão'),
(4462, 248, 'Xã Hợp Lý'),
(4463, 248, 'Xã Nguyên Lý'),
(4464, 248, 'Xã Chính Lý'),
(4465, 248, 'Xã Chân Lý'),
(4466, 248, 'Xã Đạo Lý'),
(4467, 248, 'Xã Công Lý'),
(4468, 248, 'Xã Văn Lý'),
(4469, 248, 'Xã Bắc Lý'),
(4470, 248, 'Xã Đức Lý'),
(4471, 248, 'Xã Trần Hưng Đạo'),
(4472, 248, 'Thị trấn Vĩnh Trụ'),
(4473, 248, 'Xã Nhân Thịnh'),
(4474, 248, 'Xã Nhân Khang'),
(4475, 248, 'Xã Nhân Mỹ'),
(4476, 248, 'Xã Nhân Nghĩa'),
(4477, 248, 'Xã Nhân Chính'),
(4478, 248, 'Xã Nhân Bình'),
(4479, 248, 'Xã Phú Phúc'),
(4480, 248, 'Xã Xuân Khê'),
(4481, 248, 'Xã Tiến Thắng'),
(4482, 248, 'Xã Hòa Hậu'),
(4483, 249, 'Phường Hạ Long'),
(4484, 249, 'Phường Trần Tế Xương'),
(4485, 249, 'Phường Vị Hoàng'),
(4486, 249, 'Phường Vị Xuyên'),
(4487, 249, 'Phường Quang Trung'),
(4488, 249, 'Phường Cửa Bắc'),
(4489, 249, 'Phường Nguyễn Du'),
(4490, 249, 'Phường Bà Triệu'),
(4491, 249, 'Phường Trường Thi'),
(4492, 249, 'Phường Phan Đình Phùng'),
(4493, 249, 'Phường Ngô Quyền'),
(4494, 249, 'Phường Trần Hưng Đạo'),
(4495, 249, 'Phường Trần Đăng Ninh'),
(4496, 249, 'Phường Năng Tĩnh'),
(4497, 249, 'Phường Văn Miếu'),
(4498, 249, 'Phường Trần Quang Khải'),
(4499, 249, 'Phường Thống Nhất'),
(4500, 249, 'Phường Lộc Hạ'),
(4501, 249, 'Phường Lộc Vượng'),
(4502, 249, 'Phường Cửa Nam'),
(4503, 249, 'Phường Lộc Hòa'),
(4504, 249, 'Xã Nam Phong'),
(4505, 249, 'Phường Mỹ Xá'),
(4506, 249, 'Xã Lộc An'),
(4507, 249, 'Xã Nam Vân'),
(4508, 250, 'Thị trấn Mỹ Lộc'),
(4509, 250, 'Xã Mỹ Hà'),
(4510, 250, 'Xã Mỹ Tiến'),
(4511, 250, 'Xã Mỹ Thắng'),
(4512, 250, 'Xã Mỹ Trung'),
(4513, 250, 'Xã Mỹ Tân'),
(4514, 250, 'Xã Mỹ Phúc'),
(4515, 250, 'Xã Mỹ Hưng'),
(4516, 250, 'Xã Mỹ Thuận'),
(4517, 250, 'Xã Mỹ Thịnh'),
(4518, 250, 'Xã Mỹ Thành'),
(4519, 251, 'Thị trấn Gôi'),
(4520, 251, 'Xã Minh Thuận'),
(4521, 251, 'Xã Hiển Khánh'),
(4522, 251, 'Xã Tân Khánh'),
(4523, 251, 'Xã Hợp Hưng'),
(4524, 251, 'Xã Đại An'),
(4525, 251, 'Xã Tân Thành'),
(4526, 251, 'Xã Cộng Hòa'),
(4527, 251, 'Xã Trung Thành'),
(4528, 251, 'Xã Quang Trung'),
(4529, 251, 'Xã Minh Tân'),
(4530, 251, 'Xã Liên Bảo'),
(4531, 251, 'Xã Thành Lợi'),
(4532, 251, 'Xã Kim Thái'),
(4533, 251, 'Xã Liên Minh'),
(4534, 251, 'Xã Đại Thắng'),
(4535, 251, 'Xã Tam Thanh'),
(4536, 251, 'Xã Vĩnh Hào'),
(4537, 252, 'Thị trấn Lâm'),
(4538, 252, 'Xã Yên Trung'),
(4539, 252, 'Xã Yên Thành'),
(4540, 252, 'Xã Yên Tân'),
(4541, 252, 'Xã Yên Lợi'),
(4542, 252, 'Xã Yên Thọ'),
(4543, 252, 'Xã Yên Nghĩa'),
(4544, 252, 'Xã Yên Minh'),
(4545, 252, 'Xã Yên Phương'),
(4546, 252, 'Xã Yên Chính'),
(4547, 252, 'Xã Yên Bình'),
(4548, 252, 'Xã Yên Phú'),
(4549, 252, 'Xã Yên Mỹ'),
(4550, 252, 'Xã Yên Dương'),
(4551, 252, 'Xã Yên Hưng'),
(4552, 252, 'Xã Yên Khánh'),
(4553, 252, 'Xã Yên Phong'),
(4554, 252, 'Xã Yên Ninh'),
(4555, 252, 'Xã Yên Lương'),
(4556, 252, 'Xã Yên Hồng'),
(4557, 252, 'Xã Yên Quang'),
(4558, 252, 'Xã Yên Tiến'),
(4559, 252, 'Xã Yên Thắng'),
(4560, 252, 'Xã Yên Phúc'),
(4561, 252, 'Xã Yên Cường'),
(4562, 252, 'Xã Yên Lộc'),
(4563, 252, 'Xã Yên Bằng'),
(4564, 252, 'Xã Yên Đồng'),
(4565, 252, 'Xã Yên Khang'),
(4566, 252, 'Xã Yên Nhân'),
(4567, 252, 'Xã Yên Trị'),
(4568, 253, 'Thị trấn Liễu Đề'),
(4569, 253, 'Thị trấn Rạng Đông'),
(4570, 253, 'Xã Nghĩa Đồng'),
(4571, 253, 'Xã Nghĩa Thịnh'),
(4572, 253, 'Xã Nghĩa Minh'),
(4573, 253, 'Xã Nghĩa Thái'),
(4574, 253, 'Xã Hoàng Nam'),
(4575, 253, 'Xã Nghĩa Châu'),
(4576, 253, 'Xã Nghĩa Trung'),
(4577, 253, 'Xã Nghĩa Sơn'),
(4578, 253, 'Xã Nghĩa Lạc'),
(4579, 253, 'Xã Nghĩa Hồng'),
(4580, 253, 'Xã Nghĩa Phong'),
(4581, 253, 'Xã Nghĩa Phú'),
(4582, 253, 'Xã Nghĩa Bình'),
(4583, 253, 'Thị trấn Quỹ Nhất'),
(4584, 253, 'Xã Nghĩa Tân'),
(4585, 253, 'Xã Nghĩa Hùng'),
(4586, 253, 'Xã Nghĩa Lâm'),
(4587, 253, 'Xã Nghĩa Thành'),
(4588, 253, 'Xã Phúc Thắng'),
(4589, 253, 'Xã Nghĩa Lợi'),
(4590, 253, 'Xã Nghĩa Hải'),
(4591, 253, 'Xã Nam Điền'),
(4592, 254, 'Thị trấn Nam Giang'),
(4593, 254, 'Xã Nam Mỹ'),
(4594, 254, 'Xã Điền Xá'),
(4595, 254, 'Xã Nghĩa An'),
(4596, 254, 'Xã Nam Thắng'),
(4597, 254, 'Xã Nam Toàn'),
(4598, 254, 'Xã Hồng Quang'),
(4599, 254, 'Xã Tân Thịnh'),
(4600, 254, 'Xã Nam Cường'),
(4601, 254, 'Xã Nam Hồng'),
(4602, 254, 'Xã Nam Hùng'),
(4603, 254, 'Xã Nam Hoa'),
(4604, 254, 'Xã Nam Dương'),
(4605, 254, 'Xã Nam Thanh'),
(4606, 254, 'Xã Nam Lợi'),
(4607, 254, 'Xã Bình Minh'),
(4608, 254, 'Xã Đồng Sơn'),
(4609, 254, 'Xã Nam Tiến'),
(4610, 254, 'Xã Nam Hải'),
(4611, 254, 'Xã Nam Thái'),
(4612, 255, 'Thị trấn Cổ Lễ'),
(4613, 255, 'Xã Phương Định'),
(4614, 255, 'Xã Trực Chính'),
(4615, 255, 'Xã Trung Đông'),
(4616, 255, 'Xã Liêm Hải'),
(4617, 255, 'Xã Trực Tuấn'),
(4618, 255, 'Xã Việt Hùng'),
(4619, 255, 'Xã Trực Đạo'),
(4620, 255, 'Xã Trực Hưng'),
(4621, 255, 'Xã Trực Nội'),
(4622, 255, 'Thị trấn Cát Thành'),
(4623, 255, 'Xã Trực Thanh'),
(4624, 255, 'Xã Trực Khang'),
(4625, 255, 'Xã Trực Thuận'),
(4626, 255, 'Xã Trực Mỹ'),
(4627, 255, 'Xã Trực Đại'),
(4628, 255, 'Xã Trực Cường'),
(4629, 255, 'Thị trấn Ninh Cường'),
(4630, 255, 'Xã Trực Thái'),
(4631, 255, 'Xã Trực Thắng'),
(4632, 256, 'Thị trấn Xuân Trường'),
(4633, 256, 'Xã Xuân Châu'),
(4634, 256, 'Xã Xuân Hồng'),
(4635, 256, 'Xã Xuân Thành'),
(4636, 256, 'Xã Xuân Thượng'),
(4637, 256, 'Xã Xuân Phong'),
(4638, 256, 'Xã Xuân Đài'),
(4639, 256, 'Xã Xuân Tân'),
(4640, 256, 'Xã Xuân Thủy'),
(4641, 256, 'Xã Xuân Ngọc'),
(4642, 256, 'Xã Xuân Bắc'),
(4643, 256, 'Xã Xuân Phương'),
(4644, 256, 'Xã Thọ Nghiệp'),
(4645, 256, 'Xã Xuân Phú'),
(4646, 256, 'Xã Xuân Trung'),
(4647, 256, 'Xã Xuân Vinh'),
(4648, 256, 'Xã Xuân Kiên'),
(4649, 256, 'Xã Xuân Tiến'),
(4650, 256, 'Xã Xuân Ninh'),
(4651, 256, 'Xã Xuân Hòa'),
(4652, 257, 'Thị trấn Ngô Đồng'),
(4653, 257, 'Thị trấn Quất Lâm'),
(4654, 257, 'Xã Giao Hương'),
(4655, 257, 'Xã Hồng Thuận'),
(4656, 257, 'Xã Giao Thiện'),
(4657, 257, 'Xã Giao Thanh'),
(4658, 257, 'Xã Hoành Sơn'),
(4659, 257, 'Xã Bình Hòa'),
(4660, 257, 'Xã Giao Tiến'),
(4661, 257, 'Xã Giao Hà'),
(4662, 257, 'Xã Giao Nhân'),
(4663, 257, 'Xã Giao An'),
(4664, 257, 'Xã Giao Lạc'),
(4665, 257, 'Xã Giao Châu'),
(4666, 257, 'Xã Giao Tân'),
(4667, 257, 'Xã Giao Yến'),
(4668, 257, 'Xã Giao Xuân'),
(4669, 257, 'Xã Giao Thịnh'),
(4670, 257, 'Xã Giao Hải'),
(4671, 257, 'Xã Bạch Long'),
(4672, 257, 'Xã Giao Long'),
(4673, 257, 'Xã Giao Phong'),
(4674, 258, 'Thị trấn Yên Định'),
(4675, 258, 'Thị trấn Cồn'),
(4676, 258, 'Thị trấn Thịnh Long'),
(4677, 258, 'Xã Hải Nam'),
(4678, 258, 'Xã Hải Trung'),
(4679, 258, 'Xã Hải Vân'),
(4680, 258, 'Xã Hải Minh'),
(4681, 258, 'Xã Hải Anh'),
(4682, 258, 'Xã Hải Hưng'),
(4683, 258, 'Xã Hải Bắc'),
(4684, 258, 'Xã Hải Phúc'),
(4685, 258, 'Xã Hải Thanh'),
(4686, 258, 'Xã Hải Hà'),
(4687, 258, 'Xã Hải Long'),
(4688, 258, 'Xã Hải Phương'),
(4689, 258, 'Xã Hải Đường'),
(4690, 258, 'Xã Hải Lộc'),
(4691, 258, 'Xã Hải Quang'),
(4692, 258, 'Xã Hải Đông'),
(4693, 258, 'Xã Hải Sơn'),
(4694, 258, 'Xã Hải Tân'),
(4695, 258, 'Xã Hải Phong'),
(4696, 258, 'Xã Hải An'),
(4697, 258, 'Xã Hải Tây'),
(4698, 258, 'Xã Hải Lý'),
(4699, 258, 'Xã Hải Phú'),
(4700, 258, 'Xã Hải Giang'),
(4701, 258, 'Xã Hải Cường'),
(4702, 258, 'Xã Hải Ninh'),
(4703, 258, 'Xã Hải Chính'),
(4704, 258, 'Xã Hải Xuân'),
(4705, 258, 'Xã Hải Châu'),
(4706, 258, 'Xã Hải Triều'),
(4707, 258, 'Xã Hải Hòa'),
(4708, 259, 'Phường Đông Thành'),
(4709, 259, 'Phường Tân Thành'),
(4710, 259, 'Phường Thanh Bình'),
(4711, 259, 'Phường Vân Giang'),
(4712, 259, 'Phường Bích Đào'),
(4713, 259, 'Phường Phúc Thành'),
(4714, 259, 'Phường Nam Bình'),
(4715, 259, 'Phường Nam Thành'),
(4716, 259, 'Phường Ninh Khánh'),
(4717, 259, 'Xã Ninh Nhất'),
(4718, 259, 'Xã Ninh Tiến'),
(4719, 259, 'Xã Ninh Phúc'),
(4720, 259, 'Phường Ninh Sơn'),
(4721, 259, 'Phường Ninh Phong'),
(4722, 260, 'Phường Bắc Sơn'),
(4723, 260, 'Phường Trung Sơn'),
(4724, 260, 'Phường Nam Sơn'),
(4725, 260, 'Phường Tây Sơn'),
(4726, 260, 'Xã Yên Sơn'),
(4727, 260, 'Phường Yên Bình'),
(4728, 260, 'Phường Tân Bình'),
(4729, 260, 'Xã Quang Sơn'),
(4730, 260, 'Xã Đông Sơn'),
(4731, 261, 'Thị trấn Nho Quan'),
(4732, 261, 'Xã Xích Thổ'),
(4733, 261, 'Xã Gia Lâm'),
(4734, 261, 'Xã Gia Sơn'),
(4735, 261, 'Xã Thạch Bình'),
(4736, 261, 'Xã Gia Thủy'),
(4737, 261, 'Xã Gia Tường'),
(4738, 261, 'Xã Cúc Phương'),
(4739, 261, 'Xã Phú Sơn'),
(4740, 261, 'Xã Đức Long'),
(4741, 261, 'Xã Lạc Vân'),
(4742, 261, 'Xã Đồng Phong'),
(4743, 261, 'Xã Yên Quang'),
(4744, 261, 'Xã Lạng Phong'),
(4745, 261, 'Xã Thượng Hòa'),
(4746, 261, 'Xã Văn Phong'),
(4747, 261, 'Xã Văn Phương'),
(4748, 261, 'Xã Thanh Lạc'),
(4749, 261, 'Xã Sơn Lai'),
(4750, 261, 'Xã Sơn Thành'),
(4751, 261, 'Xã Văn Phú'),
(4752, 261, 'Xã Phú Lộc'),
(4753, 261, 'Xã Kỳ Phú'),
(4754, 261, 'Xã Quỳnh Lưu'),
(4755, 261, 'Xã Sơn Hà'),
(4756, 261, 'Xã Phú Long'),
(4757, 261, 'Xã Quảng Lạc'),
(4758, 262, 'Thị trấn Me'),
(4759, 262, 'Xã Gia Hòa'),
(4760, 262, 'Xã Gia Hưng'),
(4761, 262, 'Xã Liên Sơn'),
(4762, 262, 'Xã Gia Thanh'),
(4763, 262, 'Xã Gia Vân'),
(4764, 262, 'Xã Gia Phú'),
(4765, 262, 'Xã Gia Xuân'),
(4766, 262, 'Xã Gia Lập'),
(4767, 262, 'Xã Gia Vượng'),
(4768, 262, 'Xã Gia Trấn'),
(4769, 262, 'Xã Gia Thịnh'),
(4770, 262, 'Xã Gia Phương'),
(4771, 262, 'Xã Gia Tân'),
(4772, 262, 'Xã Gia Thắng'),
(4773, 262, 'Xã Gia Trung'),
(4774, 262, 'Xã Gia Minh'),
(4775, 262, 'Xã Gia Lạc'),
(4776, 262, 'Xã Gia Tiến'),
(4777, 262, 'Xã Gia Sinh'),
(4778, 262, 'Xã Gia Phong'),
(4779, 263, 'Thị trấn Thiên Tôn'),
(4780, 263, 'Xã Ninh Giang'),
(4781, 263, 'Xã Trường Yên'),
(4782, 263, 'Xã Ninh Khang'),
(4783, 263, 'Xã Ninh Mỹ'),
(4784, 263, 'Xã Ninh Hòa'),
(4785, 263, 'Xã Ninh Xuân'),
(4786, 263, 'Xã Ninh Hải'),
(4787, 263, 'Xã Ninh Thắng'),
(4788, 263, 'Xã Ninh Vân'),
(4789, 263, 'Xã Ninh An'),
(4790, 264, 'Thị trấn Yên Ninh'),
(4791, 264, 'Xã Khánh Tiên'),
(4792, 264, 'Xã Khánh Phú'),
(4793, 264, 'Xã Khánh Hòa'),
(4794, 264, 'Xã Khánh Lợi'),
(4795, 264, 'Xã Khánh An'),
(4796, 264, 'Xã Khánh Cường'),
(4797, 264, 'Xã Khánh Cư'),
(4798, 264, 'Xã Khánh Thiện'),
(4799, 264, 'Xã Khánh Hải'),
(4800, 264, 'Xã Khánh Trung'),
(4801, 264, 'Xã Khánh Mậu'),
(4802, 264, 'Xã Khánh Vân'),
(4803, 264, 'Xã Khánh Hội'),
(4804, 264, 'Xã Khánh Công'),
(4805, 264, 'Xã Khánh Thành'),
(4806, 264, 'Xã Khánh Nhạc'),
(4807, 264, 'Xã Khánh Thủy'),
(4808, 264, 'Xã Khánh Hồng'),
(4809, 265, 'Thị trấn Phát Diệm'),
(4810, 265, 'Thị trấn Bình Minh'),
(4811, 265, 'Xã Hồi Ninh'),
(4812, 265, 'Xã Xuân Chính'),
(4813, 265, 'Xã Kim Định'),
(4814, 265, 'Xã Ân Hòa'),
(4815, 265, 'Xã Hùng Tiến'),
(4816, 265, 'Xã Quang Thiện'),
(4817, 265, 'Xã Như Hòa'),
(4818, 265, 'Xã Chất Bình'),
(4819, 265, 'Xã Đồng Hướng'),
(4820, 265, 'Xã Kim Chính'),
(4821, 265, 'Xã Thượng Kiệm'),
(4822, 265, 'Xã Lưu Phương'),
(4823, 265, 'Xã Tân Thành'),
(4824, 265, 'Xã Yên Lộc'),
(4825, 265, 'Xã Lai Thành'),
(4826, 265, 'Xã Định Hóa'),
(4827, 265, 'Xã Văn Hải'),
(4828, 265, 'Xã Kim Tân'),
(4829, 265, 'Xã Kim Mỹ'),
(4830, 265, 'Xã Cồn Thoi'),
(4831, 265, 'Xã Kim Hải'),
(4832, 265, 'Xã Kim Trung'),
(4833, 265, 'Xã Kim Đông'),
(4834, 266, 'Thị trấn Yên Thịnh'),
(4835, 266, 'Xã Khánh Thượng'),
(4836, 266, 'Xã Khánh Dương'),
(4837, 266, 'Xã Mai Sơn'),
(4838, 266, 'Xã Khánh Thịnh'),
(4839, 266, 'Xã Yên Phong'),
(4840, 266, 'Xã Yên Hòa'),
(4841, 266, 'Xã Yên Thắng'),
(4842, 266, 'Xã Yên Từ'),
(4843, 266, 'Xã Yên Hưng'),
(4844, 266, 'Xã Yên Thành'),
(4845, 266, 'Xã Yên Nhân'),
(4846, 266, 'Xã Yên Mỹ'),
(4847, 266, 'Xã Yên Mạc'),
(4848, 266, 'Xã Yên Đồng'),
(4849, 266, 'Xã Yên Thái'),
(4850, 266, 'Xã Yên Lâm'),
(4851, 267, 'Phường Hàm Rồng'),
(4852, 267, 'Phường Đông Thọ'),
(4853, 267, 'Phường Nam Ngạn'),
(4854, 267, 'Phường Trường Thi'),
(4855, 267, 'Phường Điện Biên'),
(4856, 267, 'Phường Phú Sơn'),
(4857, 267, 'Phường Lam Sơn'),
(4858, 267, 'Phường Ba Đình'),
(4859, 267, 'Phường Ngọc Trạo'),
(4860, 267, 'Phường Đông Vệ'),
(4861, 267, 'Phường Đông Sơn'),
(4862, 267, 'Phường Tân Sơn'),
(4863, 267, 'Phường Đông Cương'),
(4864, 267, 'Phường Đông Hương'),
(4865, 267, 'Phường Đông Hải'),
(4866, 267, 'Phường Quảng Hưng'),
(4867, 267, 'Phường Quảng Thắng'),
(4868, 267, 'Phường Quảng Thành'),
(4869, 267, 'Xã Thiệu Vân'),
(4870, 267, 'Phường Thiệu Khánh'),
(4871, 267, 'Phường Thiệu Dương'),
(4872, 267, 'Phường Tào Xuyên'),
(4873, 267, 'Phường Long Anh'),
(4874, 267, 'Xã Hoằng Quang'),
(4875, 267, 'Xã Hoằng Đại'),
(4876, 267, 'Phường Đông Lĩnh'),
(4877, 267, 'Xã Đông Vinh'),
(4878, 267, 'Phường Đông Tân'),
(4879, 267, 'Phường An Hưng'),
(4880, 267, 'Phường Quảng Thịnh'),
(4881, 267, 'Phường Quảng Đông'),
(4882, 267, 'Phường Quảng Cát'),
(4883, 267, 'Phường Quảng Phú'),
(4884, 267, 'Phường Quảng Tâm'),
(4885, 268, 'Phường Bắc Sơn'),
(4886, 268, 'Phường Ba Đình'),
(4887, 268, 'Phường Lam Sơn'),
(4888, 268, 'Phường Ngọc Trạo'),
(4889, 268, 'Phường Đông Sơn'),
(4890, 268, 'Phường Phú Sơn'),
(4891, 268, 'Xã Quang Trung'),
(4892, 269, 'Phường Trung Sơn'),
(4893, 269, 'Phường Bắc Sơn'),
(4894, 269, 'Phường Trường Sơn'),
(4895, 269, 'Phường Quảng Cư'),
(4896, 269, 'Phường Quảng Tiến'),
(4897, 269, 'Xã Quảng Minh'),
(4898, 269, 'Xã Quảng Hùng'),
(4899, 269, 'Phường Quảng Thọ'),
(4900, 269, 'Phường Quảng Châu'),
(4901, 269, 'Phường Quảng Vinh'),
(4902, 269, 'Xã Quảng Đại'),
(4903, 270, 'Thị trấn Mường Lát'),
(4904, 270, 'Xã Tam Chung'),
(4905, 270, 'Xã Mường Lý'),
(4906, 270, 'Xã Trung Lý'),
(4907, 270, 'Xã Quang Chiểu'),
(4908, 270, 'Xã Pù Nhi'),
(4909, 270, 'Xã Nhi Sơn'),
(4910, 270, 'Xã Mường Chanh'),
(4911, 271, 'Thị trấn Hồi Xuân'),
(4912, 271, 'Xã Thành Sơn'),
(4913, 271, 'Xã Trung Sơn'),
(4914, 271, 'Xã Phú Thanh'),
(4915, 271, 'Xã Trung Thành'),
(4916, 271, 'Xã Phú Lệ'),
(4917, 271, 'Xã Phú Sơn'),
(4918, 271, 'Xã Phú Xuân'),
(4919, 271, 'Xã Hiền Chung'),
(4920, 271, 'Xã Hiền Kiệt'),
(4921, 271, 'Xã Nam Tiến'),
(4922, 271, 'Xã Thiên Phủ'),
(4923, 271, 'Xã Phú Nghiêm'),
(4924, 271, 'Xã Nam Xuân'),
(4925, 271, 'Xã Nam Động'),
(4926, 272, 'Thị trấn Cành Nàng'),
(4927, 272, 'Xã Điền Thượng'),
(4928, 272, 'Xã Điền Hạ'),
(4929, 272, 'Xã Điền Quang'),
(4930, 272, 'Xã Điền Trung'),
(4931, 272, 'Xã Thành Sơn'),
(4932, 272, 'Xã Lương Ngoại'),
(4933, 272, 'Xã Ái Thượng'),
(4934, 272, 'Xã Lương Nội'),
(4935, 272, 'Xã Điền Lư'),
(4936, 272, 'Xã Lương Trung'),
(4937, 272, 'Xã Lũng Niêm'),
(4938, 272, 'Xã Lũng Cao'),
(4939, 272, 'Xã Hạ Trung'),
(4940, 272, 'Xã Cổ Lũng'),
(4941, 272, 'Xã Thành Lâm'),
(4942, 272, 'Xã Ban Công'),
(4943, 272, 'Xã Kỳ Tân'),
(4944, 272, 'Xã Văn Nho'),
(4945, 272, 'Xã Thiết Ống'),
(4946, 272, 'Xã Thiết Kế'),
(4947, 273, 'Xã Trung Xuân'),
(4948, 273, 'Xã Trung Thượng'),
(4949, 273, 'Xã Trung Tiến'),
(4950, 273, 'Xã Trung Hạ'),
(4951, 273, 'Xã Sơn Hà'),
(4952, 273, 'Xã Tam Thanh'),
(4953, 273, 'Xã Sơn Thủy'),
(4954, 273, 'Xã Na Mèo'),
(4955, 273, 'Thị trấn Sơn Lư'),
(4956, 273, 'Xã Tam Lư'),
(4957, 273, 'Xã Sơn Điện'),
(4958, 273, 'Xã Mường Mìn'),
(4959, 274, 'Xã Yên Khương'),
(4960, 274, 'Xã Yên Thắng'),
(4961, 274, 'Xã Trí Nang'),
(4962, 274, 'Xã Giao An'),
(4963, 274, 'Xã Giao Thiện'),
(4964, 274, 'Xã Tân Phúc'),
(4965, 274, 'Xã Tam Văn'),
(4966, 274, 'Xã Lâm Phú'),
(4967, 274, 'Thị trấn Lang Chánh'),
(4968, 274, 'Xã Đồng Lương'),
(4969, 275, 'Thị Trấn Ngọc Lặc'),
(4970, 275, 'Xã Lam Sơn'),
(4971, 275, 'Xã Mỹ Tân'),
(4972, 275, 'Xã Thúy Sơn'),
(4973, 275, 'Xã Thạch Lập'),
(4974, 275, 'Xã Vân Âm'),
(4975, 275, 'Xã Cao Ngọc'),
(4976, 275, 'Xã Quang Trung'),
(4977, 275, 'Xã Đồng Thịnh'),
(4978, 275, 'Xã Ngọc Liên'),
(4979, 275, 'Xã Ngọc Sơn'),
(4980, 275, 'Xã Lộc Thịnh'),
(4981, 275, 'Xã Cao Thịnh'),
(4982, 275, 'Xã Ngọc Trung'),
(4983, 275, 'Xã Phùng Giáo'),
(4984, 275, 'Xã Phùng Minh'),
(4985, 275, 'Xã Phúc Thịnh'),
(4986, 275, 'Xã Nguyệt Ấn'),
(4987, 275, 'Xã Kiên Thọ'),
(4988, 275, 'Xã Minh Tiến'),
(4989, 275, 'Xã Minh Sơn'),
(4990, 276, 'Thị trấn Phong Sơn'),
(4991, 276, 'Xã Cẩm Thành'),
(4992, 276, 'Xã Cẩm Quý'),
(4993, 276, 'Xã Cẩm Lương'),
(4994, 276, 'Xã Cẩm Thạch'),
(4995, 276, 'Xã Cẩm Liên'),
(4996, 276, 'Xã Cẩm Giang'),
(4997, 276, 'Xã Cẩm Bình'),
(4998, 276, 'Xã Cẩm Tú'),
(4999, 276, 'Xã Cẩm Châu'),
(5000, 276, 'Xã Cẩm Tâm'),
(5001, 276, 'Xã Cẩm Ngọc'),
(5002, 276, 'Xã Cẩm Long'),
(5003, 276, 'Xã Cẩm Yên'),
(5004, 276, 'Xã Cẩm Tân'),
(5005, 276, 'Xã Cẩm Phú'),
(5006, 276, 'Xã Cẩm Vân'),
(5007, 277, 'Thị trấn Kim Tân'),
(5008, 277, 'Thị trấn Vân Du'),
(5009, 277, 'Xã Thạch Lâm'),
(5010, 277, 'Xã Thạch Quảng'),
(5011, 277, 'Xã Thạch Tượng'),
(5012, 277, 'Xã Thạch Cẩm'),
(5013, 277, 'Xã Thạch Sơn'),
(5014, 277, 'Xã Thạch Bình'),
(5015, 277, 'Xã Thạch Định'),
(5016, 277, 'Xã Thạch Đồng'),
(5017, 277, 'Xã Thạch Long'),
(5018, 277, 'Xã Thành Mỹ'),
(5019, 277, 'Xã Thành Yên'),
(5020, 277, 'Xã Thành Vinh'),
(5021, 277, 'Xã Thành Minh'),
(5022, 277, 'Xã Thành Công'),
(5023, 277, 'Xã Thành Tân'),
(5024, 277, 'Xã Thành Trực'),
(5025, 277, 'Xã Thành Tâm'),
(5026, 277, 'Xã Thành An'),
(5027, 277, 'Xã Thành Thọ'),
(5028, 277, 'Xã Thành Tiến'),
(5029, 277, 'Xã Thành Long'),
(5030, 277, 'Xã Thành Hưng'),
(5031, 277, 'Xã Ngọc Trạo'),
(5032, 278, 'Thị trấn Hà Trung'),
(5033, 278, 'Xã Hà Long'),
(5034, 278, 'Xã Hà Vinh'),
(5035, 278, 'Xã Hà Bắc'),
(5036, 278, 'Xã Hoạt Giang'),
(5037, 278, 'Xã Yên Dương'),
(5038, 278, 'Xã Hà Giang'),
(5039, 278, 'Xã Lĩnh Toại'),
(5040, 278, 'Xã Hà Ngọc'),
(5041, 278, 'Xã Yến Sơn'),
(5042, 278, 'Xã Hà Sơn'),
(5043, 278, 'Xã Hà Lĩnh'),
(5044, 278, 'Xã Hà Đông'),
(5045, 278, 'Xã Hà Tân'),
(5046, 278, 'Xã Hà Tiến'),
(5047, 278, 'Xã Hà Bình'),
(5048, 278, 'Xã Hà Lai'),
(5049, 278, 'Xã Hà Châu'),
(5050, 278, 'Xã Hà Thái'),
(5051, 278, 'Xã Hà Hải'),
(5052, 279, 'Thị trấn Vĩnh Lộc'),
(5053, 279, 'Xã Vĩnh Quang'),
(5054, 279, 'Xã Vĩnh Yên'),
(5055, 279, 'Xã Vĩnh Tiến'),
(5056, 279, 'Xã Vĩnh Long'),
(5057, 279, 'Xã Vĩnh Phúc'),
(5058, 279, 'Xã Vĩnh Hưng'),
(5059, 279, 'Xã Vĩnh Hòa'),
(5060, 279, 'Xã Minh Tân'),
(5061, 279, 'Xã Ninh Khang'),
(5062, 279, 'Xã Vĩnh Thịnh'),
(5063, 279, 'Xã Vĩnh An'),
(5064, 280, 'Thị trấn Thống Nhất'),
(5065, 280, 'Thị trấn Yên Lâm'),
(5066, 280, 'Xã Yên Tâm'),
(5067, 280, 'Xã Yên Phú'),
(5068, 280, 'Thị trấn Quý Lộc'),
(5069, 280, 'Xã Yên Thọ'),
(5070, 280, 'Xã Yên Trung'),
(5071, 280, 'Xã Yên Trường'),
(5072, 280, 'Xã Yên Phong'),
(5073, 280, 'Xã Yên Thái'),
(5074, 280, 'Xã Yên Hùng'),
(5075, 280, 'Xã Yên Thịnh'),
(5076, 280, 'Xã Yên Ninh'),
(5077, 280, 'Xã Yên Lạc'),
(5078, 280, 'Xã Định Tăng'),
(5079, 280, 'Xã Định Hòa'),
(5080, 280, 'Xã Định Thành'),
(5081, 280, 'Xã Định Công'),
(5082, 280, 'Xã Định Tân'),
(5083, 280, 'Xã Định Tiến'),
(5084, 280, 'Xã Định Long'),
(5085, 280, 'Xã Định Liên'),
(5086, 280, 'Thị trấn Quán Lào'),
(5087, 280, 'Xã Định Hưng'),
(5088, 280, 'Xã Định Hải'),
(5089, 280, 'Xã Định Bình'),
(5090, 281, 'Xã Xuân Hồng'),
(5091, 281, 'Thị trấn Thọ Xuân'),
(5092, 281, 'Xã Bắc Lương'),
(5093, 281, 'Xã Nam Giang'),
(5094, 281, 'Xã Xuân Phong'),
(5095, 281, 'Xã Thọ Lộc'),
(5096, 281, 'Xã Xuân Trường'),
(5097, 281, 'Xã Xuân Hòa'),
(5098, 281, 'Xã Thọ Hải'),
(5099, 281, 'Xã Tây Hồ'),
(5100, 281, 'Xã Xuân Giang'),
(5101, 281, 'Xã Xuân Sinh'),
(5102, 281, 'Xã Xuân Hưng'),
(5103, 281, 'Xã Thọ Diên'),
(5104, 281, 'Xã Thọ Lâm'),
(5105, 281, 'Xã Thọ Xương'),
(5106, 281, 'Xã Xuân Bái'),
(5107, 281, 'Xã Xuân Phú'),
(5108, 281, 'Thị trấn Sao Vàng'),
(5109, 281, 'Thị trấn Lam Sơn'),
(5110, 281, 'Xã Xuân Thiên'),
(5111, 281, 'Xã Thuận Minh'),
(5112, 281, 'Xã Thọ Lập'),
(5113, 281, 'Xã Quảng Phú'),
(5114, 281, 'Xã Xuân Tín'),
(5115, 281, 'Xã Phú Xuân'),
(5116, 281, 'Xã Xuân Lai'),
(5117, 281, 'Xã Xuân Lập'),
(5118, 281, 'Xã Xuân Minh'),
(5119, 281, 'Xã Trường Xuân'),
(5120, 282, 'Xã Bát Mọt'),
(5121, 282, 'Xã Yên Nhân'),
(5122, 282, 'Xã Xuân Lẹ'),
(5123, 282, 'Xã Vạn Xuân'),
(5124, 282, 'Xã Lương Sơn'),
(5125, 282, 'Xã Xuân Cao'),
(5126, 282, 'Xã Luận Thành'),
(5127, 282, 'Xã Luận Khê'),
(5128, 282, 'Xã Xuân Thắng'),
(5129, 282, 'Xã Xuân Lộc'),
(5130, 282, 'Thị trấn Thường Xuân'),
(5131, 282, 'Xã Xuân Dương'),
(5132, 282, 'Xã Thọ Thanh'),
(5133, 282, 'Xã Ngọc Phụng'),
(5134, 282, 'Xã Xuân Chinh'),
(5135, 282, 'Xã Tân Thành'),
(5136, 283, 'Thị trấn Triệu Sơn'),
(5137, 283, 'Xã Thọ Sơn'),
(5138, 283, 'Xã Thọ Bình'),
(5139, 283, 'Xã Thọ Tiến'),
(5140, 283, 'Xã Hợp Lý'),
(5141, 283, 'Xã Hợp Tiến'),
(5142, 283, 'Xã Hợp Thành'),
(5143, 283, 'Xã Triệu Thành'),
(5144, 283, 'Xã Hợp Thắng'),
(5145, 283, 'Xã Minh Sơn'),
(5146, 283, 'Xã Dân Lực'),
(5147, 283, 'Xã Dân Lý'),
(5148, 283, 'Xã Dân Quyền'),
(5149, 283, 'Xã An Nông'),
(5150, 283, 'Xã Văn Sơn'),
(5151, 283, 'Xã Thái Hòa'),
(5152, 283, 'Thị trấn Nưa'),
(5153, 283, 'Xã Đồng Lợi'),
(5154, 283, 'Xã Đồng Tiến'),
(5155, 283, 'Xã Đồng Thắng'),
(5156, 283, 'Xã Tiến Nông'),
(5157, 283, 'Xã Khuyến Nông'),
(5158, 283, 'Xã Xuân Thịnh'),
(5159, 283, 'Xã Xuân Lộc'),
(5160, 283, 'Xã Thọ Dân'),
(5161, 283, 'Xã Xuân Thọ'),
(5162, 283, 'Xã Thọ Tân'),
(5163, 283, 'Xã Thọ Ngọc'),
(5164, 283, 'Xã Thọ Cường'),
(5165, 283, 'Xã Thọ Phú'),
(5166, 283, 'Xã Thọ Vực'),
(5167, 283, 'Xã Thọ Thế'),
(5168, 283, 'Xã Nông Trường'),
(5169, 283, 'Xã Bình Sơn'),
(5170, 284, 'Thị trấn Thiệu Hóa'),
(5171, 284, 'Xã Thiệu Ngọc'),
(5172, 284, 'Xã Thiệu Vũ'),
(5173, 284, 'Xã Thiệu Phúc'),
(5174, 284, 'Xã Thiệu Tiến'),
(5175, 284, 'Xã Thiệu Công'),
(5176, 284, 'Xã Thiệu Phú'),
(5177, 284, 'Xã Thiệu Long'),
(5178, 284, 'Xã Thiệu Giang'),
(5179, 284, 'Xã Thiệu Duy'),
(5180, 284, 'Xã Thiệu Nguyên'),
(5181, 284, 'Xã Thiệu Hợp'),
(5182, 284, 'Xã Thiệu Thịnh'),
(5183, 284, 'Xã Thiệu Quang'),
(5184, 284, 'Xã Thiệu Thành'),
(5185, 284, 'Xã Thiệu Toán'),
(5186, 284, 'Xã Thiệu Chính'),
(5187, 284, 'Xã Thiệu Hòa'),
(5188, 284, 'Xã Minh Tâm'),
(5189, 284, 'Xã Thiệu Viên'),
(5190, 284, 'Xã Thiệu Lý'),
(5191, 284, 'Xã Thiệu Vận'),
(5192, 284, 'Xã Thiệu Trung'),
(5193, 284, 'Xã Tân Châu'),
(5194, 284, 'Xã Thiệu Giao'),
(5195, 285, 'Thị trấn Bút Sơn'),
(5196, 285, 'Xã Hoằng Giang'),
(5197, 285, 'Xã Hoằng Xuân'),
(5198, 285, 'Xã Hoằng Phượng'),
(5199, 285, 'Xã Hoằng Phú'),
(5200, 285, 'Xã Hoằng Quỳ'),
(5201, 285, 'Xã Hoằng Kim'),
(5202, 285, 'Xã Hoằng Trung'),
(5203, 285, 'Xã Hoằng Trinh'),
(5204, 285, 'Xã Hoằng Sơn'),
(5205, 285, 'Xã Hoằng Cát'),
(5206, 285, 'Xã Hoằng Xuyên'),
(5207, 285, 'Xã Hoằng Hợp'),
(5208, 285, 'Xã Hoằng Đức'),
(5209, 285, 'Xã Hoằng Hà'),
(5210, 285, 'Xã Hoằng Đạt'),
(5211, 285, 'Xã Hoằng Đạo'),
(5212, 285, 'Xã Hoằng Thắng'),
(5213, 285, 'Xã Hoằng Đồng'),
(5214, 285, 'Xã Hoằng Thái'),
(5215, 285, 'Xã Hoằng Thịnh'),
(5216, 285, 'Xã Hoằng Thành'),
(5217, 285, 'Xã Hoằng Lộc'),
(5218, 285, 'Xã Hoằng Trạch'),
(5219, 285, 'Xã Hoằng Phong'),
(5220, 285, 'Xã Hoằng Lưu'),
(5221, 285, 'Xã Hoằng Châu'),
(5222, 285, 'Xã Hoằng Tân'),
(5223, 285, 'Xã Hoằng Yến'),
(5224, 285, 'Xã Hoằng Tiến'),
(5225, 285, 'Xã Hoằng Hải'),
(5226, 285, 'Xã Hoằng Ngọc'),
(5227, 285, 'Xã Hoằng Trường'),
(5228, 286, 'Thị trấn Hậu Lộc'),
(5229, 286, 'Xã Đồng Lộc'),
(5230, 286, 'Xã Đại Lộc'),
(5231, 286, 'Xã Triệu Lộc'),
(5232, 286, 'Xã Tiến Lộc'),
(5233, 286, 'Xã Lộc Sơn'),
(5234, 286, 'Xã Cầu Lộc'),
(5235, 286, 'Xã Thành Lộc'),
(5236, 286, 'Xã Tuy Lộc'),
(5237, 286, 'Xã Phong Lộc'),
(5238, 286, 'Xã Mỹ Lộc'),
(5239, 286, 'Xã Thuần Lộc'),
(5240, 286, 'Xã Xuân Lộc'),
(5241, 286, 'Xã Hoa Lộc'),
(5242, 286, 'Xã Liên Lộc'),
(5243, 286, 'Xã Quang Lộc'),
(5244, 286, 'Xã Phú Lộc'),
(5245, 286, 'Xã Minh Lộc'),
(5246, 286, 'Xã Hưng Lộc'),
(5247, 286, 'Xã Hải Lộc'),
(5248, 286, 'Xã Đa Lộc'),
(5249, 286, 'Xã Ngư Lộc'),
(5250, 287, 'Thị trấn Nga Sơn'),
(5251, 287, 'Xã Ba Đình'),
(5252, 287, 'Xã Nga Vịnh'),
(5253, 287, 'Xã Nga Văn'),
(5254, 287, 'Xã Nga Thiện'),
(5255, 287, 'Xã Nga Tiến'),
(5256, 287, 'Xã Nga Phượng'),
(5257, 287, 'Xã Nga Trung'),
(5258, 287, 'Xã Nga Bạch'),
(5259, 287, 'Xã Nga Thanh'),
(5260, 287, 'Xã Nga Yên'),
(5261, 287, 'Xã Nga Giáp'),
(5262, 287, 'Xã Nga Hải'),
(5263, 287, 'Xã Nga An'),
(5264, 287, 'Xã Nga Phú'),
(5265, 287, 'Xã Nga Điền'),
(5266, 287, 'Xã Nga Tân'),
(5267, 287, 'Xã Nga Thủy'),
(5268, 287, 'Xã Nga Liên'),
(5269, 287, 'Xã Nga Thái'),
(5270, 287, 'Xã Nga Thạch'),
(5271, 287, 'Xã Nga Thắng'),
(5272, 287, 'Xã Nga Trường'),
(5273, 288, 'Thị trấn Yên Cát'),
(5274, 288, 'Xã Bãi Trành'),
(5275, 288, 'Xã Xuân Hòa'),
(5276, 288, 'Xã Xuân Bình'),
(5277, 288, 'Xã Hóa Quỳ'),
(5278, 288, 'Xã Cát Vân'),
(5279, 288, 'Xã Cát Tân'),
(5280, 288, 'Xã Tân Bình'),
(5281, 288, 'Xã Bình Lương'),
(5282, 288, 'Xã Thanh Quân'),
(5283, 288, 'Xã Thanh Xuân'),
(5284, 288, 'Xã Thanh Hòa'),
(5285, 288, 'Xã Thanh Phong'),
(5286, 288, 'Xã Thanh Lâm'),
(5287, 288, 'Xã Thanh Sơn'),
(5288, 288, 'Xã Thượng Ninh'),
(5289, 289, 'Thị trấn Bến Sung'),
(5290, 289, 'Xã Cán Khê'),
(5291, 289, 'Xã Xuân Du'),
(5292, 289, 'Xã Phượng Nghi'),
(5293, 289, 'Xã Mậu Lâm'),
(5294, 289, 'Xã Xuân Khang'),
(5295, 289, 'Xã Phú Nhuận'),
(5296, 289, 'Xã Hải Long'),
(5297, 289, 'Xã Xuân Thái'),
(5298, 289, 'Xã Xuân Phúc'),
(5299, 289, 'Xã Yên Thọ'),
(5300, 289, 'Xã Yên Lạc'),
(5301, 289, 'Xã Thanh Tân'),
(5302, 289, 'Xã Thanh Kỳ'),
(5303, 290, 'Thị trấn Nông Cống'),
(5304, 290, 'Xã Tân Phúc'),
(5305, 290, 'Xã Tân Thọ'),
(5306, 290, 'Xã Hoàng Sơn'),
(5307, 290, 'Xã Tân Khang'),
(5308, 290, 'Xã Hoàng Giang'),
(5309, 290, 'Xã Trung Chính'),
(5310, 290, 'Xã Trung Thành'),
(5311, 290, 'Xã Tế Thắng'),
(5312, 290, 'Xã Tế Lợi'),
(5313, 290, 'Xã Tế Nông'),
(5314, 290, 'Xã Minh Nghĩa'),
(5315, 290, 'Xã Minh Khôi'),
(5316, 290, 'Xã Vạn Hòa'),
(5317, 290, 'Xã Trường Trung'),
(5318, 290, 'Xã Vạn Thắng'),
(5319, 290, 'Xã Trường Giang'),
(5320, 290, 'Xã Vạn Thiện'),
(5321, 290, 'Xã Thăng Long'),
(5322, 290, 'Xã Trường Minh'),
(5323, 290, 'Xã Trường Sơn'),
(5324, 290, 'Xã Thăng Bình'),
(5325, 290, 'Xã Công Liêm'),
(5326, 290, 'Xã Tượng Văn'),
(5327, 290, 'Xã Thăng Thọ'),
(5328, 290, 'Xã Tượng Lĩnh'),
(5329, 290, 'Xã Tượng Sơn'),
(5330, 290, 'Xã Công Chính'),
(5331, 290, 'Xã Yên Mỹ'),
(5332, 291, 'Thị trấn Rừng Thông'),
(5333, 291, 'Xã Đông Hoàng'),
(5334, 291, 'Xã Đông Ninh'),
(5335, 291, 'Xã Đông Hòa'),
(5336, 291, 'Xã Đông Yên'),
(5337, 291, 'Xã Đông Minh'),
(5338, 291, 'Xã Đông Thanh'),
(5339, 291, 'Xã Đông Tiến'),
(5340, 291, 'Xã Đông Khê'),
(5341, 291, 'Xã Đông Thịnh'),
(5342, 291, 'Xã Đông Văn'),
(5343, 291, 'Xã Đông Phú'),
(5344, 291, 'Xã Đông Nam'),
(5345, 291, 'Xã Đông Quang'),
(5346, 292, 'Thị trấn Tân Phong'),
(5347, 292, 'Xã Quảng Trạch'),
(5348, 292, 'Xã Quảng Đức'),
(5349, 292, 'Xã Quảng Định'),
(5350, 292, 'Xã Quảng Nhân'),
(5351, 292, 'Xã Quảng Ninh'),
(5352, 292, 'Xã Quảng Bình'),
(5353, 292, 'Xã Quảng Hợp'),
(5354, 292, 'Xã Quảng Văn'),
(5355, 292, 'Xã Quảng Long'),
(5356, 292, 'Xã Quảng Yên'),
(5357, 292, 'Xã Quảng Hòa'),
(5358, 292, 'Xã Quảng Khê'),
(5359, 292, 'Xã Quảng Trung'),
(5360, 292, 'Xã Quảng Chính'),
(5361, 292, 'Xã Quảng Ngọc'),
(5362, 292, 'Xã Quảng Trường'),
(5363, 292, 'Xã Quảng Phúc'),
(5364, 292, 'Xã Quảng Giao'),
(5365, 292, 'Xã Quảng Hải'),
(5366, 292, 'Xã Quảng Lưu'),
(5367, 292, 'Xã Quảng Lộc'),
(5368, 292, 'Xã Tiên Trang'),
(5369, 292, 'Xã Quảng Nham'),
(5370, 292, 'Xã Quảng Thạch'),
(5371, 292, 'Xã Quảng Thái'),
(5372, 293, 'Phường Hải Hòa'),
(5373, 293, 'Phường Hải Châu'),
(5374, 293, 'Xã Thanh Thủy'),
(5375, 293, 'Xã Thanh Sơn'),
(5376, 293, 'Phường Hải Ninh'),
(5377, 293, 'Xã Anh Sơn'),
(5378, 293, 'Xã Ngọc Lĩnh'),
(5379, 293, 'Phường Hải An'),
(5380, 293, 'Xã Các Sơn'),
(5381, 293, 'Phường Tân Dân'),
(5382, 293, 'Phường Hải Lĩnh'),
(5383, 293, 'Xã Định Hải'),
(5384, 293, 'Xã Phú Sơn'),
(5385, 293, 'Phường Ninh Hải'),
(5386, 293, 'Phường Nguyên Bình'),
(5387, 293, 'Xã Hải Nhân'),
(5388, 293, 'Phường Bình Minh'),
(5389, 293, 'Phường Hải Thanh'),
(5390, 293, 'Xã Phú Lâm'),
(5391, 293, 'Phường Xuân Lâm'),
(5392, 293, 'Phường Trúc Lâm'),
(5393, 293, 'Phường Hải Bình'),
(5394, 293, 'Xã Tân Trường'),
(5395, 293, 'Xã Tùng Lâm'),
(5396, 293, 'Phường Tĩnh Hải'),
(5397, 293, 'Phường Mai Lâm'),
(5398, 293, 'Xã Trường Lâm'),
(5399, 293, 'Xã Hải Yến'),
(5400, 293, 'Phường Hải Thượng'),
(5401, 293, 'Xã Nghi Sơn'),
(5402, 293, 'Xã Hải Hà'),
(5403, 294, 'Phường Đông Vĩnh'),
(5404, 294, 'Phường Hà Huy Tập'),
(5405, 294, 'Phường Lê Lợi'),
(5406, 294, 'Phường Quán Bàu'),
(5407, 294, 'Phường Hưng Bình'),
(5408, 294, 'Phường Hưng Phúc'),
(5409, 294, 'Phường Hưng Dũng'),
(5410, 294, 'Phường Cửa Nam'),
(5411, 294, 'Phường Quang Trung'),
(5412, 294, 'Phường Đội Cung'),
(5413, 294, 'Phường Lê Mao'),
(5414, 294, 'Phường Trường Thi'),
(5415, 294, 'Phường Bến Thủy'),
(5416, 294, 'Phường Hồng Sơn'),
(5417, 294, 'Phường Trung Đô'),
(5418, 294, 'Xã Nghi Phú'),
(5419, 294, 'Xã Hưng Đông'),
(5420, 294, 'Xã Hưng Lộc'),
(5421, 294, 'Xã Hưng Hòa'),
(5422, 294, 'Phường Vinh Tân'),
(5423, 294, 'Xã Nghi Liên'),
(5424, 294, 'Xã Nghi Ân'),
(5425, 294, 'Xã Nghi Kim'),
(5426, 294, 'Xã Nghi Đức'),
(5427, 294, 'Xã Hưng Chính'),
(5428, 295, 'Phường Nghi Thuỷ'),
(5429, 295, 'Phường Nghi Tân'),
(5430, 295, 'Phường Thu Thuỷ'),
(5431, 295, 'Phường Nghi Hòa'),
(5432, 295, 'Phường Nghi Hải'),
(5433, 295, 'Phường Nghi Hương'),
(5434, 295, 'Phường Nghi Thu'),
(5435, 296, 'Phường Hoà Hiếu'),
(5436, 296, 'Phường Quang Phong'),
(5437, 296, 'Phường Quang Tiến'),
(5438, 296, 'Phường Long Sơn'),
(5439, 296, 'Xã Nghĩa Tiến'),
(5440, 296, 'Xã Nghĩa Mỹ'),
(5441, 296, 'Xã Tây Hiếu'),
(5442, 296, 'Xã Nghĩa Thuận'),
(5443, 296, 'Xã Đông Hiếu'),
(5444, 297, 'Thị trấn Kim Sơn'),
(5445, 297, 'Xã Thông Thụ'),
(5446, 297, 'Xã Đồng Văn'),
(5447, 297, 'Xã Hạnh Dịch'),
(5448, 297, 'Xã Tiền Phong'),
(5449, 297, 'Xã Nậm Giải'),
(5450, 297, 'Xã Tri Lễ'),
(5451, 297, 'Xã Châu Kim'),
(5452, 297, 'Xã Mường Nọc'),
(5453, 297, 'Xã Châu Thôn'),
(5454, 297, 'Xã Nậm Nhoóng'),
(5455, 297, 'Xã Quang Phong'),
(5456, 297, 'Xã Căm Muộn'),
(5457, 298, 'Thị trấn Tân Lạc'),
(5458, 298, 'Xã Châu Bính'),
(5459, 298, 'Xã Châu Thuận'),
(5460, 298, 'Xã Châu Hội'),
(5461, 298, 'Xã Châu Nga'),
(5462, 298, 'Xã Châu Tiến'),
(5463, 298, 'Xã Châu Hạnh'),
(5464, 298, 'Xã Châu Thắng'),
(5465, 298, 'Xã Châu Phong'),
(5466, 298, 'Xã Châu Hoàn'),
(5467, 298, 'Xã Diên Lãm'),
(5468, 299, 'Thị trấn Mường Xén'),
(5469, 299, 'Xã Mỹ Lý'),
(5470, 299, 'Xã Bắc Lý'),
(5471, 299, 'Xã Keng Đu'),
(5472, 299, 'Xã Đoọc Mạy'),
(5473, 299, 'Xã Huồi Tụ'),
(5474, 299, 'Xã Mường Lống'),
(5475, 299, 'Xã Na Loi'),
(5476, 299, 'Xã Nậm Cắn'),
(5477, 299, 'Xã Bảo Nam'),
(5478, 299, 'Xã Phà Đánh'),
(5479, 299, 'Xã Bảo Thắng'),
(5480, 299, 'Xã Hữu Lập'),
(5481, 299, 'Xã Tà Cạ'),
(5482, 299, 'Xã Chiêu Lưu'),
(5483, 299, 'Xã Mường Típ'),
(5484, 299, 'Xã Hữu Kiệm'),
(5485, 299, 'Xã Tây Sơn'),
(5486, 299, 'Xã Mường Ải'),
(5487, 299, 'Xã Na Ngoi'),
(5488, 300, 'Thị trấn Thạch Giám'),
(5489, 300, 'Xã Mai Sơn'),
(5490, 300, 'Xã Nhôn Mai'),
(5491, 300, 'Xã Hữu Khuông'),
(5492, 300, 'Xã Yên Tĩnh'),
(5493, 300, 'Xã Nga My'),
(5494, 300, 'Xã Xiêng My'),
(5495, 300, 'Xã Lưỡng Minh'),
(5496, 300, 'Xã Yên Hòa'),
(5497, 300, 'Xã Yên Na'),
(5498, 300, 'Xã Lưu Kiền'),
(5499, 300, 'Xã Xá Lượng'),
(5500, 300, 'Xã Tam Thái'),
(5501, 300, 'Xã Tam Đình'),
(5502, 300, 'Xã Yên Thắng'),
(5503, 300, 'Xã Tam Quang'),
(5504, 300, 'Xã Tam Hợp'),
(5505, 301, 'Thị trấn Nghĩa Đàn'),
(5506, 301, 'Xã Nghĩa Mai'),
(5507, 301, 'Xã Nghĩa Yên'),
(5508, 301, 'Xã Nghĩa Lạc'),
(5509, 301, 'Xã Nghĩa Lâm'),
(5510, 301, 'Xã Nghĩa Sơn'),
(5511, 301, 'Xã Nghĩa Lợi'),
(5512, 301, 'Xã Nghĩa Bình'),
(5513, 301, 'Xã Nghĩa Thọ'),
(5514, 301, 'Xã Nghĩa Minh'),
(5515, 301, 'Xã Nghĩa Phú'),
(5516, 301, 'Xã Nghĩa Hưng'),
(5517, 301, 'Xã Nghĩa Hồng'),
(5518, 301, 'Xã Nghĩa Thịnh'),
(5519, 301, 'Xã Nghĩa Trung'),
(5520, 301, 'Xã Nghĩa Hội'),
(5521, 301, 'Xã Nghĩa Thành'),
(5522, 301, 'Xã Nghĩa Hiếu'),
(5523, 301, 'Xã Nghĩa Đức'),
(5524, 301, 'Xã Nghĩa An'),
(5525, 301, 'Xã Nghĩa Long'),
(5526, 301, 'Xã Nghĩa Lộc'),
(5527, 301, 'Xã Nghĩa Khánh'),
(5528, 302, 'Thị trấn Quỳ Hợp'),
(5529, 302, 'Xã Yên Hợp'),
(5530, 302, 'Xã Châu Tiến'),
(5531, 302, 'Xã Châu Hồng'),
(5532, 302, 'Xã Đồng Hợp'),
(5533, 302, 'Xã Châu Thành'),
(5534, 302, 'Xã Liên Hợp'),
(5535, 302, 'Xã Châu Lộc'),
(5536, 302, 'Xã Tam Hợp'),
(5537, 302, 'Xã Châu Cường'),
(5538, 302, 'Xã Châu Quang'),
(5539, 302, 'Xã Thọ Hợp'),
(5540, 302, 'Xã Minh Hợp'),
(5541, 302, 'Xã Nghĩa Xuân'),
(5542, 302, 'Xã Châu Thái'),
(5543, 302, 'Xã Châu Đình'),
(5544, 302, 'Xã Văn Lợi'),
(5545, 302, 'Xã Nam Sơn'),
(5546, 302, 'Xã Châu Lý'),
(5547, 302, 'Xã Hạ Sơn'),
(5548, 302, 'Xã Bắc Sơn'),
(5549, 303, 'Thị trấn Cầu Giát'),
(5550, 303, 'Xã Quỳnh Thắng'),
(5551, 303, 'Xã Quỳnh Tân'),
(5552, 303, 'Xã Quỳnh Châu'),
(5553, 303, 'Xã Tân Sơn'),
(5554, 303, 'Xã Quỳnh Văn'),
(5555, 303, 'Xã Ngọc Sơn'),
(5556, 303, 'Xã Quỳnh Tam'),
(5557, 303, 'Xã Quỳnh Hoa'),
(5558, 303, 'Xã Quỳnh Thạch'),
(5559, 303, 'Xã Quỳnh Bảng'),
(5560, 303, 'Xã Quỳnh Mỹ'),
(5561, 303, 'Xã Quỳnh Thanh'),
(5562, 303, 'Xã Quỳnh Hậu'),
(5563, 303, 'Xã Quỳnh Lâm'),
(5564, 303, 'Xã Quỳnh Đôi'),
(5565, 303, 'Xã Quỳnh Lương'),
(5566, 303, 'Xã Quỳnh Hồng'),
(5567, 303, 'Xã Quỳnh Yên'),
(5568, 303, 'Xã Quỳnh Bá'),
(5569, 303, 'Xã Quỳnh Minh'),
(5570, 303, 'Xã Quỳnh Diễn'),
(5571, 303, 'Xã Quỳnh Hưng'),
(5572, 303, 'Xã Quỳnh Giang'),
(5573, 303, 'Xã Quỳnh Ngọc'),
(5574, 303, 'Xã Quỳnh Nghĩa'),
(5575, 303, 'Xã An Hòa'),
(5576, 303, 'Xã Tiến Thủy'),
(5577, 303, 'Xã Sơn Hải'),
(5578, 303, 'Xã Quỳnh Thọ'),
(5579, 303, 'Xã Quỳnh Thuận'),
(5580, 303, 'Xã Quỳnh Long'),
(5581, 303, 'Xã Tân Thắng'),
(5582, 304, 'Thị trấn Con Cuông'),
(5583, 304, 'Xã Bình Chuẩn'),
(5584, 304, 'Xã Lạng Khê'),
(5585, 304, 'Xã Cam Lâm'),
(5586, 304, 'Xã Thạch Ngàn'),
(5587, 304, 'Xã Đôn Phục'),
(5588, 304, 'Xã Mậu Đức'),
(5589, 304, 'Xã Châu Khê'),
(5590, 304, 'Xã Chi Khê'),
(5591, 304, 'Xã Bồng Khê'),
(5592, 304, 'Xã Yên Khê'),
(5593, 304, 'Xã Lục Dạ');
INSERT INTO `phuong_xa` (`mapx`, `ma_qh`, `tenpx`) VALUES
(5594, 304, 'Xã Môn Sơn'),
(5595, 305, 'Thị trấn Tân Kỳ'),
(5596, 305, 'Xã Tân Hợp'),
(5597, 305, 'Xã Tân Phú'),
(5598, 305, 'Xã Tân Xuân'),
(5599, 305, 'Xã Giai Xuân'),
(5600, 305, 'Xã Nghĩa Bình'),
(5601, 305, 'Xã Nghĩa Đồng'),
(5602, 305, 'Xã Đồng Văn'),
(5603, 305, 'Xã Nghĩa Thái'),
(5604, 305, 'Xã Nghĩa Hợp'),
(5605, 305, 'Xã Nghĩa Hoàn'),
(5606, 305, 'Xã Nghĩa Phúc'),
(5607, 305, 'Xã Tiên Kỳ'),
(5608, 305, 'Xã Tân An'),
(5609, 305, 'Xã Nghĩa Dũng'),
(5610, 305, 'Xã Tân Long'),
(5611, 305, 'Xã Kỳ Sơn'),
(5612, 305, 'Xã Hương Sơn'),
(5613, 305, 'Xã Kỳ Tân'),
(5614, 305, 'Xã Phú Sơn'),
(5615, 305, 'Xã Tân Hương'),
(5616, 305, 'Xã Nghĩa Hành'),
(5617, 306, 'Thị trấn Anh Sơn'),
(5618, 306, 'Xã Thọ Sơn'),
(5619, 306, 'Xã Thành Sơn'),
(5620, 306, 'Xã Bình Sơn'),
(5621, 306, 'Xã Tam Sơn'),
(5622, 306, 'Xã Đỉnh Sơn'),
(5623, 306, 'Xã Hùng Sơn'),
(5624, 306, 'Xã Cẩm Sơn'),
(5625, 306, 'Xã Đức Sơn'),
(5626, 306, 'Xã Tường Sơn'),
(5627, 306, 'Xã Hoa Sơn'),
(5628, 306, 'Xã Tào Sơn'),
(5629, 306, 'Xã Vĩnh Sơn'),
(5630, 306, 'Xã Lạng Sơn'),
(5631, 306, 'Xã Hội Sơn'),
(5632, 306, 'Xã Thạch Sơn'),
(5633, 306, 'Xã Phúc Sơn'),
(5634, 306, 'Xã Long Sơn'),
(5635, 306, 'Xã Khai Sơn'),
(5636, 306, 'Xã Lĩnh Sơn'),
(5637, 306, 'Xã Cao Sơn'),
(5638, 307, 'Thị trấn Diễn Châu'),
(5639, 307, 'Xã Diễn Lâm'),
(5640, 307, 'Xã Diễn Đoài'),
(5641, 307, 'Xã Diễn Trường'),
(5642, 307, 'Xã Diễn Yên'),
(5643, 307, 'Xã Diễn Hoàng'),
(5644, 307, 'Xã Diễn Hùng'),
(5645, 307, 'Xã Diễn Mỹ'),
(5646, 307, 'Xã Diễn Hồng'),
(5647, 307, 'Xã Diễn Phong'),
(5648, 307, 'Xã Diễn Hải'),
(5649, 307, 'Xã Diễn Tháp'),
(5650, 307, 'Xã Diễn Liên'),
(5651, 307, 'Xã Diễn Vạn'),
(5652, 307, 'Xã Diễn Kim'),
(5653, 307, 'Xã Diễn Kỷ'),
(5654, 307, 'Xã Diễn Xuân'),
(5655, 307, 'Xã Diễn Thái'),
(5656, 307, 'Xã Diễn Đồng'),
(5657, 307, 'Xã Diễn Bích'),
(5658, 307, 'Xã Diễn Hạnh'),
(5659, 307, 'Xã Diễn Ngọc'),
(5660, 307, 'Xã Diễn Quảng'),
(5661, 307, 'Xã Diễn Nguyên'),
(5662, 307, 'Xã Diễn Hoa'),
(5663, 307, 'Xã Diễn Thành'),
(5664, 307, 'Xã Diễn Phúc'),
(5665, 307, 'Xã Diễn Cát'),
(5666, 307, 'Xã Diễn Thịnh'),
(5667, 307, 'Xã Diễn Tân'),
(5668, 307, 'Xã Minh Châu'),
(5669, 307, 'Xã Diễn Thọ'),
(5670, 307, 'Xã Diễn Lợi'),
(5671, 307, 'Xã Diễn Lộc'),
(5672, 307, 'Xã Diễn Trung'),
(5673, 307, 'Xã Diễn An'),
(5674, 307, 'Xã Diễn Phú'),
(5675, 308, 'Thị trấn Yên Thành'),
(5676, 308, 'Xã Mã Thành'),
(5677, 308, 'Xã Tiến Thành'),
(5678, 308, 'Xã Lăng Thành'),
(5679, 308, 'Xã Tân Thành'),
(5680, 308, 'Xã Đức Thành'),
(5681, 308, 'Xã Kim Thành'),
(5682, 308, 'Xã Hậu Thành'),
(5683, 308, 'Xã Hùng Thành'),
(5684, 308, 'Xã Đô Thành'),
(5685, 308, 'Xã Thọ Thành'),
(5686, 308, 'Xã Quang Thành'),
(5687, 308, 'Xã Tây Thành'),
(5688, 308, 'Xã Phúc Thành'),
(5689, 308, 'Xã Hồng Thành'),
(5690, 308, 'Xã Đồng Thành'),
(5691, 308, 'Xã Phú Thành'),
(5692, 308, 'Xã Hoa Thành'),
(5693, 308, 'Xã Tăng Thành'),
(5694, 308, 'Xã Văn Thành'),
(5695, 308, 'Xã Thịnh Thành'),
(5696, 308, 'Xã Hợp Thành'),
(5697, 308, 'Xã Xuân Thành'),
(5698, 308, 'Xã Bắc Thành'),
(5699, 308, 'Xã Nhân Thành'),
(5700, 308, 'Xã Trung Thành'),
(5701, 308, 'Xã Long Thành'),
(5702, 308, 'Xã Minh Thành'),
(5703, 308, 'Xã Nam Thành'),
(5704, 308, 'Xã Vĩnh Thành'),
(5705, 308, 'Xã Lý Thành'),
(5706, 308, 'Xã Khánh Thành'),
(5707, 308, 'Xã Viên Thành'),
(5708, 308, 'Xã Đại Thành'),
(5709, 308, 'Xã Liên Thành'),
(5710, 308, 'Xã Bảo Thành'),
(5711, 308, 'Xã Mỹ Thành'),
(5712, 308, 'Xã Công Thành'),
(5713, 308, 'Xã Sơn Thành'),
(5714, 309, 'Thị trấn Đô Lương'),
(5715, 309, 'Xã Giang Sơn Đông'),
(5716, 309, 'Xã Giang Sơn Tây'),
(5717, 309, 'Xã Lam Sơn'),
(5718, 309, 'Xã Bồi Sơn'),
(5719, 309, 'Xã Hồng Sơn'),
(5720, 309, 'Xã Bài Sơn'),
(5721, 309, 'Xã Ngọc Sơn'),
(5722, 309, 'Xã Bắc Sơn'),
(5723, 309, 'Xã Tràng Sơn'),
(5724, 309, 'Xã Thượng Sơn'),
(5725, 309, 'Xã Hòa Sơn'),
(5726, 309, 'Xã Đặng Sơn'),
(5727, 309, 'Xã Đông Sơn'),
(5728, 309, 'Xã Nam Sơn'),
(5729, 309, 'Xã Lưu Sơn'),
(5730, 309, 'Xã Yên Sơn'),
(5731, 309, 'Xã Văn Sơn'),
(5732, 309, 'Xã Đà Sơn'),
(5733, 309, 'Xã Lạc Sơn'),
(5734, 309, 'Xã Tân Sơn'),
(5735, 309, 'Xã Thái Sơn'),
(5736, 309, 'Xã Quang Sơn'),
(5737, 309, 'Xã Thịnh Sơn'),
(5738, 309, 'Xã Trung Sơn'),
(5739, 309, 'Xã Xuân Sơn'),
(5740, 309, 'Xã Minh Sơn'),
(5741, 309, 'Xã Thuận Sơn'),
(5742, 309, 'Xã Nhân Sơn'),
(5743, 309, 'Xã Hiến Sơn'),
(5744, 309, 'Xã Mỹ Sơn'),
(5745, 309, 'Xã Trù Sơn'),
(5746, 309, 'Xã Đại Sơn'),
(5747, 310, 'Thị trấn Thanh Chương'),
(5748, 310, 'Xã Cát Văn'),
(5749, 310, 'Xã Thanh Nho'),
(5750, 310, 'Xã Hạnh Lâm'),
(5751, 310, 'Xã Thanh Sơn'),
(5752, 310, 'Xã Thanh Hòa'),
(5753, 310, 'Xã Phong Thịnh'),
(5754, 310, 'Xã Thanh Phong'),
(5755, 310, 'Xã Thanh Mỹ'),
(5756, 310, 'Xã Thanh Tiên'),
(5757, 310, 'Xã Thanh Liên'),
(5758, 310, 'Xã Đại Đồng'),
(5759, 310, 'Xã Thanh Đồng'),
(5760, 310, 'Xã Thanh Ngọc'),
(5761, 310, 'Xã Thanh Hương'),
(5762, 310, 'Xã Ngọc Lâm'),
(5763, 310, 'Xã Thanh Lĩnh'),
(5764, 310, 'Xã Đồng Văn'),
(5765, 310, 'Xã Ngọc Sơn'),
(5766, 310, 'Xã Thanh Thịnh'),
(5767, 310, 'Xã Thanh An'),
(5768, 310, 'Xã Thanh Chi'),
(5769, 310, 'Xã Xuân Tường'),
(5770, 310, 'Xã Thanh Dương'),
(5771, 310, 'Xã Thanh Lương'),
(5772, 310, 'Xã Thanh Khê'),
(5773, 310, 'Xã Võ Liệt'),
(5774, 310, 'Xã Thanh Long'),
(5775, 310, 'Xã Thanh Thủy'),
(5776, 310, 'Xã Thanh Khai'),
(5777, 310, 'Xã Thanh Yên'),
(5778, 310, 'Xã Thanh Hà'),
(5779, 310, 'Xã Thanh Giang'),
(5780, 310, 'Xã Thanh Tùng'),
(5781, 310, 'Xã Thanh Lâm'),
(5782, 310, 'Xã Thanh Mai'),
(5783, 310, 'Xã Thanh Xuân'),
(5784, 310, 'Xã Thanh Đức'),
(5785, 311, 'Thị trấn Quán Hành'),
(5786, 311, 'Xã Nghi Văn'),
(5787, 311, 'Xã Nghi Yên'),
(5788, 311, 'Xã Nghi Tiến'),
(5789, 311, 'Xã Nghi Hưng'),
(5790, 311, 'Xã Nghi Đồng'),
(5791, 311, 'Xã Nghi Thiết'),
(5792, 311, 'Xã Nghi Lâm'),
(5793, 311, 'Xã Nghi Quang'),
(5794, 311, 'Xã Nghi Kiều'),
(5795, 311, 'Xã Nghi Mỹ'),
(5796, 311, 'Xã Nghi Phương'),
(5797, 311, 'Xã Nghi Thuận'),
(5798, 311, 'Xã Nghi Long'),
(5799, 311, 'Xã Nghi Xá'),
(5800, 311, 'Xã Nghi Hoa'),
(5801, 311, 'Xã Khánh Hợp'),
(5802, 311, 'Xã Nghi Thịnh'),
(5803, 311, 'Xã Nghi Công Bắc'),
(5804, 311, 'Xã Nghi Công Nam'),
(5805, 311, 'Xã Nghi Thạch'),
(5806, 311, 'Xã Nghi Trung'),
(5807, 311, 'Xã Nghi Trường'),
(5808, 311, 'Xã Nghi Diên'),
(5809, 311, 'Xã Nghi Phong'),
(5810, 311, 'Xã Nghi Xuân'),
(5811, 311, 'Xã Phúc Thọ'),
(5812, 311, 'Xã Nghi Thái'),
(5813, 312, 'Xã Nam Hưng'),
(5814, 312, 'Xã Nam Nghĩa'),
(5815, 312, 'Xã Nam Thanh'),
(5816, 312, 'Xã Nam Anh'),
(5817, 312, 'Xã Nam Xuân'),
(5818, 312, 'Xã Nam Thái'),
(5819, 312, 'Thị trấn Nam Đàn'),
(5820, 312, 'Xã Nam Lĩnh'),
(5821, 312, 'Xã Nam Giang'),
(5822, 312, 'Xã Xuân Hòa'),
(5823, 312, 'Xã Hùng Tiến'),
(5824, 312, 'Xã Thượng Tân Lộc'),
(5825, 312, 'Xã Kim Liên'),
(5826, 312, 'Xã Hồng Long'),
(5827, 312, 'Xã Xuân Lâm'),
(5828, 312, 'Xã Nam Cát'),
(5829, 312, 'Xã Khánh Sơn'),
(5830, 312, 'Xã Trung Phúc Cường'),
(5831, 312, 'Xã Nam Kim'),
(5832, 313, 'Thị trấn Hưng Nguyên'),
(5833, 313, 'Xã Hưng Trung'),
(5834, 313, 'Xã Hưng Yên'),
(5835, 313, 'Xã Hưng Yên Bắc'),
(5836, 313, 'Xã Hưng Tây'),
(5837, 313, 'Xã Hưng Đạo'),
(5838, 313, 'Xã Hưng Mỹ'),
(5839, 313, 'Xã Hưng Thịnh'),
(5840, 313, 'Xã Hưng Lĩnh'),
(5841, 313, 'Xã Hưng Thông'),
(5842, 313, 'Xã Hưng Tân'),
(5843, 313, 'Xã Hưng Lợi'),
(5844, 313, 'Xã Hưng Nghĩa'),
(5845, 313, 'Xã Hưng Phúc'),
(5846, 313, 'Xã Long Xá'),
(5847, 313, 'Xã Châu Nhân'),
(5848, 313, 'Xã Xuân Lam'),
(5849, 313, 'Xã Hưng Thành'),
(5850, 314, 'Xã Quỳnh Vinh'),
(5851, 314, 'Xã Quỳnh Lộc'),
(5852, 314, 'Phường Quỳnh Thiện'),
(5853, 314, 'Xã Quỳnh Lập'),
(5854, 314, 'Xã Quỳnh Trang'),
(5855, 314, 'Phường Mai Hùng'),
(5856, 314, 'Phường Quỳnh Dị'),
(5857, 314, 'Phường Quỳnh Xuân'),
(5858, 314, 'Phường Quỳnh Phương'),
(5859, 314, 'Xã Quỳnh Liên'),
(5860, 315, 'Phường Trần Phú'),
(5861, 315, 'Phường Nam Hà'),
(5862, 315, 'Phường Bắc Hà'),
(5863, 315, 'Phường Nguyễn Du'),
(5864, 315, 'Phường Tân Giang'),
(5865, 315, 'Phường Đại Nài'),
(5866, 315, 'Phường Hà Huy Tập'),
(5867, 315, 'Xã Thạch Trung'),
(5868, 315, 'Phường Thạch Quý'),
(5869, 315, 'Phường Thạch Linh'),
(5870, 315, 'Phường Văn Yên'),
(5871, 315, 'Xã Thạch Hạ'),
(5872, 315, 'Xã Đồng Môn'),
(5873, 315, 'Xã Thạch Hưng'),
(5874, 315, 'Xã Thạch Bình'),
(5875, 316, 'Phường Bắc Hồng'),
(5876, 316, 'Phường Nam Hồng'),
(5877, 316, 'Phường Trung Lương'),
(5878, 316, 'Phường Đức Thuận'),
(5879, 316, 'Phường Đậu Liêu'),
(5880, 316, 'Xã Thuận Lộc'),
(5881, 317, 'Thị trấn Phố Châu'),
(5882, 317, 'Thị trấn  Tây Sơn'),
(5883, 317, 'Xã Sơn Hồng'),
(5884, 317, 'Xã Sơn Tiến'),
(5885, 317, 'Xã Sơn Lâm'),
(5886, 317, 'Xã Sơn Lễ'),
(5887, 317, 'Xã Sơn Giang'),
(5888, 317, 'Xã Sơn Lĩnh'),
(5889, 317, 'Xã An Hòa Thịnh'),
(5890, 317, 'Xã Sơn Tây'),
(5891, 317, 'Xã Sơn Ninh'),
(5892, 317, 'Xã Sơn Châu'),
(5893, 317, 'Xã Tân Mỹ Hà'),
(5894, 317, 'Xã Quang Diệm'),
(5895, 317, 'Xã Sơn Trung'),
(5896, 317, 'Xã Sơn Bằng'),
(5897, 317, 'Xã Sơn Bình'),
(5898, 317, 'Xã Sơn Kim 1'),
(5899, 317, 'Xã Sơn Kim 2'),
(5900, 317, 'Xã Sơn Trà'),
(5901, 317, 'Xã Sơn Long'),
(5902, 317, 'Xã Kim Hoa'),
(5903, 317, 'Xã Sơn Hàm'),
(5904, 317, 'Xã Sơn Phú'),
(5905, 317, 'Xã Sơn Trường'),
(5906, 318, 'Thị trấn Đức Thọ'),
(5907, 318, 'Xã Quang Vĩnh'),
(5908, 318, 'Xã Tùng Châu'),
(5909, 318, 'Xã Trường Sơn'),
(5910, 318, 'Xã Liên Minh'),
(5911, 318, 'Xã Yên Hồ'),
(5912, 318, 'Xã Tùng Ảnh'),
(5913, 318, 'Xã Bùi La Nhân'),
(5914, 318, 'Xã Thanh Bình Thịnh'),
(5915, 318, 'Xã Lâm Trung Thủy'),
(5916, 318, 'Xã Hòa Lạc'),
(5917, 318, 'Xã Tân Dân'),
(5918, 318, 'Xã An Dũng'),
(5919, 318, 'Xã Đức Đồng'),
(5920, 318, 'Xã Đức Lạng'),
(5921, 318, 'Xã Tân Hương'),
(5922, 319, 'Thị trấn Vũ Quang'),
(5923, 319, 'Xã Ân Phú'),
(5924, 319, 'Xã Đức Giang'),
(5925, 319, 'Xã Đức Lĩnh'),
(5926, 319, 'Xã Thọ Điền'),
(5927, 319, 'Xã Đức Hương'),
(5928, 319, 'Xã Đức Bồng'),
(5929, 319, 'Xã Đức Liên'),
(5930, 319, 'Xã Hương Minh'),
(5931, 319, 'Xã Quang Thọ'),
(5932, 320, 'Thị trấn Xuân An'),
(5933, 320, 'Xã Xuân Hội'),
(5934, 320, 'Xã Đan Trường'),
(5935, 320, 'Xã Xuân Phổ'),
(5936, 320, 'Xã Xuân Hải'),
(5937, 320, 'Xã Xuân Giang'),
(5938, 320, 'Thị trấn Tiên Điền'),
(5939, 320, 'Xã Xuân Yên'),
(5940, 320, 'Xã Xuân Mỹ'),
(5941, 320, 'Xã Xuân Thành'),
(5942, 320, 'Xã Xuân Viên'),
(5943, 320, 'Xã Xuân Hồng'),
(5944, 320, 'Xã Cỗ Đạm'),
(5945, 320, 'Xã Xuân Liên'),
(5946, 320, 'Xã Xuân Lĩnh'),
(5947, 320, 'Xã Xuân Lam'),
(5948, 320, 'Xã Cương Gián'),
(5949, 321, 'Thị trấn Nghèn'),
(5950, 321, 'Xã Thiên Lộc'),
(5951, 321, 'Xã Thuần Thiện'),
(5952, 321, 'Xã Vượng Lộc'),
(5953, 321, 'Xã Thanh Lộc'),
(5954, 321, 'Xã Kim Song Trường'),
(5955, 321, 'Xã Thường Nga'),
(5956, 321, 'Xã Tùng Lộc'),
(5957, 321, 'Xã Phú Lộc'),
(5958, 321, 'Xã Gia Hanh'),
(5959, 321, 'Xã Khánh Vĩnh Yên'),
(5960, 321, 'Xã Trung Lộc'),
(5961, 321, 'Xã Xuân Lộc'),
(5962, 321, 'Xã Thượng Lộc'),
(5963, 321, 'Xã Quang Lộc'),
(5964, 321, 'Thị trấn Đồng Lộc'),
(5965, 321, 'Xã Mỹ Lộc'),
(5966, 321, 'Xã Sơn Lộc'),
(5967, 322, 'Thị trấn Hương Khê'),
(5968, 322, 'Xã Điền Mỹ'),
(5969, 322, 'Xã Hà Linh'),
(5970, 322, 'Xã Hương Thủy'),
(5971, 322, 'Xã Hòa Hải'),
(5972, 322, 'Xã Phúc Đồng'),
(5973, 322, 'Xã Hương Giang'),
(5974, 322, 'Xã Lộc Yên'),
(5975, 322, 'Xã Hương Bình'),
(5976, 322, 'Xã Hương Long'),
(5977, 322, 'Xã Phú Gia'),
(5978, 322, 'Xã Gia Phố'),
(5979, 322, 'Xã Phú Phong'),
(5980, 322, 'Xã Hương Đô'),
(5981, 322, 'Xã Hương Vĩnh'),
(5982, 322, 'Xã Hương Xuân'),
(5983, 322, 'Xã Phúc Trạch'),
(5984, 322, 'Xã Hương Trà'),
(5985, 322, 'Xã Hương Trạch'),
(5986, 322, 'Xã Hương Lâm'),
(5987, 322, 'Xã Hương Liên'),
(5988, 323, 'Thị trấn Thạch Hà'),
(5989, 323, 'Xã Ngọc Sơn'),
(5990, 323, 'Xã Thạch Hải'),
(5991, 323, 'Xã Thạch Kênh'),
(5992, 323, 'Xã Thạch Sơn'),
(5993, 323, 'Xã Thạch Liên'),
(5994, 323, 'Xã Đỉnh Bàn'),
(5995, 323, 'Xã Việt Tiến'),
(5996, 323, 'Xã Thạch Khê'),
(5997, 323, 'Xã Thạch Long'),
(5998, 323, 'Xã Thạch Trị'),
(5999, 323, 'Xã Thạch Lạc'),
(6000, 323, 'Xã Thạch Ngọc'),
(6001, 323, 'Xã Tượng Sơn'),
(6002, 323, 'Xã Thạch Văn'),
(6003, 323, 'Xã Lưu Vĩnh Sơn'),
(6004, 323, 'Xã Thạch Thắng'),
(6005, 323, 'Xã Thạch Đài'),
(6006, 323, 'Xã Thạch Hội'),
(6007, 323, 'Xã Tân Lâm Hương'),
(6008, 323, 'Xã Thạch Xuân'),
(6009, 323, 'Xã Nam Điền'),
(6010, 324, 'Thị trấn Cẩm Xuyên'),
(6011, 324, 'Thị trấn Thiên Cầm'),
(6012, 324, 'Xã Yên Hòa'),
(6013, 324, 'Xã Cẩm Dương'),
(6014, 324, 'Xã Cẩm Bình'),
(6015, 324, 'Xã Cẩm Vĩnh'),
(6016, 324, 'Xã Cẩm Thành'),
(6017, 324, 'Xã Cẩm Quang'),
(6018, 324, 'Xã Cẩm Thạch'),
(6019, 324, 'Xã Cẩm Nhượng'),
(6020, 324, 'Xã Nam Phúc Thăng'),
(6021, 324, 'Xã Cẩm Duệ'),
(6022, 324, 'Xã Cẩm Lĩnh'),
(6023, 324, 'Xã Cẩm Quan'),
(6024, 324, 'Xã Cẩm Hà'),
(6025, 324, 'Xã Cẩm Lộc'),
(6026, 324, 'Xã Cẩm Hưng'),
(6027, 324, 'Xã Cẩm Thịnh'),
(6028, 324, 'Xã Cẩm Mỹ'),
(6029, 324, 'Xã Cẩm Trung'),
(6030, 324, 'Xã Cẩm Sơn'),
(6031, 324, 'Xã Cẩm Lạc'),
(6032, 324, 'Xã Cẩm Minh'),
(6033, 325, 'Xã Kỳ Xuân'),
(6034, 325, 'Xã Kỳ Bắc'),
(6035, 325, 'Xã Kỳ Phú'),
(6036, 325, 'Xã Kỳ Phong'),
(6037, 325, 'Xã Kỳ Tiến'),
(6038, 325, 'Xã Kỳ Giang'),
(6039, 325, 'Xã Kỳ Đồng'),
(6040, 325, 'Xã Kỳ Khang'),
(6041, 325, 'Xã Kỳ Văn'),
(6042, 325, 'Xã Kỳ Trung'),
(6043, 325, 'Xã Kỳ Thọ'),
(6044, 325, 'Xã Kỳ Tây'),
(6045, 325, 'Xã Kỳ Thượng'),
(6046, 325, 'Xã Kỳ Hải'),
(6047, 325, 'Xã Kỳ Thư'),
(6048, 325, 'Xã Kỳ Châu'),
(6049, 325, 'Xã Kỳ Tân'),
(6050, 325, 'Xã Lâm Hợp'),
(6051, 325, 'Xã Kỳ Sơn'),
(6052, 325, 'Xã Kỳ Lạc'),
(6053, 326, 'Xã Tân Lộc'),
(6054, 326, 'Xã Hồng Lộc'),
(6055, 326, 'Xã Thịnh Lộc'),
(6056, 326, 'Xã Bình An'),
(6057, 326, 'Xã Ích Hậu'),
(6058, 326, 'Xã Phù Lưu'),
(6059, 326, 'Thị trấn Lộc Hà'),
(6060, 326, 'Xã Thạch Mỹ'),
(6061, 326, 'Xã Thạch Kim'),
(6062, 326, 'Xã Thạch Châu'),
(6063, 326, 'Xã Hộ Độ'),
(6064, 326, 'Xã Mai Phụ'),
(6065, 327, 'Phường Hưng Trí'),
(6066, 327, 'Xã Kỳ Ninh'),
(6067, 327, 'Xã Kỳ Lợi'),
(6068, 327, 'Xã Kỳ Hà'),
(6069, 327, 'Phường Kỳ Trinh'),
(6070, 327, 'Phường Kỳ Thịnh'),
(6071, 327, 'Xã Kỳ Hoa'),
(6072, 327, 'Phường Kỳ Phương'),
(6073, 327, 'Phường Kỳ Long'),
(6074, 327, 'Phường Kỳ Liên'),
(6075, 327, 'Xã Kỳ Nam'),
(6076, 328, 'Phường Hải Thành'),
(6077, 328, 'Phường Đồng Phú'),
(6078, 328, 'Phường Bắc Lý'),
(6079, 328, 'Phường Nam Lý'),
(6080, 328, 'Phường Đồng Hải'),
(6081, 328, 'Phường Đồng Sơn'),
(6082, 328, 'Phường Phú Hải'),
(6083, 328, 'Phường Bắc Nghĩa'),
(6084, 328, 'Phường Đức Ninh Đông'),
(6085, 328, 'Xã Quang Phú'),
(6086, 328, 'Xã Lộc Ninh'),
(6087, 328, 'Xã Bảo Ninh'),
(6088, 328, 'Xã Nghĩa Ninh'),
(6089, 328, 'Xã Thuận Đức'),
(6090, 328, 'Xã Đức Ninh'),
(6091, 329, 'Thị trấn Quy Đạt'),
(6092, 329, 'Xã Dân Hóa'),
(6093, 329, 'Xã Trọng Hóa'),
(6094, 329, 'Xã Hóa Phúc'),
(6095, 329, 'Xã Hồng Hóa'),
(6096, 329, 'Xã Hóa Thanh'),
(6097, 329, 'Xã Hóa Tiến'),
(6098, 329, 'Xã Hóa Hợp'),
(6099, 329, 'Xã Xuân Hóa'),
(6100, 329, 'Xã Yên Hóa'),
(6101, 329, 'Xã Minh Hóa'),
(6102, 329, 'Xã Tân Hóa'),
(6103, 329, 'Xã Hóa Sơn'),
(6104, 329, 'Xã Trung Hóa'),
(6105, 329, 'Xã Thượng Hóa'),
(6106, 330, 'Thị trấn Đồng Lê'),
(6107, 330, 'Xã Hương Hóa'),
(6108, 330, 'Xã Kim Hóa'),
(6109, 330, 'Xã Thanh Hóa'),
(6110, 330, 'Xã Thanh Thạch'),
(6111, 330, 'Xã Thuận Hóa'),
(6112, 330, 'Xã Lâm Hóa'),
(6113, 330, 'Xã Lê Hóa'),
(6114, 330, 'Xã Sơn Hóa'),
(6115, 330, 'Xã Đồng Hóa'),
(6116, 330, 'Xã Ngư Hóa'),
(6117, 330, 'Xã Thạch Hóa'),
(6118, 330, 'Xã Đức Hóa'),
(6119, 330, 'Xã Phong Hóa'),
(6120, 330, 'Xã Mai Hóa'),
(6121, 330, 'Xã Tiến Hóa'),
(6122, 330, 'Xã Châu Hóa'),
(6123, 330, 'Xã Cao Quảng'),
(6124, 330, 'Xã Văn Hóa'),
(6125, 331, 'Xã Quảng Hợp'),
(6126, 331, 'Xã Quảng Kim'),
(6127, 331, 'Xã Quảng Đông'),
(6128, 331, 'Xã Quảng Phú'),
(6129, 331, 'Xã Quảng Châu'),
(6130, 331, 'Xã Quảng Thạch'),
(6131, 331, 'Xã Quảng Lưu'),
(6132, 331, 'Xã Quảng Tùng'),
(6133, 331, 'Xã Cảnh Dương'),
(6134, 331, 'Xã Quảng Tiến'),
(6135, 331, 'Xã Quảng Hưng'),
(6136, 331, 'Xã Quảng Xuân'),
(6137, 331, 'Xã Cảnh Hóa'),
(6138, 331, 'Xã Liên Trường'),
(6139, 331, 'Xã Quảng Phương'),
(6140, 331, 'Xã Phù Hóa'),
(6141, 331, 'Xã Quảng Thanh'),
(6142, 332, 'Thị trấn Hoàn Lão'),
(6143, 332, 'Thị trấn NT Việt Trung'),
(6144, 332, 'Xã Xuân Trạch'),
(6145, 332, 'Xã Mỹ Trạch'),
(6146, 332, 'Xã Hạ Trạch'),
(6147, 332, 'Xã Bắc Trạch'),
(6148, 332, 'Xã Lâm Trạch'),
(6149, 332, 'Xã Thanh Trạch'),
(6150, 332, 'Xã Liên Trạch'),
(6151, 332, 'Xã Phúc Trạch'),
(6152, 332, 'Xã Cự Nẫm'),
(6153, 332, 'Xã Hải Phú'),
(6154, 332, 'Xã Thượng Trạch'),
(6155, 332, 'Xã Sơn Lộc'),
(6156, 332, 'Xã Hưng Trạch'),
(6157, 332, 'Xã Đồng Trạch'),
(6158, 332, 'Xã Đức Trạch'),
(6159, 332, 'Thị trấn Phong Nha'),
(6160, 332, 'Xã Vạn Trạch'),
(6161, 332, 'Xã Phú Định'),
(6162, 332, 'Xã Trung Trạch'),
(6163, 332, 'Xã Tây Trạch'),
(6164, 332, 'Xã Hòa Trạch'),
(6165, 332, 'Xã Đại Trạch'),
(6166, 332, 'Xã Nhân Trạch'),
(6167, 332, 'Xã Tân Trạch'),
(6168, 332, 'Xã Nam Trạch'),
(6169, 332, 'Xã Lý Trạch'),
(6170, 333, 'Thị trấn Quán Hàu'),
(6171, 333, 'Xã Trường Sơn'),
(6172, 333, 'Xã Lương Ninh'),
(6173, 333, 'Xã Vĩnh Ninh'),
(6174, 333, 'Xã Võ Ninh'),
(6175, 333, 'Xã Hải Ninh'),
(6176, 333, 'Xã Hàm Ninh'),
(6177, 333, 'Xã Duy Ninh'),
(6178, 333, 'Xã Gia Ninh'),
(6179, 333, 'Xã Trường Xuân'),
(6180, 333, 'Xã Hiền Ninh'),
(6181, 333, 'Xã Tân Ninh'),
(6182, 333, 'Xã Xuân Ninh'),
(6183, 333, 'Xã An Ninh'),
(6184, 333, 'Xã Vạn Ninh'),
(6185, 334, 'Thị trấn NT Lệ Ninh'),
(6186, 334, 'Thị trấn Kiến Giang'),
(6187, 334, 'Xã Hồng Thủy'),
(6188, 334, 'Xã Ngư Thủy Bắc'),
(6189, 334, 'Xã Hoa Thủy'),
(6190, 334, 'Xã Thanh Thủy'),
(6191, 334, 'Xã An Thủy'),
(6192, 334, 'Xã Phong Thủy'),
(6193, 334, 'Xã Cam Thủy'),
(6194, 334, 'Xã Ngân Thủy'),
(6195, 334, 'Xã Sơn Thủy'),
(6196, 334, 'Xã Lộc Thủy'),
(6197, 334, 'Xã Liên Thủy'),
(6198, 334, 'Xã Hưng Thủy'),
(6199, 334, 'Xã Dương Thủy'),
(6200, 334, 'Xã Tân Thủy'),
(6201, 334, 'Xã Phú Thủy'),
(6202, 334, 'Xã Xuân Thủy'),
(6203, 334, 'Xã Mỹ Thủy'),
(6204, 334, 'Xã Ngư Thủy'),
(6205, 334, 'Xã Mai Thủy'),
(6206, 334, 'Xã Sen Thủy'),
(6207, 334, 'Xã Thái Thủy'),
(6208, 334, 'Xã Kim Thủy'),
(6209, 334, 'Xã Trường Thủy'),
(6210, 334, 'Xã Lâm Thủy'),
(6211, 335, 'Phường Ba Đồn'),
(6212, 335, 'Phường Quảng Long'),
(6213, 335, 'Phường Quảng Thọ'),
(6214, 335, 'Xã Quảng Tiên'),
(6215, 335, 'Xã Quảng Trung'),
(6216, 335, 'Phường Quảng Phong'),
(6217, 335, 'Phường Quảng Thuận'),
(6218, 335, 'Xã Quảng Tân'),
(6219, 335, 'Xã Quảng Hải'),
(6220, 335, 'Xã Quảng Sơn'),
(6221, 335, 'Xã Quảng Lộc'),
(6222, 335, 'Xã Quảng Thủy'),
(6223, 335, 'Xã Quảng Văn'),
(6224, 335, 'Phường Quảng Phúc'),
(6225, 335, 'Xã Quảng Hòa'),
(6226, 335, 'Xã Quảng Minh'),
(6227, 336, 'Phường Đông Giang'),
(6228, 336, 'Phường 1'),
(6229, 336, 'Phường Đông Lễ'),
(6230, 336, 'Phường Đông Thanh'),
(6231, 336, 'Phường 2'),
(6232, 336, 'Phường 4'),
(6233, 336, 'Phường 5'),
(6234, 336, 'Phường Đông Lương'),
(6235, 336, 'Phường 3'),
(6236, 337, 'Phường 1'),
(6237, 337, 'Phường An Đôn'),
(6238, 337, 'Phường 2'),
(6239, 337, 'Phường 3'),
(6240, 337, 'Xã Hải Lệ'),
(6241, 338, 'Thị trấn Hồ Xá'),
(6242, 338, 'Thị trấn Bến Quan'),
(6243, 338, 'Xã Vĩnh Thái'),
(6244, 338, 'Xã Vĩnh Tú'),
(6245, 338, 'Xã Vĩnh Chấp'),
(6246, 338, 'Xã Trung Nam'),
(6247, 338, 'Xã Kim Thạch'),
(6248, 338, 'Xã Vĩnh Long'),
(6249, 338, 'Xã Vĩnh Khê'),
(6250, 338, 'Xã Vĩnh Hòa'),
(6251, 338, 'Xã Vĩnh Thủy'),
(6252, 338, 'Xã Vĩnh Lâm'),
(6253, 338, 'Xã Hiền Thành'),
(6254, 338, 'Thị trấn Cửa Tùng'),
(6255, 338, 'Xã Vĩnh Hà'),
(6256, 338, 'Xã Vĩnh Sơn'),
(6257, 338, 'Xã Vĩnh Giang'),
(6258, 338, 'Xã Vĩnh Ô'),
(6259, 339, 'Thị trấn Khe Sanh'),
(6260, 339, 'Thị trấn Lao Bảo'),
(6261, 339, 'Xã Hướng Lập'),
(6262, 339, 'Xã Hướng Việt'),
(6263, 339, 'Xã Hướng Phùng'),
(6264, 339, 'Xã Hướng Sơn'),
(6265, 339, 'Xã Hướng Linh'),
(6266, 339, 'Xã Tân Hợp'),
(6267, 339, 'Xã Hướng Tân'),
(6268, 339, 'Xã Tân Thành'),
(6269, 339, 'Xã Tân Long'),
(6270, 339, 'Xã Tân Lập'),
(6271, 339, 'Xã Tân Liên'),
(6272, 339, 'Xã Húc'),
(6273, 339, 'Xã Thuận'),
(6274, 339, 'Xã Hướng Lộc'),
(6275, 339, 'Xã Ba Tầng'),
(6276, 339, 'Xã Thanh'),
(6277, 339, 'Xã  A Dơi'),
(6278, 339, 'Xã Lìa'),
(6279, 339, 'Xã Xy'),
(6280, 340, 'Thị trấn Gio Linh'),
(6281, 340, 'Thị trấn Cửa Việt'),
(6282, 340, 'Xã Trung Giang'),
(6283, 340, 'Xã Trung Hải'),
(6284, 340, 'Xã Trung Sơn'),
(6285, 340, 'Xã Phong Bình'),
(6286, 340, 'Xã Gio Mỹ'),
(6287, 340, 'Xã Gio Hải'),
(6288, 340, 'Xã Gio An'),
(6289, 340, 'Xã Gio Châu'),
(6290, 340, 'Xã Gio Việt'),
(6291, 340, 'Xã Linh Trường'),
(6292, 340, 'Xã Gio Sơn'),
(6293, 340, 'Xã Gio Mai'),
(6294, 340, 'Xã Hải Thái'),
(6295, 340, 'Xã Linh Hải'),
(6296, 340, 'Xã Gio Quang'),
(6297, 341, 'Thị trấn Krông Klang'),
(6298, 341, 'Xã Mò Ó'),
(6299, 341, 'Xã Hướng Hiệp'),
(6300, 341, 'Xã Đa Krông'),
(6301, 341, 'Xã Triệu Nguyên'),
(6302, 341, 'Xã Ba Lòng'),
(6303, 341, 'Xã Ba Nang'),
(6304, 341, 'Xã Tà Long'),
(6305, 341, 'Xã Húc Nghì'),
(6306, 341, 'Xã A Vao'),
(6307, 341, 'Xã Tà Rụt'),
(6308, 341, 'Xã A Bung'),
(6309, 341, 'Xã A Ngo'),
(6310, 342, 'Thị trấn Cam Lộ'),
(6311, 342, 'Xã Cam Tuyền'),
(6312, 342, 'Xã Thanh An'),
(6313, 342, 'Xã Cam Thủy'),
(6314, 342, 'Xã Cam Thành'),
(6315, 342, 'Xã Cam Hiếu'),
(6316, 342, 'Xã Cam Chính'),
(6317, 342, 'Xã Cam Nghĩa'),
(6318, 343, 'Thị Trấn Ái Tử'),
(6319, 343, 'Xã Triệu An'),
(6320, 343, 'Xã Triệu Vân'),
(6321, 343, 'Xã Triệu Phước'),
(6322, 343, 'Xã Triệu Độ'),
(6323, 343, 'Xã Triệu Trạch'),
(6324, 343, 'Xã Triệu Thuận'),
(6325, 343, 'Xã Triệu Đại'),
(6326, 343, 'Xã Triệu Hòa'),
(6327, 343, 'Xã Triệu Lăng'),
(6328, 343, 'Xã Triệu Sơn'),
(6329, 343, 'Xã Triệu Long'),
(6330, 343, 'Xã Triệu Tài'),
(6331, 343, 'Xã Triệu Trung'),
(6332, 343, 'Xã Triệu Ái'),
(6333, 343, 'Xã Triệu Thượng'),
(6334, 343, 'Xã Triệu Giang'),
(6335, 343, 'Xã Triệu Thành'),
(6336, 344, 'Thị trấn Diên Sanh'),
(6337, 344, 'Xã Hải An'),
(6338, 344, 'Xã Hải Ba'),
(6339, 344, 'Xã Hải Quy'),
(6340, 344, 'Xã Hải Quế'),
(6341, 344, 'Xã Hải Hưng'),
(6342, 344, 'Xã Hải Phú'),
(6343, 344, 'Xã Hải Thượng'),
(6344, 344, 'Xã Hải Dương'),
(6345, 344, 'Xã Hải Định'),
(6346, 344, 'Xã Hải Lâm'),
(6347, 344, 'Xã Hải Phong'),
(6348, 344, 'Xã Hải Trường'),
(6349, 344, 'Xã Hải Sơn'),
(6350, 344, 'Xã Hải Chánh'),
(6351, 344, 'Xã Hải Khê'),
(6352, 490, 'Phường 7'),
(6353, 490, 'Phường 8'),
(6354, 490, 'Phường 12'),
(6355, 490, 'Phường 9'),
(6356, 490, 'Phường 2'),
(6357, 490, 'Phường 1'),
(6358, 490, 'Phường 6'),
(6359, 490, 'Phường 5'),
(6360, 490, 'Phường 4'),
(6361, 490, 'Phường 10'),
(6362, 490, 'Phường 11'),
(6363, 490, 'Phường 3'),
(6364, 490, 'Xã Xuân Thọ'),
(6365, 490, 'Xã Tà Nung'),
(6366, 490, 'Xã Trạm Hành'),
(6367, 490, 'Xã Xuân Trường'),
(6368, 491, 'Phường Lộc Phát'),
(6369, 491, 'Phường Lộc Tiến'),
(6370, 491, 'Phường 2'),
(6371, 491, 'Phường 1'),
(6372, 491, 'Phường B\'lao'),
(6373, 491, 'Phường Lộc Sơn'),
(6374, 491, 'Xã Đạm Bri'),
(6375, 491, 'Xã Lộc Thanh'),
(6376, 491, 'Xã Lộc Nga'),
(6377, 491, 'Xã Lộc Châu'),
(6378, 491, 'Xã Đại Lào'),
(6379, 492, 'Xã Đạ Tông'),
(6380, 492, 'Xã Đạ Long'),
(6381, 492, 'Xã Đạ M\' Rong'),
(6382, 492, 'Xã Liêng Srônh'),
(6383, 492, 'Xã Đạ Rsal'),
(6384, 492, 'Xã Rô Men'),
(6385, 492, 'Xã Phi Liêng'),
(6386, 492, 'Xã Đạ K\' Nàng'),
(6387, 493, 'Thị trấn Lạc Dương'),
(6388, 493, 'Xã Đạ Chais'),
(6389, 493, 'Xã Đạ Nhim'),
(6390, 493, 'Xã Đưng KNớ'),
(6391, 493, 'Xã Lát'),
(6392, 493, 'Xã Đạ Sar'),
(6393, 494, 'Thị trấn Nam Ban'),
(6394, 494, 'Thị trấn Đinh Văn'),
(6395, 494, 'Xã Phú Sơn'),
(6396, 494, 'Xã Phi Tô'),
(6397, 494, 'Xã Mê Linh'),
(6398, 494, 'Xã Đạ Đờn'),
(6399, 494, 'Xã Phúc Thọ'),
(6400, 494, 'Xã Đông Thanh'),
(6401, 494, 'Xã Gia Lâm'),
(6402, 494, 'Xã Tân Thanh'),
(6403, 494, 'Xã Tân Văn'),
(6404, 494, 'Xã Hoài Đức'),
(6405, 494, 'Xã Tân Hà'),
(6406, 494, 'Xã Liên Hà'),
(6407, 494, 'Xã Đan Phượng'),
(6408, 494, 'Xã Nam Hà'),
(6409, 495, 'Thị trấn D\'Ran'),
(6410, 495, 'Thị trấn Thạnh Mỹ'),
(6411, 495, 'Xã Lạc Xuân'),
(6412, 495, 'Xã Đạ Ròn'),
(6413, 495, 'Xã Lạc Lâm'),
(6414, 495, 'Xã Ka Đô'),
(6415, 495, 'Xã Quảng Lập'),
(6416, 495, 'Xã Ka Đơn'),
(6417, 495, 'Xã Tu Tra'),
(6418, 495, 'Xã Pró'),
(6419, 496, 'Thị trấn Liên Nghĩa'),
(6420, 496, 'Xã Hiệp An'),
(6421, 496, 'Xã Liên Hiệp'),
(6422, 496, 'Xã Hiệp Thạnh'),
(6423, 496, 'Xã Bình Thạnh'),
(6424, 496, 'Xã N\'Thol Hạ'),
(6425, 496, 'Xã Tân Hội'),
(6426, 496, 'Xã Tân Thành'),
(6427, 496, 'Xã Phú Hội'),
(6428, 496, 'Xã Ninh Gia'),
(6429, 496, 'Xã Tà Năng'),
(6430, 496, 'Xã Đa Quyn'),
(6431, 496, 'Xã Tà Hine'),
(6432, 496, 'Xã Đà Loan'),
(6433, 496, 'Xã Ninh Loan'),
(6434, 497, 'Thị trấn Di Linh'),
(6435, 497, 'Xã Đinh Trang Thượng'),
(6436, 497, 'Xã Tân Thượng'),
(6437, 497, 'Xã Tân Lâm'),
(6438, 497, 'Xã Tân Châu'),
(6439, 497, 'Xã Tân Nghĩa'),
(6440, 497, 'Xã Gia Hiệp'),
(6441, 497, 'Xã Đinh Lạc'),
(6442, 497, 'Xã Tam Bố'),
(6443, 497, 'Xã Đinh Trang Hòa'),
(6444, 497, 'Xã Liên Đầm'),
(6445, 497, 'Xã Gung Ré'),
(6446, 497, 'Xã Bảo Thuận'),
(6447, 497, 'Xã Hòa Ninh'),
(6448, 497, 'Xã Hòa Trung'),
(6449, 497, 'Xã Hòa Nam'),
(6450, 497, 'Xã Hòa Bắc'),
(6451, 497, 'Xã Sơn Điền'),
(6452, 497, 'Xã Gia Bắc'),
(6453, 498, 'Thị trấn Lộc Thắng'),
(6454, 498, 'Xã Lộc Bảo'),
(6455, 498, 'Xã Lộc Lâm'),
(6456, 498, 'Xã Lộc Phú'),
(6457, 498, 'Xã Lộc Bắc'),
(6458, 498, 'Xã B\' Lá'),
(6459, 498, 'Xã Lộc Ngãi'),
(6460, 498, 'Xã Lộc Quảng'),
(6461, 498, 'Xã Lộc Tân'),
(6462, 498, 'Xã Lộc Đức'),
(6463, 498, 'Xã Lộc An'),
(6464, 498, 'Xã Tân Lạc'),
(6465, 498, 'Xã Lộc Thành'),
(6466, 498, 'Xã Lộc Nam'),
(6467, 499, 'Thị trấn Đạ M\'ri'),
(6468, 499, 'Thị trấn Ma Đa Guôi'),
(6469, 499, 'Xã Hà Lâm'),
(6470, 499, 'Xã Đạ Tồn'),
(6471, 499, 'Xã Đạ Oai'),
(6472, 499, 'Xã Đạ Ploa'),
(6473, 499, 'Xã Ma Đa Guôi'),
(6474, 499, 'Xã Đoàn Kết'),
(6475, 499, 'Xã Phước Lộc'),
(6476, 500, 'Thị trấn Đạ Tẻh'),
(6477, 500, 'Xã An Nhơn'),
(6478, 500, 'Xã Quốc Oai'),
(6479, 500, 'Xã Mỹ Đức'),
(6480, 500, 'Xã Quảng Trị'),
(6481, 500, 'Xã Đạ Lây'),
(6482, 500, 'Xã Triệu Hải'),
(6483, 500, 'Xã Đạ Kho'),
(6484, 500, 'Xã Đạ Pal'),
(6485, 501, 'Thị trấn Cát Tiên'),
(6486, 501, 'Xã Tiên Hoàng'),
(6487, 501, 'Xã Phước Cát 2'),
(6488, 501, 'Xã Gia Viễn'),
(6489, 501, 'Xã Nam Ninh'),
(6490, 501, 'Thị trấn Phước Cát'),
(6491, 501, 'Xã Đức Phổ'),
(6492, 501, 'Xã Quảng Ngãi'),
(6493, 501, 'Xã Đồng Nai Thượng'),
(6494, 502, 'Phường Thác Mơ'),
(6495, 502, 'Phường Long Thủy'),
(6496, 502, 'Phường Phước Bình'),
(6497, 502, 'Phường Long Phước'),
(6498, 502, 'Phường Sơn Giang'),
(6499, 502, 'Xã Long Giang'),
(6500, 502, 'Xã Phước Tín'),
(6501, 503, 'Phường Tân Phú'),
(6502, 503, 'Phường Tân Đồng'),
(6503, 503, 'Phường Tân Bình'),
(6504, 503, 'Phường Tân Xuân'),
(6505, 503, 'Phường Tân Thiện'),
(6506, 503, 'Xã Tân Thành'),
(6507, 503, 'Phường Tiến Thành'),
(6508, 503, 'Xã Tiến Hưng'),
(6509, 504, 'Phường Hưng Chiến'),
(6510, 504, 'Phường An Lộc'),
(6511, 504, 'Phường Phú Thịnh'),
(6512, 504, 'Phường Phú Đức'),
(6513, 504, 'Xã Thanh Lương'),
(6514, 504, 'Xã Thanh Phú'),
(6515, 505, 'Xã Bù Gia Mập'),
(6516, 505, 'Xã Đak Ơ'),
(6517, 505, 'Xã Đức Hạnh'),
(6518, 505, 'Xã Phú Văn'),
(6519, 505, 'Xã Đa Kia'),
(6520, 505, 'Xã Phước Minh'),
(6521, 505, 'Xã Bình Thắng'),
(6522, 505, 'Xã Phú Nghĩa'),
(6523, 506, 'Thị trấn Lộc Ninh'),
(6524, 506, 'Xã Lộc Hòa'),
(6525, 506, 'Xã Lộc An'),
(6526, 506, 'Xã Lộc Tấn'),
(6527, 506, 'Xã Lộc Thạnh'),
(6528, 506, 'Xã Lộc Hiệp'),
(6529, 506, 'Xã Lộc Thiện'),
(6530, 506, 'Xã Lộc Thuận'),
(6531, 506, 'Xã Lộc Quang'),
(6532, 506, 'Xã Lộc Phú'),
(6533, 506, 'Xã Lộc Thái'),
(6534, 506, 'Xã Lộc Điền'),
(6535, 506, 'Xã Lộc Hưng'),
(6536, 506, 'Xã Lộc Thịnh'),
(6537, 506, 'Xã Lộc Khánh'),
(6538, 507, 'Thị trấn Thanh Bình'),
(6539, 507, 'Xã Hưng Phước'),
(6540, 507, 'Xã Phước Thiện'),
(6541, 507, 'Xã Thiện Hưng'),
(6542, 507, 'Xã Thanh Hòa'),
(6543, 507, 'Xã Tân Thành'),
(6544, 507, 'Xã Tân Tiến'),
(6545, 508, 'Xã Thanh An'),
(6546, 508, 'Xã An Khương'),
(6547, 508, 'Xã An Phú'),
(6548, 508, 'Xã Tân Lợi'),
(6549, 508, 'Xã Tân Hưng'),
(6550, 508, 'Xã Minh Đức'),
(6551, 508, 'Xã Minh Tâm'),
(6552, 508, 'Xã Phước An'),
(6553, 508, 'Xã Thanh Bình'),
(6554, 508, 'Thị trấn Tân Khai'),
(6555, 508, 'Xã Đồng Nơ'),
(6556, 508, 'Xã Tân Hiệp'),
(6557, 508, 'Xã Tân Quan'),
(6558, 509, 'Thị trấn Tân Phú'),
(6559, 509, 'Xã Thuận Lợi'),
(6560, 509, 'Xã Đồng Tâm'),
(6561, 509, 'Xã Tân Phước'),
(6562, 509, 'Xã Tân Hưng'),
(6563, 509, 'Xã Tân Lợi'),
(6564, 509, 'Xã Tân Lập'),
(6565, 509, 'Xã Tân Hòa'),
(6566, 509, 'Xã Thuận Phú'),
(6567, 509, 'Xã Đồng Tiến'),
(6568, 509, 'Xã Tân Tiến'),
(6569, 510, 'Thị trấn Đức Phong'),
(6570, 510, 'Xã Đường 10'),
(6571, 510, 'Xã Đak Nhau'),
(6572, 510, 'Xã Phú Sơn'),
(6573, 510, 'Xã Thọ Sơn'),
(6574, 510, 'Xã Bình Minh'),
(6575, 510, 'Xã Bom Bo'),
(6576, 510, 'Xã Minh Hưng'),
(6577, 510, 'Xã Đoàn Kết'),
(6578, 510, 'Xã Đồng Nai'),
(6579, 510, 'Xã Đức Liễu'),
(6580, 510, 'Xã Thống Nhất'),
(6581, 510, 'Xã Nghĩa Trung'),
(6582, 510, 'Xã Nghĩa Bình'),
(6583, 510, 'Xã Đăng Hà'),
(6584, 510, 'Xã Phước Sơn'),
(6585, 511, 'Thị trấn Chơn Thành'),
(6586, 511, 'Xã Thành Tâm'),
(6587, 511, 'Xã Minh Lập'),
(6588, 511, 'Xã Quang Minh'),
(6589, 511, 'Xã Minh Hưng'),
(6590, 511, 'Xã Minh Long'),
(6591, 511, 'Xã Minh Thành'),
(6592, 511, 'Xã Nha Bích'),
(6593, 511, 'Xã Minh Thắng'),
(6594, 512, 'Xã Long Bình'),
(6595, 512, 'Xã Bình Tân'),
(6596, 512, 'Xã Bình Sơn'),
(6597, 512, 'Xã Long Hưng'),
(6598, 512, 'Xã Phước Tân'),
(6599, 512, 'Xã Bù Nho'),
(6600, 512, 'Xã Long Hà'),
(6601, 512, 'Xã Long Tân'),
(6602, 512, 'Xã Phú Trung'),
(6603, 512, 'Xã Phú Riềng'),
(6604, 513, 'Phường 1'),
(6605, 513, 'Phường 3'),
(6606, 513, 'Phường 4'),
(6607, 513, 'Phường Hiệp Ninh'),
(6608, 513, 'Phường 2'),
(6609, 513, 'Xã Thạnh Tân'),
(6610, 513, 'Xã Tân Bình'),
(6611, 513, 'Xã Bình Minh'),
(6612, 513, 'Phường Ninh Sơn'),
(6613, 513, 'Phường Ninh Thạnh'),
(6614, 514, 'Thị trấn Tân Biên'),
(6615, 514, 'Xã Tân Lập'),
(6616, 514, 'Xã Thạnh Bắc'),
(6617, 514, 'Xã Tân Bình'),
(6618, 514, 'Xã Thạnh Bình'),
(6619, 514, 'Xã Thạnh Tây'),
(6620, 514, 'Xã Hòa Hiệp'),
(6621, 514, 'Xã Tân Phong'),
(6622, 514, 'Xã Mỏ Công'),
(6623, 514, 'Xã Trà Vong'),
(6624, 515, 'Thị trấn Tân Châu'),
(6625, 515, 'Xã Tân Hà'),
(6626, 515, 'Xã Tân Đông'),
(6627, 515, 'Xã Tân Hội'),
(6628, 515, 'Xã Tân Hòa'),
(6629, 515, 'Xã Suối Ngô'),
(6630, 515, 'Xã Suối Dây'),
(6631, 515, 'Xã Tân Hiệp'),
(6632, 515, 'Xã Thạnh Đông'),
(6633, 515, 'Xã Tân Thành'),
(6634, 515, 'Xã Tân Phú'),
(6635, 515, 'Xã Tân Hưng'),
(6636, 516, 'Thị trấn Dương Minh Châu'),
(6637, 516, 'Xã Suối Đá'),
(6638, 516, 'Xã Phan'),
(6639, 516, 'Xã Phước Ninh'),
(6640, 516, 'Xã Phước Minh'),
(6641, 516, 'Xã Bàu Năng'),
(6642, 516, 'Xã Chà Là'),
(6643, 516, 'Xã Cầu Khởi'),
(6644, 516, 'Xã Bến Củi'),
(6645, 516, 'Xã Lộc Ninh'),
(6646, 516, 'Xã Truông Mít'),
(6647, 517, 'Thị trấn Châu Thành'),
(6648, 517, 'Xã Hảo Đước'),
(6649, 517, 'Xã Phước Vinh'),
(6650, 517, 'Xã Đồng Khởi'),
(6651, 517, 'Xã Thái Bình'),
(6652, 517, 'Xã An Cơ'),
(6653, 517, 'Xã Biên Giới'),
(6654, 517, 'Xã Hòa Thạnh'),
(6655, 517, 'Xã Trí Bình'),
(6656, 517, 'Xã Hòa Hội'),
(6657, 517, 'Xã An Bình'),
(6658, 517, 'Xã Thanh Điền'),
(6659, 517, 'Xã Thành Long'),
(6660, 517, 'Xã Ninh Điền'),
(6661, 517, 'Xã Long Vĩnh'),
(6662, 518, 'Phường Long Hoa'),
(6663, 518, 'Phường Hiệp Tân'),
(6664, 518, 'Phường Long Thành Bắc'),
(6665, 518, 'Xã Trường Hòa'),
(6666, 518, 'Xã Trường Đông'),
(6667, 518, 'Phường Long Thành Trung'),
(6668, 518, 'Xã Trường Tây'),
(6669, 518, 'Xã Long Thành Nam'),
(6670, 519, 'Thị trấn Gò Dầu'),
(6671, 519, 'Xã Thạnh Đức'),
(6672, 519, 'Xã Cẩm Giang'),
(6673, 519, 'Xã Hiệp Thạnh'),
(6674, 519, 'Xã Bàu Đồn'),
(6675, 519, 'Xã Phước Thạnh'),
(6676, 519, 'Xã Phước Đông'),
(6677, 519, 'Xã Phước Trạch'),
(6678, 519, 'Xã Thanh Phước'),
(6679, 520, 'Thị trấn Bến Cầu'),
(6680, 520, 'Xã Long Chữ'),
(6681, 520, 'Xã Long Phước'),
(6682, 520, 'Xã Long Giang'),
(6683, 520, 'Xã Tiên Thuận'),
(6684, 520, 'Xã Long Khánh'),
(6685, 520, 'Xã Lợi Thuận'),
(6686, 520, 'Xã Long Thuận'),
(6687, 520, 'Xã An Thạnh'),
(6688, 521, 'Phường Trảng Bàng'),
(6689, 521, 'Xã Đôn Thuận'),
(6690, 521, 'Xã Hưng Thuận'),
(6691, 521, 'Phường Lộc Hưng'),
(6692, 521, 'Phường Gia Lộc'),
(6693, 521, 'Phường Gia Bình'),
(6694, 521, 'Xã Phước Bình'),
(6695, 521, 'Phường An Tịnh'),
(6696, 521, 'Phường An Hòa'),
(6697, 521, 'Xã Phước Chỉ'),
(6698, 522, 'Phường Hiệp Thành'),
(6699, 522, 'Phường Phú Lợi'),
(6700, 522, 'Phường Phú Cường'),
(6701, 522, 'Phường Phú Hòa'),
(6702, 522, 'Phường Phú Thọ'),
(6703, 522, 'Phường Chánh Nghĩa'),
(6704, 522, 'Phường Định Hoà'),
(6705, 522, 'Phường Hoà Phú'),
(6706, 522, 'Phường Phú Mỹ'),
(6707, 522, 'Phường Phú Tân'),
(6708, 522, 'Phường Tân An'),
(6709, 522, 'Phường Hiệp An'),
(6710, 522, 'Phường Tương Bình Hiệp'),
(6711, 522, 'Phường Chánh Mỹ'),
(6712, 523, 'Xã Trừ Văn Thố'),
(6713, 523, 'Xã Cây Trường II'),
(6714, 523, 'Thị trấn Lai Uyên'),
(6715, 523, 'Xã Tân Hưng'),
(6716, 523, 'Xã Long Nguyên'),
(6717, 523, 'Xã Hưng Hòa'),
(6718, 523, 'Xã Lai Hưng'),
(6719, 524, 'Thị trấn Dầu Tiếng'),
(6720, 524, 'Xã Minh Hoà'),
(6721, 524, 'Xã Minh Thạnh'),
(6722, 524, 'Xã Minh Tân'),
(6723, 524, 'Xã Định An'),
(6724, 524, 'Xã Long Hoà'),
(6725, 524, 'Xã Định Thành'),
(6726, 524, 'Xã Định Hiệp'),
(6727, 524, 'Xã An Lập'),
(6728, 524, 'Xã Long Tân'),
(6729, 524, 'Xã Thanh An'),
(6730, 524, 'Xã Thanh Tuyền'),
(6731, 525, 'Phường Mỹ Phước'),
(6732, 525, 'Phường Chánh Phú Hòa'),
(6733, 525, 'Xã An Điền'),
(6734, 525, 'Xã An Tây'),
(6735, 525, 'Phường Thới Hòa'),
(6736, 525, 'Phường Hòa Lợi'),
(6737, 525, 'Phường Tân Định'),
(6738, 525, 'Xã Phú An'),
(6739, 526, 'Thị trấn Phước Vĩnh'),
(6740, 526, 'Xã An Linh'),
(6741, 526, 'Xã Phước Sang'),
(6742, 526, 'Xã An Thái'),
(6743, 526, 'Xã An Long'),
(6744, 526, 'Xã An Bình'),
(6745, 526, 'Xã Tân Hiệp'),
(6746, 526, 'Xã Tam Lập'),
(6747, 526, 'Xã Tân Long'),
(6748, 526, 'Xã Vĩnh Hoà'),
(6749, 526, 'Xã Phước Hoà'),
(6750, 527, 'Phường Uyên Hưng'),
(6751, 527, 'Phường Tân Phước Khánh'),
(6752, 527, 'Phường Vĩnh Tân'),
(6753, 527, 'Phường Hội Nghĩa'),
(6754, 527, 'Phường Tân Hiệp'),
(6755, 527, 'Phường Khánh Bình'),
(6756, 527, 'Phường Phú Chánh'),
(6757, 527, 'Xã Bạch Đằng'),
(6758, 527, 'Phường Tân Vĩnh Hiệp'),
(6759, 527, 'Phường Thạnh Phước'),
(6760, 527, 'Xã Thạnh Hội'),
(6761, 527, 'Phường Thái Hòa'),
(6762, 528, 'Phường Dĩ An'),
(6763, 528, 'Phường Tân Bình'),
(6764, 528, 'Phường Tân Đông Hiệp'),
(6765, 528, 'Phường Bình An'),
(6766, 528, 'Phường Bình Thắng'),
(6767, 528, 'Phường Đông Hòa'),
(6768, 528, 'Phường An Bình'),
(6769, 529, 'Phường An Thạnh'),
(6770, 529, 'Phường Lái Thiêu'),
(6771, 529, 'Phường Bình Chuẩn'),
(6772, 529, 'Phường Thuận Giao'),
(6773, 529, 'Phường An Phú'),
(6774, 529, 'Phường Hưng Định'),
(6775, 529, 'Xã An Sơn'),
(6776, 529, 'Phường Bình Nhâm'),
(6777, 529, 'Phường Bình Hòa'),
(6778, 529, 'Phường Vĩnh Phú'),
(6779, 530, 'Xã Tân Định'),
(6780, 530, 'Xã Bình Mỹ'),
(6781, 530, 'Thị trấn Tân Bình'),
(6782, 530, 'Xã Tân Lập'),
(6783, 530, 'Thị trấn Tân Thành'),
(6784, 530, 'Xã Đất Cuốc'),
(6785, 530, 'Xã Hiếu Liêm'),
(6786, 530, 'Xã Lạc An'),
(6787, 530, 'Xã Tân Mỹ'),
(6788, 530, 'Xã Thường Tân'),
(6789, 531, 'Phường Trảng Dài'),
(6790, 531, 'Phường Tân Phong'),
(6791, 531, 'Phường Tân Biên'),
(6792, 531, 'Phường Hố Nai'),
(6793, 531, 'Phường Tân Hòa'),
(6794, 531, 'Phường Tân Hiệp'),
(6795, 531, 'Phường Bửu Long'),
(6796, 531, 'Phường Tân Tiến'),
(6797, 531, 'Phường Tam Hiệp'),
(6798, 531, 'Phường Long Bình'),
(6799, 531, 'Phường Quang Vinh'),
(6800, 531, 'Phường Tân Mai'),
(6801, 531, 'Phường Thống Nhất'),
(6802, 531, 'Phường Trung Dũng'),
(6803, 531, 'Phường Tam Hòa'),
(6804, 531, 'Phường Hòa Bình'),
(6805, 531, 'Phường Quyết Thắng'),
(6806, 531, 'Phường Thanh Bình'),
(6807, 531, 'Phường Bình Đa'),
(6808, 531, 'Phường An Bình'),
(6809, 531, 'Phường Bửu Hòa'),
(6810, 531, 'Phường Long Bình Tân'),
(6811, 531, 'Phường Tân Vạn'),
(6812, 531, 'Phường Tân Hạnh'),
(6813, 531, 'Phường Hiệp Hòa'),
(6814, 531, 'Phường Hóa An'),
(6815, 531, 'Phường An Hòa'),
(6816, 531, 'Phường Tam Phước'),
(6817, 531, 'Phường Phước Tân'),
(6818, 531, 'Xã Long Hưng'),
(6819, 532, 'Phường Xuân Trung'),
(6820, 532, 'Phường Xuân Thanh'),
(6821, 532, 'Phường Xuân Bình'),
(6822, 532, 'Phường Xuân An'),
(6823, 532, 'Phường Xuân Hoà'),
(6824, 532, 'Phường Phú Bình'),
(6825, 532, 'Xã Bình Lộc'),
(6826, 532, 'Xã Bảo Quang'),
(6827, 532, 'Phường Suối Tre'),
(6828, 532, 'Phường Bảo Vinh'),
(6829, 532, 'Phường Xuân Lập'),
(6830, 532, 'Phường Bàu Sen'),
(6831, 532, 'Xã Bàu Trâm'),
(6832, 532, 'Phường Xuân Tân'),
(6833, 532, 'Xã Hàng Gòn'),
(6834, 533, 'Thị trấn Tân Phú'),
(6835, 533, 'Xã Dak Lua'),
(6836, 533, 'Xã Nam Cát Tiên'),
(6837, 533, 'Xã Phú An'),
(6838, 533, 'Xã Núi Tượng'),
(6839, 533, 'Xã Tà Lài'),
(6840, 533, 'Xã Phú Lập'),
(6841, 533, 'Xã Phú Sơn'),
(6842, 533, 'Xã Phú Thịnh'),
(6843, 533, 'Xã Thanh Sơn'),
(6844, 533, 'Xã Phú Trung'),
(6845, 533, 'Xã Phú Xuân'),
(6846, 533, 'Xã Phú Lộc'),
(6847, 533, 'Xã Phú Lâm'),
(6848, 533, 'Xã Phú Bình'),
(6849, 533, 'Xã Phú Thanh'),
(6850, 533, 'Xã Trà Cổ'),
(6851, 533, 'Xã Phú Điền'),
(6852, 534, 'Thị trấn Vĩnh An'),
(6853, 534, 'Xã Phú Lý'),
(6854, 534, 'Xã Trị An'),
(6855, 534, 'Xã Tân An'),
(6856, 534, 'Xã Vĩnh Tân'),
(6857, 534, 'Xã Bình Lợi'),
(6858, 534, 'Xã Thạnh Phú'),
(6859, 534, 'Xã Thiện Tân'),
(6860, 534, 'Xã Tân Bình'),
(6861, 534, 'Xã Bình Hòa'),
(6862, 534, 'Xã Mã Đà'),
(6863, 534, 'Xã Hiếu Liêm'),
(6864, 535, 'Thị trấn Định Quán'),
(6865, 535, 'Xã Thanh Sơn'),
(6866, 535, 'Xã Phú Tân'),
(6867, 535, 'Xã Phú Vinh'),
(6868, 535, 'Xã Phú Lợi'),
(6869, 535, 'Xã Phú Hòa'),
(6870, 535, 'Xã Ngọc Định'),
(6871, 535, 'Xã La Ngà'),
(6872, 535, 'Xã Gia Canh'),
(6873, 535, 'Xã Phú Ngọc'),
(6874, 535, 'Xã Phú Cường'),
(6875, 535, 'Xã Túc Trưng'),
(6876, 535, 'Xã Phú Túc'),
(6877, 535, 'Xã Suối Nho'),
(6878, 536, 'Thị trấn Trảng Bom'),
(6879, 536, 'Xã Thanh Bình'),
(6880, 536, 'Xã Cây Gáo'),
(6881, 536, 'Xã Bàu Hàm'),
(6882, 536, 'Xã Sông Thao'),
(6883, 536, 'Xã Sông Trầu'),
(6884, 536, 'Xã Đông Hoà'),
(6885, 536, 'Xã Bắc Sơn'),
(6886, 536, 'Xã Hố Nai 3'),
(6887, 536, 'Xã Tây Hoà'),
(6888, 536, 'Xã Bình Minh'),
(6889, 536, 'Xã Trung Hoà'),
(6890, 536, 'Xã Đồi 61'),
(6891, 536, 'Xã Hưng Thịnh'),
(6892, 536, 'Xã Quảng Tiến'),
(6893, 536, 'Xã Giang Điền'),
(6894, 536, 'Xã An Viễn'),
(6895, 537, 'Xã Gia Tân 1'),
(6896, 537, 'Xã Gia Tân 2'),
(6897, 537, 'Xã Gia Tân 3'),
(6898, 537, 'Xã Gia Kiệm'),
(6899, 537, 'Xã Quang Trung'),
(6900, 537, 'Xã Bàu Hàm 2'),
(6901, 537, 'Xã Hưng Lộc'),
(6902, 537, 'Xã Lộ 25'),
(6903, 537, 'Xã Xuân Thiện'),
(6904, 537, 'Thị trấn Dầu Giây'),
(6905, 538, 'Xã Sông Nhạn'),
(6906, 538, 'Xã Xuân Quế'),
(6907, 538, 'Xã Nhân Nghĩa'),
(6908, 538, 'Xã Xuân Đường'),
(6909, 538, 'Thị trấn Long Giao'),
(6910, 538, 'Xã Xuân Mỹ'),
(6911, 538, 'Xã Thừa Đức'),
(6912, 538, 'Xã Bảo Bình'),
(6913, 538, 'Xã Xuân Bảo'),
(6914, 538, 'Xã Xuân Tây'),
(6915, 538, 'Xã Xuân Đông'),
(6916, 538, 'Xã Sông Ray'),
(6917, 538, 'Xã Lâm San'),
(6918, 539, 'Thị trấn Long Thành'),
(6919, 539, 'Xã An Phước'),
(6920, 539, 'Xã Bình An'),
(6921, 539, 'Xã Long Đức'),
(6922, 539, 'Xã Lộc An'),
(6923, 539, 'Xã Bình Sơn'),
(6924, 539, 'Xã Tam An'),
(6925, 539, 'Xã Cẩm Đường'),
(6926, 539, 'Xã Long An'),
(6927, 539, 'Xã Bàu Cạn'),
(6928, 539, 'Xã Long Phước'),
(6929, 539, 'Xã Phước Bình'),
(6930, 539, 'Xã Tân Hiệp'),
(6931, 539, 'Xã Phước Thái'),
(6932, 540, 'Thị trấn Gia Ray'),
(6933, 540, 'Xã Xuân Bắc'),
(6934, 540, 'Xã Suối Cao'),
(6935, 540, 'Xã Xuân Thành'),
(6936, 540, 'Xã Xuân Thọ'),
(6937, 540, 'Xã Xuân Trường'),
(6938, 540, 'Xã Xuân Hòa'),
(6939, 540, 'Xã Xuân Hưng'),
(6940, 540, 'Xã Xuân Tâm'),
(6941, 540, 'Xã Suối Cát'),
(6942, 540, 'Xã Xuân Hiệp'),
(6943, 540, 'Xã Xuân Phú'),
(6944, 540, 'Xã Xuân Định'),
(6945, 540, 'Xã Bảo Hoà'),
(6946, 540, 'Xã Lang Minh'),
(6947, 541, 'Xã Phước Thiền'),
(6948, 541, 'Xã Long Tân'),
(6949, 541, 'Xã Đại Phước'),
(6950, 541, 'Thị trấn Hiệp Phước'),
(6951, 541, 'Xã Phú Hữu'),
(6952, 541, 'Xã Phú Hội'),
(6953, 541, 'Xã Phú Thạnh'),
(6954, 541, 'Xã Phú Đông'),
(6955, 541, 'Xã Long Thọ'),
(6956, 541, 'Xã Vĩnh Thanh'),
(6957, 541, 'Xã Phước Khánh'),
(6958, 541, 'Xã Phước An'),
(6959, 542, 'Phường 1'),
(6960, 542, 'Phường Thắng Tam'),
(6961, 542, 'Phường 2'),
(6962, 542, 'Phường 3'),
(6963, 542, 'Phường 4'),
(6964, 542, 'Phường 5'),
(6965, 542, 'Phường Thắng Nhì'),
(6966, 542, 'Phường 7'),
(6967, 542, 'Phường Nguyễn An Ninh'),
(6968, 542, 'Phường 8'),
(6969, 542, 'Phường 9'),
(6970, 542, 'Phường Thắng Nhất'),
(6971, 542, 'Phường Rạch Dừa'),
(6972, 542, 'Phường 10'),
(6973, 542, 'Phường 11'),
(6974, 542, 'Phường 12'),
(6975, 542, 'Xã Long Sơn'),
(6976, 543, 'Phường Phước Hưng'),
(6977, 543, 'Phường Phước Hiệp'),
(6978, 543, 'Phường Phước Nguyên'),
(6979, 543, 'Phường Long Toàn'),
(6980, 543, 'Phường Long Tâm'),
(6981, 543, 'Phường Phước Trung'),
(6982, 543, 'Phường Long Hương'),
(6983, 543, 'Phường Kim Dinh'),
(6984, 543, 'Xã Tân Hưng'),
(6985, 543, 'Xã Long Phước'),
(6986, 543, 'Xã Hoà Long'),
(6987, 544, 'Xã Bàu Chinh'),
(6988, 544, 'Thị trấn Ngãi Giao'),
(6989, 544, 'Xã Bình Ba'),
(6990, 544, 'Xã Suối Nghệ'),
(6991, 544, 'Xã Xuân Sơn'),
(6992, 544, 'Xã Sơn Bình'),
(6993, 544, 'Xã Bình Giã'),
(6994, 544, 'Xã Bình Trung'),
(6995, 544, 'Xã Xà Bang'),
(6996, 544, 'Xã Cù Bị'),
(6997, 544, 'Xã Láng Lớn'),
(6998, 544, 'Xã Quảng Thành'),
(6999, 544, 'Xã Kim Long'),
(7000, 544, 'Xã Suối Rao'),
(7001, 544, 'Xã Đá Bạc'),
(7002, 544, 'Xã Nghĩa Thành'),
(7003, 545, 'Thị trấn Phước Bửu'),
(7004, 545, 'Xã Phước Thuận'),
(7005, 545, 'Xã Phước Tân'),
(7006, 545, 'Xã Xuyên Mộc'),
(7007, 545, 'Xã Bông Trang'),
(7008, 545, 'Xã Tân Lâm'),
(7009, 545, 'Xã Bàu Lâm'),
(7010, 545, 'Xã Hòa Bình'),
(7011, 545, 'Xã Hòa Hưng'),
(7012, 545, 'Xã Hòa Hiệp'),
(7013, 545, 'Xã Hòa Hội'),
(7014, 545, 'Xã Bưng Riềng'),
(7015, 545, 'Xã Bình Châu'),
(7016, 546, 'Thị trấn Long Điền'),
(7017, 546, 'Thị trấn Long Hải'),
(7018, 546, 'Xã An Ngãi'),
(7019, 546, 'Xã Tam Phước'),
(7020, 546, 'Xã An Nhứt'),
(7021, 546, 'Xã Phước Tỉnh'),
(7022, 546, 'Xã Phước Hưng'),
(7023, 547, 'Thị trấn Đất Đỏ'),
(7024, 547, 'Xã Phước Long Thọ'),
(7025, 547, 'Xã Phước Hội'),
(7026, 547, 'Xã Long Mỹ'),
(7027, 547, 'Thị trấn Phước Hải'),
(7028, 547, 'Xã Long Tân'),
(7029, 547, 'Xã Láng Dài'),
(7030, 547, 'Xã Lộc An'),
(7031, 548, 'Phường Phú Mỹ'),
(7032, 548, 'Xã Tân Hoà'),
(7033, 548, 'Xã Tân Hải'),
(7034, 548, 'Phường Phước Hoà'),
(7035, 548, 'Phường Tân Phước'),
(7036, 548, 'Phường Mỹ Xuân'),
(7037, 548, 'Xã Sông Xoài'),
(7038, 548, 'Phường Hắc Dịch'),
(7039, 548, 'Xã Châu Pha'),
(7040, 548, 'Xã Tóc Tiên'),
(7041, 549, ''),
(7042, 550, 'Phường Tân Định'),
(7043, 550, 'Phường Đa Kao'),
(7044, 550, 'Phường Bến Nghé'),
(7045, 550, 'Phường Bến Thành'),
(7046, 550, 'Phường Nguyễn Thái Bình'),
(7047, 550, 'Phường Phạm Ngũ Lão'),
(7048, 550, 'Phường Cầu Ông Lãnh'),
(7049, 550, 'Phường Cô Giang'),
(7050, 550, 'Phường Nguyễn Cư Trinh'),
(7051, 550, 'Phường Cầu Kho'),
(7052, 551, 'Phường Thạnh Xuân'),
(7053, 551, 'Phường Thạnh Lộc'),
(7054, 551, 'Phường Hiệp Thành'),
(7055, 551, 'Phường Thới An'),
(7056, 551, 'Phường Tân Chánh Hiệp'),
(7057, 551, 'Phường An Phú Đông'),
(7058, 551, 'Phường Tân Thới Hiệp'),
(7059, 551, 'Phường Trung Mỹ Tây'),
(7060, 551, 'Phường Tân Hưng Thuận'),
(7061, 551, 'Phường Đông Hưng Thuận'),
(7062, 551, 'Phường Tân Thới Nhất'),
(7063, 552, 'Phường 15'),
(7064, 552, 'Phường 13'),
(7065, 552, 'Phường 17'),
(7066, 552, 'Phường 6'),
(7067, 552, 'Phường 16'),
(7068, 552, 'Phường 12'),
(7069, 552, 'Phường 14'),
(7070, 552, 'Phường 10'),
(7071, 552, 'Phường 05'),
(7072, 552, 'Phường 07'),
(7073, 552, 'Phường 04'),
(7074, 552, 'Phường 01'),
(7075, 552, 'Phường 9'),
(7076, 552, 'Phường 8'),
(7077, 552, 'Phường 11'),
(7078, 552, 'Phường 03'),
(7079, 553, 'Phường 13'),
(7080, 553, 'Phường 11'),
(7081, 553, 'Phường 27'),
(7082, 553, 'Phường 26'),
(7083, 553, 'Phường 12'),
(7084, 553, 'Phường 25'),
(7085, 553, 'Phường 05'),
(7086, 553, 'Phường 07'),
(7087, 553, 'Phường 24'),
(7088, 553, 'Phường 06'),
(7089, 553, 'Phường 14'),
(7090, 553, 'Phường 15'),
(7091, 553, 'Phường 02'),
(7092, 553, 'Phường 01'),
(7093, 553, 'Phường 03'),
(7094, 553, 'Phường 17'),
(7095, 553, 'Phường 21'),
(7096, 553, 'Phường 22'),
(7097, 553, 'Phường 19'),
(7098, 553, 'Phường 28'),
(7099, 554, 'Phường 02'),
(7100, 554, 'Phường 04'),
(7101, 554, 'Phường 12'),
(7102, 554, 'Phường 13'),
(7103, 554, 'Phường 01'),
(7104, 554, 'Phường 03'),
(7105, 554, 'Phường 11'),
(7106, 554, 'Phường 07'),
(7107, 554, 'Phường 05'),
(7108, 554, 'Phường 10'),
(7109, 554, 'Phường 06'),
(7110, 554, 'Phường 08'),
(7111, 554, 'Phường 09'),
(7112, 554, 'Phường 14'),
(7113, 554, 'Phường 15'),
(7114, 555, 'Phường Tân Sơn Nhì'),
(7115, 555, 'Phường Tây Thạnh'),
(7116, 555, 'Phường Sơn Kỳ'),
(7117, 555, 'Phường Tân Quý'),
(7118, 555, 'Phường Tân Thành'),
(7119, 555, 'Phường Phú Thọ Hòa'),
(7120, 555, 'Phường Phú Thạnh'),
(7121, 555, 'Phường Phú Trung'),
(7122, 555, 'Phường Hòa Thạnh'),
(7123, 555, 'Phường Hiệp Tân'),
(7124, 555, 'Phường Tân Thới Hòa'),
(7125, 556, 'Phường 04'),
(7126, 556, 'Phường 05'),
(7127, 556, 'Phường 09'),
(7128, 556, 'Phường 07'),
(7129, 556, 'Phường 03'),
(7130, 556, 'Phường 01'),
(7131, 556, 'Phường 02'),
(7132, 556, 'Phường 08'),
(7133, 556, 'Phường 15'),
(7134, 556, 'Phường 10'),
(7135, 556, 'Phường 11'),
(7136, 556, 'Phường 17'),
(7137, 556, 'Phường 13'),
(7138, 557, 'Phường Linh Xuân'),
(7139, 557, 'Phường Bình Chiểu'),
(7140, 557, 'Phường Linh Trung'),
(7141, 557, 'Phường Tam Bình'),
(7142, 557, 'Phường Tam Phú'),
(7143, 557, 'Phường Hiệp Bình Phước'),
(7144, 557, 'Phường Hiệp Bình Chánh'),
(7145, 557, 'Phường Linh Chiểu'),
(7146, 557, 'Phường Linh Tây'),
(7147, 557, 'Phường Linh Đông'),
(7148, 557, 'Phường Bình Thọ'),
(7149, 557, 'Phường Trường Thọ'),
(7150, 557, 'Phường Long Bình'),
(7151, 557, 'Phường Long Thạnh Mỹ'),
(7152, 557, 'Phường Tân Phú'),
(7153, 557, 'Phường Hiệp Phú'),
(7154, 557, 'Phường Tăng Nhơn Phú A'),
(7155, 557, 'Phường Tăng Nhơn Phú B'),
(7156, 557, 'Phường Phước Long B'),
(7157, 557, 'Phường Phước Long A'),
(7158, 557, 'Phường Trường Thạnh'),
(7159, 557, 'Phường Long Phước'),
(7160, 557, 'Phường Long Trường'),
(7161, 557, 'Phường Phước Bình'),
(7162, 557, 'Phường Phú Hữu'),
(7163, 557, 'Phường Thảo Điền'),
(7164, 557, 'Phường An Phú'),
(7165, 557, 'Phường An Khánh'),
(7166, 557, 'Phường Bình Trưng Đông'),
(7167, 557, 'Phường Bình Trưng Tây'),
(7168, 557, 'Phường Cát Lái'),
(7169, 557, 'Phường Thạnh Mỹ Lợi'),
(7170, 557, 'Phường An Lợi Đông'),
(7171, 557, 'Phường Thủ Thiêm'),
(7172, 558, 'Phường 14'),
(7173, 558, 'Phường 12'),
(7174, 558, 'Phường 11'),
(7175, 558, 'Phường 13'),
(7176, 558, 'Phường Võ Thị Sáu'),
(7177, 558, 'Phường 09'),
(7178, 558, 'Phường 10'),
(7179, 558, 'Phường 04'),
(7180, 558, 'Phường 05'),
(7181, 558, 'Phường 03'),
(7182, 558, 'Phường 02'),
(7183, 558, 'Phường 01'),
(7184, 559, 'Phường 15'),
(7185, 559, 'Phường 13'),
(7186, 559, 'Phường 14'),
(7187, 559, 'Phường 12'),
(7188, 559, 'Phường 11'),
(7189, 559, 'Phường 10'),
(7190, 559, 'Phường 09'),
(7191, 559, 'Phường 01'),
(7192, 559, 'Phường 08'),
(7193, 559, 'Phường 02'),
(7194, 559, 'Phường 04'),
(7195, 559, 'Phường 07'),
(7196, 559, 'Phường 05'),
(7197, 559, 'Phường 06'),
(7198, 560, 'Phường 15'),
(7199, 560, 'Phường 05'),
(7200, 560, 'Phường 14'),
(7201, 560, 'Phường 11'),
(7202, 560, 'Phường 03'),
(7203, 560, 'Phường 10'),
(7204, 560, 'Phường 13'),
(7205, 560, 'Phường 08'),
(7206, 560, 'Phường 09'),
(7207, 560, 'Phường 12'),
(7208, 560, 'Phường 07'),
(7209, 560, 'Phường 06'),
(7210, 560, 'Phường 04'),
(7211, 560, 'Phường 01'),
(7212, 560, 'Phường 02'),
(7213, 560, 'Phường 16'),
(7214, 561, 'Phường 13'),
(7215, 561, 'Phường 09'),
(7216, 561, 'Phường 06'),
(7217, 561, 'Phường 08'),
(7218, 561, 'Phường 10'),
(7219, 561, 'Phường 18'),
(7220, 561, 'Phường 14'),
(7221, 561, 'Phường 04'),
(7222, 561, 'Phường 03'),
(7223, 561, 'Phường 16'),
(7224, 561, 'Phường 02'),
(7225, 561, 'Phường 15'),
(7226, 561, 'Phường 01'),
(7227, 562, 'Phường 04'),
(7228, 562, 'Phường 09'),
(7229, 562, 'Phường 03'),
(7230, 562, 'Phường 12'),
(7231, 562, 'Phường 02'),
(7232, 562, 'Phường 08'),
(7233, 562, 'Phường 07'),
(7234, 562, 'Phường 01'),
(7235, 562, 'Phường 11'),
(7236, 562, 'Phường 14'),
(7237, 562, 'Phường 05'),
(7238, 562, 'Phường 06'),
(7239, 562, 'Phường 10'),
(7240, 562, 'Phường 13'),
(7241, 563, 'Phường 14'),
(7242, 563, 'Phường 13'),
(7243, 563, 'Phường 09'),
(7244, 563, 'Phường 06'),
(7245, 563, 'Phường 12'),
(7246, 563, 'Phường 05'),
(7247, 563, 'Phường 11'),
(7248, 563, 'Phường 02'),
(7249, 563, 'Phường 01'),
(7250, 563, 'Phường 04'),
(7251, 563, 'Phường 08'),
(7252, 563, 'Phường 03'),
(7253, 563, 'Phường 07'),
(7254, 563, 'Phường 10'),
(7255, 564, 'Phường 08'),
(7256, 564, 'Phường 02'),
(7257, 564, 'Phường 01'),
(7258, 564, 'Phường 03'),
(7259, 564, 'Phường 11'),
(7260, 564, 'Phường 09'),
(7261, 564, 'Phường 10'),
(7262, 564, 'Phường 04'),
(7263, 564, 'Phường 13'),
(7264, 564, 'Phường 12'),
(7265, 564, 'Phường 05'),
(7266, 564, 'Phường 14'),
(7267, 564, 'Phường 06'),
(7268, 564, 'Phường 15'),
(7269, 564, 'Phường 16'),
(7270, 564, 'Phường 07'),
(7271, 565, 'Phường Bình Hưng Hòa'),
(7272, 565, 'Phường Bình Hưng Hoà A'),
(7273, 565, 'Phường Bình Hưng Hoà B'),
(7274, 565, 'Phường Bình Trị Đông'),
(7275, 565, 'Phường Bình Trị Đông A'),
(7276, 565, 'Phường Bình Trị Đông B'),
(7277, 565, 'Phường Tân Tạo'),
(7278, 565, 'Phường Tân Tạo A'),
(7279, 565, 'Phường  An Lạc'),
(7280, 565, 'Phường An Lạc A'),
(7281, 566, 'Phường Tân Thuận Đông'),
(7282, 566, 'Phường Tân Thuận Tây'),
(7283, 566, 'Phường Tân Kiểng'),
(7284, 566, 'Phường Tân Hưng'),
(7285, 566, 'Phường Bình Thuận'),
(7286, 566, 'Phường Tân Quy'),
(7287, 566, 'Phường Phú Thuận'),
(7288, 566, 'Phường Tân Phú'),
(7289, 566, 'Phường Tân Phong'),
(7290, 566, 'Phường Phú Mỹ'),
(7291, 567, 'Thị trấn Củ Chi'),
(7292, 567, 'Xã Phú Mỹ Hưng'),
(7293, 567, 'Xã An Phú'),
(7294, 567, 'Xã Trung Lập Thượng'),
(7295, 567, 'Xã An Nhơn Tây'),
(7296, 567, 'Xã Nhuận Đức'),
(7297, 567, 'Xã Phạm Văn Cội'),
(7298, 567, 'Xã Phú Hòa Đông'),
(7299, 567, 'Xã Trung Lập Hạ'),
(7300, 567, 'Xã Trung An'),
(7301, 567, 'Xã Phước Thạnh'),
(7302, 567, 'Xã Phước Hiệp'),
(7303, 567, 'Xã Tân An Hội'),
(7304, 567, 'Xã Phước Vĩnh An'),
(7305, 567, 'Xã Thái Mỹ'),
(7306, 567, 'Xã Tân Thạnh Tây'),
(7307, 567, 'Xã Hòa Phú'),
(7308, 567, 'Xã Tân Thạnh Đông'),
(7309, 567, 'Xã Bình Mỹ'),
(7310, 567, 'Xã Tân Phú Trung'),
(7311, 567, 'Xã Tân Thông Hội'),
(7312, 568, 'Thị trấn Hóc Môn'),
(7313, 568, 'Xã Tân Hiệp'),
(7314, 568, 'Xã Nhị Bình'),
(7315, 568, 'Xã Đông Thạnh'),
(7316, 568, 'Xã Tân Thới Nhì'),
(7317, 568, 'Xã Thới Tam Thôn'),
(7318, 568, 'Xã Xuân Thới Sơn'),
(7319, 568, 'Xã Tân Xuân'),
(7320, 568, 'Xã Xuân Thới Đông'),
(7321, 568, 'Xã Trung Chánh'),
(7322, 568, 'Xã Xuân Thới Thượng'),
(7323, 568, 'Xã Bà Điểm'),
(7324, 569, 'Thị trấn Tân Túc'),
(7325, 569, 'Xã Phạm Văn Hai'),
(7326, 569, 'Xã Vĩnh Lộc A'),
(7327, 569, 'Xã Vĩnh Lộc B'),
(7328, 569, 'Xã Bình Lợi'),
(7329, 569, 'Xã Lê Minh Xuân'),
(7330, 569, 'Xã Tân Nhựt'),
(7331, 569, 'Xã Tân Kiên'),
(7332, 569, 'Xã Bình Hưng'),
(7333, 569, 'Xã Phong Phú'),
(7334, 569, 'Xã An Phú Tây'),
(7335, 569, 'Xã Hưng Long'),
(7336, 569, 'Xã Đa Phước'),
(7337, 569, 'Xã Tân Quý Tây'),
(7338, 569, 'Xã Bình Chánh'),
(7339, 569, 'Xã Quy Đức'),
(7340, 570, 'Thị trấn Nhà Bè'),
(7341, 570, 'Xã Phước Kiển'),
(7342, 570, 'Xã Phước Lộc'),
(7343, 570, 'Xã Nhơn Đức'),
(7344, 570, 'Xã Phú Xuân'),
(7345, 570, 'Xã Long Thới'),
(7346, 570, 'Xã Hiệp Phước'),
(7347, 571, 'Thị trấn Cần Thạnh'),
(7348, 571, 'Xã Bình Khánh'),
(7349, 571, 'Xã Tam Thôn Hiệp'),
(7350, 571, 'Xã An Thới Đông'),
(7351, 571, 'Xã Thạnh An'),
(7352, 571, 'Xã Long Hòa'),
(7353, 571, 'Xã Lý Nhơn'),
(7354, 572, 'Phường 5'),
(7355, 572, 'Phường 2'),
(7356, 572, 'Phường 4'),
(7357, 572, 'Phường Tân Khánh'),
(7358, 572, 'Phường 1'),
(7359, 572, 'Phường 3'),
(7360, 572, 'Phường 7'),
(7361, 572, 'Phường 6'),
(7362, 572, 'Xã Hướng Thọ Phú'),
(7363, 572, 'Xã Nhơn Thạnh Trung'),
(7364, 572, 'Xã Lợi Bình Nhơn'),
(7365, 572, 'Xã Bình Tâm'),
(7366, 572, 'Phường Khánh Hậu'),
(7367, 572, 'Xã An Vĩnh Ngãi'),
(7368, 573, 'Phường 1'),
(7369, 573, 'Phường 2'),
(7370, 573, 'Xã Thạnh Trị'),
(7371, 573, 'Xã Bình Hiệp'),
(7372, 573, 'Xã Bình Tân'),
(7373, 573, 'Xã Tuyên Thạnh'),
(7374, 573, 'Phường 3'),
(7375, 573, 'Xã Thạnh Hưng'),
(7376, 574, 'Thị trấn Tân Hưng'),
(7377, 574, 'Xã Hưng Hà'),
(7378, 574, 'Xã Hưng Điền B'),
(7379, 574, 'Xã Hưng Điền'),
(7380, 574, 'Xã Thạnh Hưng'),
(7381, 574, 'Xã Hưng Thạnh'),
(7382, 574, 'Xã Vĩnh Thạnh'),
(7383, 574, 'Xã Vĩnh Châu B'),
(7384, 574, 'Xã Vĩnh Lợi'),
(7385, 574, 'Xã Vĩnh Đại'),
(7386, 574, 'Xã Vĩnh Châu A'),
(7387, 574, 'Xã Vĩnh Bửu'),
(7388, 575, 'Thị trấn Vĩnh Hưng'),
(7389, 575, 'Xã Hưng Điền A'),
(7390, 575, 'Xã Khánh Hưng'),
(7391, 575, 'Xã Thái Trị'),
(7392, 575, 'Xã Vĩnh Trị'),
(7393, 575, 'Xã Thái Bình Trung'),
(7394, 575, 'Xã Vĩnh Bình'),
(7395, 575, 'Xã Vĩnh Thuận'),
(7396, 575, 'Xã Tuyên Bình'),
(7397, 575, 'Xã Tuyên Bình Tây'),
(7398, 576, 'Xã Bình Hòa Tây'),
(7399, 576, 'Xã Bình Thạnh'),
(7400, 576, 'Xã Bình Hòa Trung'),
(7401, 576, 'Xã Bình Hòa Đông'),
(7402, 576, 'Thị trấn Bình Phong Thạnh'),
(7403, 576, 'Xã Tân Lập'),
(7404, 576, 'Xã Tân Thành'),
(7405, 577, 'Thị trấn Tân Thạnh'),
(7406, 577, 'Xã Bắc Hòa'),
(7407, 577, 'Xã Hậu Thạnh Tây'),
(7408, 577, 'Xã Nhơn Hòa Lập'),
(7409, 577, 'Xã Tân Lập'),
(7410, 577, 'Xã Hậu Thạnh Đông'),
(7411, 577, 'Xã Nhơn Hoà'),
(7412, 577, 'Xã Kiến Bình'),
(7413, 577, 'Xã Tân Thành'),
(7414, 577, 'Xã Tân Bình'),
(7415, 577, 'Xã Tân Ninh'),
(7416, 577, 'Xã Nhơn Ninh'),
(7417, 577, 'Xã Tân Hòa'),
(7418, 578, 'Thị trấn Thạnh Hóa'),
(7419, 578, 'Xã Tân Hiệp'),
(7420, 578, 'Xã Thuận Bình'),
(7421, 578, 'Xã Thạnh Phước'),
(7422, 578, 'Xã Thạnh Phú'),
(7423, 578, 'Xã Thuận Nghĩa Hòa'),
(7424, 578, 'Xã Thủy Đông'),
(7425, 578, 'Xã Thủy Tây');
INSERT INTO `phuong_xa` (`mapx`, `ma_qh`, `tenpx`) VALUES
(7426, 578, 'Xã Tân Tây'),
(7427, 578, 'Xã Tân Đông'),
(7428, 578, 'Xã Thạnh An'),
(7429, 579, 'Thị trấn Đông Thành'),
(7430, 579, 'Xã Mỹ Quý Đông'),
(7431, 579, 'Xã Mỹ Thạnh Bắc'),
(7432, 579, 'Xã Mỹ Quý Tây'),
(7433, 579, 'Xã Mỹ Thạnh Tây'),
(7434, 579, 'Xã Mỹ Thạnh Đông'),
(7435, 579, 'Xã Bình Thành'),
(7436, 579, 'Xã Bình Hòa Bắc'),
(7437, 579, 'Xã Bình Hòa Hưng'),
(7438, 579, 'Xã Bình Hòa Nam'),
(7439, 579, 'Xã Mỹ Bình'),
(7440, 580, 'Thị trấn Hậu Nghĩa'),
(7441, 580, 'Thị trấn Hiệp Hòa'),
(7442, 580, 'Thị trấn Đức Hòa'),
(7443, 580, 'Xã Lộc Giang'),
(7444, 580, 'Xã An Ninh Đông'),
(7445, 580, 'Xã An Ninh Tây'),
(7446, 580, 'Xã Tân Mỹ'),
(7447, 580, 'Xã Hiệp Hòa'),
(7448, 580, 'Xã Đức Lập Thượng'),
(7449, 580, 'Xã Đức Lập Hạ'),
(7450, 580, 'Xã Tân Phú'),
(7451, 580, 'Xã Mỹ Hạnh Bắc'),
(7452, 580, 'Xã Đức Hòa Thượng'),
(7453, 580, 'Xã Hòa Khánh Tây'),
(7454, 580, 'Xã Hòa Khánh Đông'),
(7455, 580, 'Xã Mỹ Hạnh Nam'),
(7456, 580, 'Xã Hòa Khánh Nam'),
(7457, 580, 'Xã Đức Hòa Đông'),
(7458, 580, 'Xã Đức Hòa Hạ'),
(7459, 580, 'Xã Hựu Thạnh'),
(7460, 581, 'Thị trấn Bến Lức'),
(7461, 581, 'Xã Thạnh Lợi'),
(7462, 581, 'Xã Lương Bình'),
(7463, 581, 'Xã Thạnh Hòa'),
(7464, 581, 'Xã Lương Hòa'),
(7465, 581, 'Xã Tân Hòa'),
(7466, 581, 'Xã Tân Bửu'),
(7467, 581, 'Xã An Thạnh'),
(7468, 581, 'Xã Bình Đức'),
(7469, 581, 'Xã Mỹ Yên'),
(7470, 581, 'Xã Thanh Phú'),
(7471, 581, 'Xã Long Hiệp'),
(7472, 581, 'Xã Thạnh Đức'),
(7473, 581, 'Xã Phước Lợi'),
(7474, 581, 'Xã Nhựt Chánh'),
(7475, 582, 'Thị trấn Thủ Thừa'),
(7476, 582, 'Xã Long Thạnh'),
(7477, 582, 'Xã Tân Thành'),
(7478, 582, 'Xã Long Thuận'),
(7479, 582, 'Xã Mỹ Lạc'),
(7480, 582, 'Xã Mỹ Thạnh'),
(7481, 582, 'Xã Bình An'),
(7482, 582, 'Xã Nhị Thành'),
(7483, 582, 'Xã Mỹ An'),
(7484, 582, 'Xã Bình Thạnh'),
(7485, 582, 'Xã Mỹ Phú'),
(7486, 582, 'Xã Tân Long'),
(7487, 583, 'Thị trấn Tân Trụ'),
(7488, 583, 'Xã Tân Bình'),
(7489, 583, 'Xã Quê Mỹ Thạnh'),
(7490, 583, 'Xã Lạc Tấn'),
(7491, 583, 'Xã Bình Trinh Đông'),
(7492, 583, 'Xã Tân Phước Tây'),
(7493, 583, 'Xã Bình Lãng'),
(7494, 583, 'Xã Bình Tịnh'),
(7495, 583, 'Xã Đức Tân'),
(7496, 583, 'Xã Nhựt Ninh'),
(7497, 584, 'Thị trấn Cần Đước'),
(7498, 584, 'Xã Long Trạch'),
(7499, 584, 'Xã Long Khê'),
(7500, 584, 'Xã Long Định'),
(7501, 584, 'Xã Phước Vân'),
(7502, 584, 'Xã Long Hòa'),
(7503, 584, 'Xã Long Cang'),
(7504, 584, 'Xã Long Sơn'),
(7505, 584, 'Xã Tân Trạch'),
(7506, 584, 'Xã Mỹ Lệ'),
(7507, 584, 'Xã Tân Lân'),
(7508, 584, 'Xã Phước Tuy'),
(7509, 584, 'Xã Long Hựu Đông'),
(7510, 584, 'Xã Tân Ân'),
(7511, 584, 'Xã Phước Đông'),
(7512, 584, 'Xã Long Hựu Tây'),
(7513, 584, 'Xã Tân Chánh'),
(7514, 585, 'Thị trấn Cần Giuộc'),
(7515, 585, 'Xã Phước Lý'),
(7516, 585, 'Xã Long Thượng'),
(7517, 585, 'Xã Long Hậu'),
(7518, 585, 'Xã Phước Hậu'),
(7519, 585, 'Xã Mỹ Lộc'),
(7520, 585, 'Xã Phước Lại'),
(7521, 585, 'Xã Phước Lâm'),
(7522, 585, 'Xã Thuận Thành'),
(7523, 585, 'Xã Phước Vĩnh Tây'),
(7524, 585, 'Xã Phước Vĩnh Đông'),
(7525, 585, 'Xã Long An'),
(7526, 585, 'Xã Long Phụng'),
(7527, 585, 'Xã Đông Thạnh'),
(7528, 585, 'Xã Tân Tập'),
(7529, 586, 'Thị trấn Tầm Vu'),
(7530, 586, 'Xã Bình Quới'),
(7531, 586, 'Xã Hòa Phú'),
(7532, 586, 'Xã Phú Ngãi Trị'),
(7533, 586, 'Xã Vĩnh Công'),
(7534, 586, 'Xã Thuận Mỹ'),
(7535, 586, 'Xã Hiệp Thạnh'),
(7536, 586, 'Xã Phước Tân Hưng'),
(7537, 586, 'Xã Thanh Phú Long'),
(7538, 586, 'Xã Dương Xuân Hội'),
(7539, 586, 'Xã An Lục Long'),
(7540, 586, 'Xã Long Trì'),
(7541, 586, 'Xã Thanh Vĩnh Đông'),
(7542, 587, 'Phường 5'),
(7543, 587, 'Phường 4'),
(7544, 587, 'Phường 7'),
(7545, 587, 'Phường 3'),
(7546, 587, 'Phường 1'),
(7547, 587, 'Phường 2'),
(7548, 587, 'Phường 8'),
(7549, 587, 'Phường 6'),
(7550, 587, 'Phường 9'),
(7551, 587, 'Phường 10'),
(7552, 587, 'Phường Tân Long'),
(7553, 587, 'Xã Đạo Thạnh'),
(7554, 587, 'Xã Trung An'),
(7555, 587, 'Xã Mỹ Phong'),
(7556, 587, 'Xã Tân Mỹ Chánh'),
(7557, 587, 'Xã Phước Thạnh'),
(7558, 587, 'Xã Thới Sơn'),
(7559, 588, 'Phường 3'),
(7560, 588, 'Phường 2'),
(7561, 588, 'Phường 4'),
(7562, 588, 'Phường 1'),
(7563, 588, 'Phường 5'),
(7564, 588, 'Xã Long Hưng'),
(7565, 588, 'Xã Long Thuận'),
(7566, 588, 'Xã Long Chánh'),
(7567, 588, 'Xã Long Hòa'),
(7568, 588, 'Xã Bình Đông'),
(7569, 588, 'Xã Bình Xuân'),
(7570, 588, 'Xã Tân Trung'),
(7571, 589, 'Phường 1'),
(7572, 589, 'Phường 2'),
(7573, 589, 'Phường 3'),
(7574, 589, 'Phường 4'),
(7575, 589, 'Phường 5'),
(7576, 589, 'Xã Mỹ Phước Tây'),
(7577, 589, 'Xã Mỹ Hạnh Đông'),
(7578, 589, 'Xã Mỹ Hạnh Trung'),
(7579, 589, 'Xã Tân Phú'),
(7580, 589, 'Xã Tân Bình'),
(7581, 589, 'Xã Tân Hội'),
(7582, 589, 'Phường Nhị Mỹ'),
(7583, 589, 'Xã Nhị Quý'),
(7584, 589, 'Xã Thanh Hòa'),
(7585, 589, 'Xã Phú Quý'),
(7586, 589, 'Xã Long Khánh'),
(7587, 590, 'Thị trấn Mỹ Phước'),
(7588, 590, 'Xã Tân Hòa Đông'),
(7589, 590, 'Xã Thạnh Tân'),
(7590, 590, 'Xã Thạnh Mỹ'),
(7591, 590, 'Xã Thạnh Hoà'),
(7592, 590, 'Xã Phú Mỹ'),
(7593, 590, 'Xã Tân Hòa Thành'),
(7594, 590, 'Xã Hưng Thạnh'),
(7595, 590, 'Xã Tân Lập 1'),
(7596, 590, 'Xã Tân Hòa Tây'),
(7597, 590, 'Xã Tân Lập 2'),
(7598, 590, 'Xã Phước Lập'),
(7599, 591, 'Thị trấn Cái Bè'),
(7600, 591, 'Xã Hậu Mỹ Bắc B'),
(7601, 591, 'Xã Hậu Mỹ Bắc A'),
(7602, 591, 'Xã Mỹ Trung'),
(7603, 591, 'Xã Hậu Mỹ Trinh'),
(7604, 591, 'Xã Hậu Mỹ Phú'),
(7605, 591, 'Xã Mỹ Tân'),
(7606, 591, 'Xã Mỹ Lợi B'),
(7607, 591, 'Xã Thiện Trung'),
(7608, 591, 'Xã Mỹ Hội'),
(7609, 591, 'Xã An Cư'),
(7610, 591, 'Xã Hậu Thành'),
(7611, 591, 'Xã Mỹ Lợi A'),
(7612, 591, 'Xã Hòa Khánh'),
(7613, 591, 'Xã Thiện Trí'),
(7614, 591, 'Xã Mỹ Đức Đông'),
(7615, 591, 'Xã Mỹ Đức Tây'),
(7616, 591, 'Xã Đông Hòa Hiệp'),
(7617, 591, 'Xã An Thái Đông'),
(7618, 591, 'Xã Tân Hưng'),
(7619, 591, 'Xã Mỹ Lương'),
(7620, 591, 'Xã Tân Thanh'),
(7621, 591, 'Xã An Thái Trung'),
(7622, 591, 'Xã An Hữu'),
(7623, 591, 'Xã Hòa Hưng'),
(7624, 592, 'Xã Thạnh Lộc'),
(7625, 592, 'Xã Mỹ Thành Bắc'),
(7626, 592, 'Xã Phú Cường'),
(7627, 592, 'Xã Mỹ Thành Nam'),
(7628, 592, 'Xã Phú Nhuận'),
(7629, 592, 'Xã Bình Phú'),
(7630, 592, 'Xã Cẩm Sơn'),
(7631, 592, 'Xã Phú An'),
(7632, 592, 'Xã Mỹ Long'),
(7633, 592, 'Xã Long Tiên'),
(7634, 592, 'Xã Hiệp Đức'),
(7635, 592, 'Xã Long Trung'),
(7636, 690, 'Phường 2'),
(7637, 690, 'Phường 3'),
(7638, 690, 'Phường 5'),
(7639, 690, 'Phường 7'),
(7640, 690, 'Phường 1'),
(7641, 690, 'Phường 8'),
(7642, 690, 'Phường Nhà Mát'),
(7643, 690, 'Xã Vĩnh Trạch'),
(7644, 690, 'Xã Vĩnh Trạch Đông'),
(7645, 690, 'Xã Hiệp Thành'),
(7646, 691, 'Thị trấn Ngan Dừa'),
(7647, 691, 'Xã Ninh Quới'),
(7648, 691, 'Xã Ninh Quới A'),
(7649, 691, 'Xã Ninh Hòa'),
(7650, 691, 'Xã Lộc Ninh'),
(7651, 691, 'Xã Vĩnh Lộc'),
(7652, 691, 'Xã Vĩnh Lộc A'),
(7653, 691, 'Xã Ninh Thạnh Lợi A'),
(7654, 691, 'Xã Ninh Thạnh Lợi'),
(7655, 692, 'Thị trấn Phước Long'),
(7656, 692, 'Xã Vĩnh Phú Đông'),
(7657, 692, 'Xã Vĩnh Phú Tây'),
(7658, 692, 'Xã Phước Long'),
(7659, 692, 'Xã Hưng Phú'),
(7660, 692, 'Xã Vĩnh Thanh'),
(7661, 692, 'Xã Phong Thạnh Tây A'),
(7662, 692, 'Xã Phong Thạnh Tây B'),
(7663, 693, 'Xã Vĩnh Hưng'),
(7664, 693, 'Xã Vĩnh Hưng A'),
(7665, 693, 'Thị trấn Châu Hưng'),
(7666, 693, 'Xã Châu Hưng A'),
(7667, 693, 'Xã Hưng Thành'),
(7668, 693, 'Xã Hưng Hội'),
(7669, 693, 'Xã Châu Thới'),
(7670, 693, 'Xã Long Thạnh'),
(7671, 694, 'Phường 1'),
(7672, 694, 'Phường Hộ Phòng'),
(7673, 694, 'Xã Phong Thạnh Đông'),
(7674, 694, 'Phường Láng Tròn'),
(7675, 694, 'Xã Phong Tân'),
(7676, 694, 'Xã Tân Phong'),
(7677, 694, 'Xã Phong Thạnh'),
(7678, 694, 'Xã Phong Thạnh A'),
(7679, 694, 'Xã Phong Thạnh Tây'),
(7680, 694, 'Xã Tân Thạnh'),
(7681, 695, 'Thị trấn Gành Hào'),
(7682, 695, 'Xã Long Điền Đông'),
(7683, 695, 'Xã Long Điền Đông A'),
(7684, 695, 'Xã Long Điền'),
(7685, 695, 'Xã Long Điền Tây'),
(7686, 695, 'Xã Điền Hải'),
(7687, 695, 'Xã An Trạch'),
(7688, 695, 'Xã An Trạch A'),
(7689, 695, 'Xã An Phúc'),
(7690, 695, 'Xã Định Thành'),
(7691, 695, 'Xã Định Thành A'),
(7692, 696, 'Thị trấn Hòa Bình'),
(7693, 696, 'Xã Minh Diệu'),
(7694, 696, 'Xã Vĩnh Bình'),
(7695, 696, 'Xã Vĩnh Mỹ B'),
(7696, 696, 'Xã Vĩnh Hậu'),
(7697, 696, 'Xã Vĩnh Hậu A'),
(7698, 696, 'Xã Vĩnh Mỹ A'),
(7699, 696, 'Xã Vĩnh Thịnh'),
(7700, 697, 'Phường 9'),
(7701, 697, 'Phường 4'),
(7702, 697, 'Phường 1'),
(7703, 697, 'Phường 5'),
(7704, 697, 'Phường 2'),
(7705, 697, 'Phường 8'),
(7706, 697, 'Phường 6'),
(7707, 697, 'Phường 7'),
(7708, 697, 'Phường Tân Xuyên'),
(7709, 697, 'Xã An Xuyên'),
(7710, 697, 'Phường Tân Thành'),
(7711, 697, 'Xã Tân Thành'),
(7712, 697, 'Xã Tắc Vân'),
(7713, 697, 'Xã Lý Văn Lâm'),
(7714, 697, 'Xã Định Bình'),
(7715, 697, 'Xã Hòa Thành'),
(7716, 697, 'Xã Hòa Tân'),
(7717, 698, 'Thị trấn U Minh'),
(7718, 698, 'Xã Khánh Hòa'),
(7719, 698, 'Xã Khánh Thuận'),
(7720, 698, 'Xã Khánh Tiến'),
(7721, 698, 'Xã Nguyễn Phích'),
(7722, 698, 'Xã Khánh Lâm'),
(7723, 698, 'Xã Khánh An'),
(7724, 698, 'Xã Khánh Hội'),
(7725, 699, 'Thị trấn Thới Bình'),
(7726, 699, 'Xã Biển Bạch'),
(7727, 699, 'Xã Tân Bằng'),
(7728, 699, 'Xã Trí Phải'),
(7729, 699, 'Xã Trí Lực'),
(7730, 699, 'Xã Biển Bạch Đông'),
(7731, 699, 'Xã Thới Bình'),
(7732, 699, 'Xã Tân Phú'),
(7733, 699, 'Xã Tân Lộc Bắc'),
(7734, 699, 'Xã Tân Lộc'),
(7735, 699, 'Xã Tân Lộc Đông'),
(7736, 699, 'Xã Hồ Thị Kỷ');

-- --------------------------------------------------------

--
-- Table structure for table `quan_huyen`
--

CREATE TABLE `quan_huyen` (
  `maqh` int(11) NOT NULL,
  `ma_tinhtp` int(11) NOT NULL,
  `tenqh` varchar(255) NOT NULL
) ENGINE=InnoDB DEFAULT CHARSET=utf8mb4 COLLATE=utf8mb4_general_ci;

--
-- Dumping data for table `quan_huyen`
--

INSERT INTO `quan_huyen` (`maqh`, `ma_tinhtp`, `tenqh`) VALUES
(1, 1, 'Quận Ba Đình'),
(2, 1, 'Quận Hoàn Kiếm'),
(3, 1, 'Quận Tây Hồ'),
(4, 1, 'Quận Long Biên'),
(5, 1, 'Quận Cầu Giấy'),
(6, 1, 'Quận Đống Đa'),
(7, 1, 'Quận Hai Bà Trưng'),
(8, 1, 'Quận Hoàng Mai'),
(9, 1, 'Quận Thanh Xuân'),
(10, 1, 'Huyện Sóc Sơn'),
(11, 1, 'Huyện Đông Anh'),
(12, 1, 'Huyện Gia Lâm'),
(13, 1, 'Quận Nam Từ Liêm'),
(14, 1, 'Huyện Thanh Trì'),
(15, 1, 'Quận Bắc Từ Liêm'),
(16, 1, 'Huyện Mê Linh'),
(17, 1, 'Quận Hà Đông'),
(18, 1, 'Thị xã Sơn Tây'),
(19, 1, 'Huyện Ba Vì'),
(20, 1, 'Huyện Phúc Thọ'),
(21, 1, 'Huyện Đan Phượng'),
(22, 1, 'Huyện Hoài Đức'),
(23, 1, 'Huyện Quốc Oai'),
(24, 1, 'Huyện Thạch Thất'),
(25, 1, 'Huyện Chương Mỹ'),
(26, 1, 'Huyện Thanh Oai'),
(27, 1, 'Huyện Thường Tín'),
(28, 1, 'Huyện Phú Xuyên'),
(29, 1, 'Huyện Ứng Hòa'),
(30, 1, 'Huyện Mỹ Đức'),
(31, 2, 'Thành phố Hà Giang'),
(32, 2, 'Huyện Đồng Văn'),
(33, 2, 'Huyện Mèo Vạc'),
(34, 2, 'Huyện Yên Minh'),
(35, 2, 'Huyện Quản Bạ'),
(36, 2, 'Huyện Vị Xuyên'),
(37, 2, 'Huyện Bắc Mê'),
(38, 2, 'Huyện Hoàng Su Phì'),
(39, 2, 'Huyện Xín Mần'),
(40, 2, 'Huyện Bắc Quang'),
(41, 2, 'Huyện Quang Bình'),
(42, 3, 'Thành phố Cao Bằng'),
(43, 3, 'Huyện Bảo Lâm'),
(44, 3, 'Huyện Bảo Lạc'),
(45, 3, 'Huyện Hà Quảng'),
(46, 3, 'Huyện Trùng Khánh'),
(47, 3, 'Huyện Hạ Lang'),
(48, 3, 'Huyện Quảng Hòa'),
(49, 3, 'Huyện Hoà An'),
(50, 3, 'Huyện Nguyên Bình'),
(51, 3, 'Huyện Thạch An'),
(52, 4, 'Thành Phố Bắc Kạn'),
(53, 4, 'Huyện Pác Nặm'),
(54, 4, 'Huyện Ba Bể'),
(55, 4, 'Huyện Ngân Sơn'),
(56, 4, 'Huyện Bạch Thông'),
(57, 4, 'Huyện Chợ Đồn'),
(58, 4, 'Huyện Chợ Mới'),
(59, 4, 'Huyện Na Rì'),
(60, 5, 'Thành phố Tuyên Quang'),
(61, 5, 'Huyện Lâm Bình'),
(62, 5, 'Huyện Na Hang'),
(63, 5, 'Huyện Chiêm Hóa'),
(64, 5, 'Huyện Hàm Yên'),
(65, 5, 'Huyện Yên Sơn'),
(66, 5, 'Huyện Sơn Dương'),
(67, 6, 'Thành phố Lào Cai'),
(68, 6, 'Huyện Bát Xát'),
(69, 6, 'Huyện Mường Khương'),
(70, 6, 'Huyện Si Ma Cai'),
(71, 6, 'Huyện Bắc Hà'),
(72, 6, 'Huyện Bảo Thắng'),
(73, 6, 'Huyện Bảo Yên'),
(74, 6, 'Thị xã Sa Pa'),
(75, 6, 'Huyện Văn Bàn'),
(76, 7, 'Thành phố Điện Biên Phủ'),
(77, 7, 'Thị Xã Mường Lay'),
(78, 7, 'Huyện Mường Nhé'),
(79, 7, 'Huyện Mường Chà'),
(80, 7, 'Huyện Tủa Chùa'),
(81, 7, 'Huyện Tuần Giáo'),
(82, 7, 'Huyện Điện Biên'),
(83, 7, 'Huyện Điện Biên Đông'),
(84, 7, 'Huyện Mường Ảng'),
(85, 7, 'Huyện Nậm Pồ'),
(86, 8, 'Thành phố Lai Châu'),
(87, 8, 'Huyện Tam Đường'),
(88, 8, 'Huyện Mường Tè'),
(89, 8, 'Huyện Sìn Hồ'),
(90, 8, 'Huyện Phong Thổ'),
(91, 8, 'Huyện Than Uyên'),
(92, 8, 'Huyện Tân Uyên'),
(93, 8, 'Huyện Nậm Nhùn'),
(94, 9, 'Thành phố Sơn La'),
(95, 9, 'Huyện Quỳnh Nhai'),
(96, 9, 'Huyện Thuận Châu'),
(97, 9, 'Huyện Mường La'),
(98, 9, 'Huyện Bắc Yên'),
(99, 9, 'Huyện Phù Yên'),
(100, 9, 'Huyện Mộc Châu'),
(101, 9, 'Huyện Yên Châu'),
(102, 9, 'Huyện Mai Sơn'),
(103, 9, 'Huyện Sông Mã'),
(104, 9, 'Huyện Sốp Cộp'),
(105, 9, 'Huyện Vân Hồ'),
(106, 10, 'Thành phố Yên Bái'),
(107, 10, 'Thị xã Nghĩa Lộ'),
(108, 10, 'Huyện Lục Yên'),
(109, 10, 'Huyện Văn Yên'),
(110, 10, 'Huyện Mù Căng Chải'),
(111, 10, 'Huyện Trấn Yên'),
(112, 10, 'Huyện Trạm Tấu'),
(113, 10, 'Huyện Văn Chấn'),
(114, 10, 'Huyện Yên Bình'),
(115, 11, 'Thành phố Hòa Bình'),
(116, 11, 'Huyện Đà Bắc'),
(117, 11, 'Huyện Lương Sơn'),
(118, 11, 'Huyện Kim Bôi'),
(119, 11, 'Huyện Cao Phong'),
(120, 11, 'Huyện Tân Lạc'),
(121, 11, 'Huyện Mai Châu'),
(122, 11, 'Huyện Lạc Sơn'),
(123, 11, 'Huyện Yên Thủy'),
(124, 11, 'Huyện Lạc Thủy'),
(125, 12, 'Thành phố Thái Nguyên'),
(126, 12, 'Thành phố Sông Công'),
(127, 12, 'Huyện Định Hóa'),
(128, 12, 'Huyện Phú Lương'),
(129, 12, 'Huyện Đồng Hỷ'),
(130, 12, 'Huyện Võ Nhai'),
(131, 12, 'Huyện Đại Từ'),
(132, 12, 'Thị xã Phổ Yên'),
(133, 12, 'Huyện Phú Bình'),
(134, 13, 'Thành phố Lạng Sơn'),
(135, 13, 'Huyện Tràng Định'),
(136, 13, 'Huyện Bình Gia'),
(137, 13, 'Huyện Văn Lãng'),
(138, 13, 'Huyện Cao Lộc'),
(139, 13, 'Huyện Văn Quan'),
(140, 13, 'Huyện Bắc Sơn'),
(141, 13, 'Huyện Hữu Lũng'),
(142, 13, 'Huyện Chi Lăng'),
(143, 13, 'Huyện Lộc Bình'),
(144, 13, 'Huyện Đình Lập'),
(145, 14, 'Thành phố Hạ Long'),
(146, 14, 'Thành phố Móng Cái'),
(147, 14, 'Thành phố Cẩm Phả'),
(148, 14, 'Thành phố Uông Bí'),
(149, 14, 'Huyện Bình Liêu'),
(150, 14, 'Huyện Tiên Yên'),
(151, 14, 'Huyện Đầm Hà'),
(152, 14, 'Huyện Hải Hà'),
(153, 14, 'Huyện Ba Chẽ'),
(154, 14, 'Huyện Vân Đồn'),
(155, 14, 'Thị xã Đông Triều'),
(156, 14, 'Thị xã Quảng Yên'),
(157, 14, 'Huyện Cô Tô'),
(158, 15, 'Thành phố Bắc Giang'),
(159, 15, 'Huyện Yên Thế'),
(160, 15, 'Huyện Tân Yên'),
(161, 15, 'Huyện Lạng Giang'),
(162, 15, 'Huyện Lục Nam'),
(163, 15, 'Huyện Lục Ngạn'),
(164, 15, 'Huyện Sơn Động'),
(165, 15, 'Huyện Yên Dũng'),
(166, 15, 'Huyện Việt Yên'),
(167, 15, 'Huyện Hiệp Hòa'),
(168, 16, 'Thành phố Việt Trì'),
(169, 16, 'Thị xã Phú Thọ'),
(170, 16, 'Huyện Đoan Hùng'),
(171, 16, 'Huyện Hạ Hoà'),
(172, 16, 'Huyện Thanh Ba'),
(173, 16, 'Huyện Phù Ninh'),
(174, 16, 'Huyện Yên Lập'),
(175, 16, 'Huyện Cẩm Khê'),
(176, 16, 'Huyện Tam Nông'),
(177, 16, 'Huyện Lâm Thao'),
(178, 16, 'Huyện Thanh Sơn'),
(179, 16, 'Huyện Thanh Thuỷ'),
(180, 16, 'Huyện Tân Sơn'),
(181, 17, 'Thành phố Vĩnh Yên'),
(182, 17, 'Thành phố Phúc Yên'),
(183, 17, 'Huyện Lập Thạch'),
(184, 17, 'Huyện Tam Dương'),
(185, 17, 'Huyện Tam Đảo'),
(186, 17, 'Huyện Bình Xuyên'),
(187, 17, 'Huyện Yên Lạc'),
(188, 17, 'Huyện Vĩnh Tường'),
(189, 17, 'Huyện Sông Lô'),
(190, 18, 'Thành phố Bắc Ninh'),
(191, 18, 'Huyện Yên Phong'),
(192, 18, 'Huyện Quế Võ'),
(193, 18, 'Huyện Tiên Du'),
(194, 18, 'Thành phố Từ Sơn'),
(195, 18, 'Huyện Thuận Thành'),
(196, 18, 'Huyện Gia Bình'),
(197, 18, 'Huyện Lương Tài'),
(198, 19, 'Thành phố Hải Dương'),
(199, 19, 'Thành phố Chí Linh'),
(200, 19, 'Huyện Nam Sách'),
(201, 19, 'Thị xã Kinh Môn'),
(202, 19, 'Huyện Kim Thành'),
(203, 19, 'Huyện Thanh Hà'),
(204, 19, 'Huyện Cẩm Giàng'),
(205, 19, 'Huyện Bình Giang'),
(206, 19, 'Huyện Gia Lộc'),
(207, 19, 'Huyện Tứ Kỳ'),
(208, 19, 'Huyện Ninh Giang'),
(209, 19, 'Huyện Thanh Miện'),
(210, 20, 'Quận Hồng Bàng'),
(211, 20, 'Quận Ngô Quyền'),
(212, 20, 'Quận Lê Chân'),
(213, 20, 'Quận Hải An'),
(214, 20, 'Quận Kiến An'),
(215, 20, 'Quận Đồ Sơn'),
(216, 20, 'Quận Dương Kinh'),
(217, 20, 'Huyện Thuỷ Nguyên'),
(218, 20, 'Huyện An Dương'),
(219, 20, 'Huyện An Lão'),
(220, 20, 'Huyện Kiến Thuỵ'),
(221, 20, 'Huyện Tiên Lãng'),
(222, 20, 'Huyện Vĩnh Bảo'),
(223, 20, 'Huyện Cát Hải'),
(224, 20, 'Huyện Bạch Long Vĩ'),
(225, 21, 'Thành phố Hưng Yên'),
(226, 21, 'Huyện Văn Lâm'),
(227, 21, 'Huyện Văn Giang'),
(228, 21, 'Huyện Yên Mỹ'),
(229, 21, 'Thị xã Mỹ Hào'),
(230, 21, 'Huyện Ân Thi'),
(231, 21, 'Huyện Khoái Châu'),
(232, 21, 'Huyện Kim Động'),
(233, 21, 'Huyện Tiên Lữ'),
(234, 21, 'Huyện Phù Cừ'),
(235, 22, 'Thành phố Thái Bình'),
(236, 22, 'Huyện Quỳnh Phụ'),
(237, 22, 'Huyện Hưng Hà'),
(238, 22, 'Huyện Đông Hưng'),
(239, 22, 'Huyện Thái Thụy'),
(240, 22, 'Huyện Tiền Hải'),
(241, 22, 'Huyện Kiến Xương'),
(242, 22, 'Huyện Vũ Thư'),
(243, 23, 'Thành phố Phủ Lý'),
(244, 23, 'Thị xã Duy Tiên'),
(245, 23, 'Huyện Kim Bảng'),
(246, 23, 'Huyện Thanh Liêm'),
(247, 23, 'Huyện Bình Lục'),
(248, 23, 'Huyện Lý Nhân'),
(249, 24, 'Thành phố Nam Định'),
(250, 24, 'Huyện Mỹ Lộc'),
(251, 24, 'Huyện Vụ Bản'),
(252, 24, 'Huyện Ý Yên'),
(253, 24, 'Huyện Nghĩa Hưng'),
(254, 24, 'Huyện Nam Trực'),
(255, 24, 'Huyện Trực Ninh'),
(256, 24, 'Huyện Xuân Trường'),
(257, 24, 'Huyện Giao Thủy'),
(258, 24, 'Huyện Hải Hậu'),
(259, 25, 'Thành phố Ninh Bình'),
(260, 25, 'Thành phố Tam Điệp'),
(261, 25, 'Huyện Nho Quan'),
(262, 25, 'Huyện Gia Viễn'),
(263, 25, 'Huyện Hoa Lư'),
(264, 25, 'Huyện Yên Khánh'),
(265, 25, 'Huyện Kim Sơn'),
(266, 25, 'Huyện Yên Mô'),
(267, 26, 'Thành phố Thanh Hóa'),
(268, 26, 'Thị xã Bỉm Sơn'),
(269, 26, 'Thành phố Sầm Sơn'),
(270, 26, 'Huyện Mường Lát'),
(271, 26, 'Huyện Quan Hóa'),
(272, 26, 'Huyện Bá Thước'),
(273, 26, 'Huyện Quan Sơn'),
(274, 26, 'Huyện Lang Chánh'),
(275, 26, 'Huyện Ngọc Lặc'),
(276, 26, 'Huyện Cẩm Thủy'),
(277, 26, 'Huyện Thạch Thành'),
(278, 26, 'Huyện Hà Trung'),
(279, 26, 'Huyện Vĩnh Lộc'),
(280, 26, 'Huyện Yên Định'),
(281, 26, 'Huyện Thọ Xuân'),
(282, 26, 'Huyện Thường Xuân'),
(283, 26, 'Huyện Triệu Sơn'),
(284, 26, 'Huyện Thiệu Hóa'),
(285, 26, 'Huyện Hoằng Hóa'),
(286, 26, 'Huyện Hậu Lộc'),
(287, 26, 'Huyện Nga Sơn'),
(288, 26, 'Huyện Như Xuân'),
(289, 26, 'Huyện Như Thanh'),
(290, 26, 'Huyện Nông Cống'),
(291, 26, 'Huyện Đông Sơn'),
(292, 26, 'Huyện Quảng Xương'),
(293, 26, 'Thị xã Nghi Sơn'),
(294, 27, 'Thành phố Vinh'),
(295, 27, 'Thị xã Cửa Lò'),
(296, 27, 'Thị xã Thái Hoà'),
(297, 27, 'Huyện Quế Phong'),
(298, 27, 'Huyện Quỳ Châu'),
(299, 27, 'Huyện Kỳ Sơn'),
(300, 27, 'Huyện Tương Dương'),
(301, 27, 'Huyện Nghĩa Đàn'),
(302, 27, 'Huyện Quỳ Hợp'),
(303, 27, 'Huyện Quỳnh Lưu'),
(304, 27, 'Huyện Con Cuông'),
(305, 27, 'Huyện Tân Kỳ'),
(306, 27, 'Huyện Anh Sơn'),
(307, 27, 'Huyện Diễn Châu'),
(308, 27, 'Huyện Yên Thành'),
(309, 27, 'Huyện Đô Lương'),
(310, 27, 'Huyện Thanh Chương'),
(311, 27, 'Huyện Nghi Lộc'),
(312, 27, 'Huyện Nam Đàn'),
(313, 27, 'Huyện Hưng Nguyên'),
(314, 27, 'Thị xã Hoàng Mai'),
(315, 28, 'Thành phố Hà Tĩnh'),
(316, 28, 'Thị xã Hồng Lĩnh'),
(317, 28, 'Huyện Hương Sơn'),
(318, 28, 'Huyện Đức Thọ'),
(319, 28, 'Huyện Vũ Quang'),
(320, 28, 'Huyện Nghi Xuân'),
(321, 28, 'Huyện Can Lộc'),
(322, 28, 'Huyện Hương Khê'),
(323, 28, 'Huyện Thạch Hà'),
(324, 28, 'Huyện Cẩm Xuyên'),
(325, 28, 'Huyện Kỳ Anh'),
(326, 28, 'Huyện Lộc Hà'),
(327, 28, 'Thị xã Kỳ Anh'),
(328, 29, 'Thành Phố Đồng Hới'),
(329, 29, 'Huyện Minh Hóa'),
(330, 29, 'Huyện Tuyên Hóa'),
(331, 29, 'Huyện Quảng Trạch'),
(332, 29, 'Huyện Bố Trạch'),
(333, 29, 'Huyện Quảng Ninh'),
(334, 29, 'Huyện Lệ Thủy'),
(335, 29, 'Thị xã Ba Đồn'),
(336, 30, 'Thành phố Đông Hà'),
(337, 30, 'Thị xã Quảng Trị'),
(338, 30, 'Huyện Vĩnh Linh'),
(339, 30, 'Huyện Hướng Hóa'),
(340, 30, 'Huyện Gio Linh'),
(341, 30, 'Huyện Đa Krông'),
(342, 30, 'Huyện Cam Lộ'),
(343, 30, 'Huyện Triệu Phong'),
(344, 30, 'Huyện Hải Lăng'),
(345, 30, 'Huyện Cồn Cỏ'),
(346, 31, 'Thành phố Huế'),
(347, 31, 'Huyện Phong Điền'),
(348, 31, 'Huyện Quảng Điền'),
(349, 31, 'Huyện Phú Vang'),
(350, 31, 'Thị xã Hương Thủy'),
(351, 31, 'Thị xã Hương Trà'),
(352, 31, 'Huyện A Lưới'),
(353, 31, 'Huyện Phú Lộc'),
(354, 31, 'Huyện Nam Đông'),
(355, 32, 'Quận Liên Chiểu'),
(356, 32, 'Quận Thanh Khê'),
(357, 32, 'Quận Hải Châu'),
(358, 32, 'Quận Sơn Trà'),
(359, 32, 'Quận Ngũ Hành Sơn'),
(360, 32, 'Quận Cẩm Lệ'),
(361, 32, 'Huyện Hòa Vang'),
(362, 32, 'Huyện Hoàng Sa'),
(363, 33, 'Thành phố Tam Kỳ'),
(364, 33, 'Thành phố Hội An'),
(365, 33, 'Huyện Tây Giang'),
(366, 33, 'Huyện Đông Giang'),
(367, 33, 'Huyện Đại Lộc'),
(368, 33, 'Thị xã Điện Bàn'),
(369, 33, 'Huyện Duy Xuyên'),
(370, 33, 'Huyện Quế Sơn'),
(371, 33, 'Huyện Nam Giang'),
(372, 33, 'Huyện Phước Sơn'),
(373, 33, 'Huyện Hiệp Đức'),
(374, 33, 'Huyện Thăng Bình'),
(375, 33, 'Huyện Tiên Phước'),
(376, 33, 'Huyện Bắc Trà My'),
(377, 33, 'Huyện Nam Trà My'),
(378, 33, 'Huyện Núi Thành'),
(379, 33, 'Huyện Phú Ninh'),
(380, 33, 'Huyện Nông Sơn'),
(381, 34, 'Thành phố Quảng Ngãi'),
(382, 34, 'Huyện Bình Sơn'),
(383, 34, 'Huyện Trà Bồng'),
(384, 34, 'Huyện Sơn Tịnh'),
(385, 34, 'Huyện Tư Nghĩa'),
(386, 34, 'Huyện Sơn Hà'),
(387, 34, 'Huyện Sơn Tây'),
(388, 34, 'Huyện Minh Long'),
(389, 34, 'Huyện Nghĩa Hành'),
(390, 34, 'Huyện Mộ Đức'),
(391, 34, 'Thị xã Đức Phổ'),
(392, 34, 'Huyện Ba Tơ'),
(393, 34, 'Huyện Lý Sơn'),
(394, 35, 'Thành phố Quy Nhơn'),
(395, 35, 'Huyện An Lão'),
(396, 35, 'Thị xã Hoài Nhơn'),
(397, 35, 'Huyện Hoài Ân'),
(398, 35, 'Huyện Phù Mỹ'),
(399, 35, 'Huyện Vĩnh Thạnh'),
(400, 35, 'Huyện Tây Sơn'),
(401, 35, 'Huyện Phù Cát'),
(402, 35, 'Thị xã An Nhơn'),
(403, 35, 'Huyện Tuy Phước'),
(404, 35, 'Huyện Vân Canh'),
(405, 36, 'Thành phố Tuy Hoà'),
(406, 36, 'Thị xã Sông Cầu'),
(407, 36, 'Huyện Đồng Xuân'),
(408, 36, 'Huyện Tuy An'),
(409, 36, 'Huyện Sơn Hòa'),
(410, 36, 'Huyện Sông Hinh'),
(411, 36, 'Huyện Tây Hoà'),
(412, 36, 'Huyện Phú Hoà'),
(413, 36, 'Thị xã Đông Hòa'),
(414, 37, 'Thành phố Nha Trang'),
(415, 37, 'Thành phố Cam Ranh'),
(416, 37, 'Huyện Cam Lâm'),
(417, 37, 'Huyện Vạn Ninh'),
(418, 37, 'Thị xã Ninh Hòa'),
(419, 37, 'Huyện Khánh Vĩnh'),
(420, 37, 'Huyện Diên Khánh'),
(421, 37, 'Huyện Khánh Sơn'),
(422, 37, 'Huyện Trường Sa'),
(423, 38, 'Thành phố Phan Rang-Tháp Chàm'),
(424, 38, 'Huyện Bác Ái'),
(425, 38, 'Huyện Ninh Sơn'),
(426, 38, 'Huyện Ninh Hải'),
(427, 38, 'Huyện Ninh Phước'),
(428, 38, 'Huyện Thuận Bắc'),
(429, 38, 'Huyện Thuận Nam'),
(430, 39, 'Thành phố Phan Thiết'),
(431, 39, 'Thị xã La Gi'),
(432, 39, 'Huyện Tuy Phong'),
(433, 39, 'Huyện Bắc Bình'),
(434, 39, 'Huyện Hàm Thuận Bắc'),
(435, 39, 'Huyện Hàm Thuận Nam'),
(436, 39, 'Huyện Tánh Linh'),
(437, 39, 'Huyện Đức Linh'),
(438, 39, 'Huyện Hàm Tân'),
(439, 39, 'Huyện Phú Quí'),
(440, 40, 'Thành phố Kon Tum'),
(441, 40, 'Huyện Đắk Glei'),
(442, 40, 'Huyện Ngọc Hồi'),
(443, 40, 'Huyện Đắk Tô'),
(444, 40, 'Huyện Kon Plông'),
(445, 40, 'Huyện Kon Rẫy'),
(446, 40, 'Huyện Đắk Hà'),
(447, 40, 'Huyện Sa Thầy'),
(448, 40, 'Huyện Tu Mơ Rông'),
(449, 40, 'Huyện Ia H\' Drai'),
(450, 41, 'Thành phố Pleiku'),
(451, 41, 'Thị xã An Khê'),
(452, 41, 'Thị xã Ayun Pa'),
(453, 41, 'Huyện KBang'),
(454, 41, 'Huyện Đăk Đoa'),
(455, 41, 'Huyện Chư Păh'),
(456, 41, 'Huyện Ia Grai'),
(457, 41, 'Huyện Mang Yang'),
(458, 41, 'Huyện Kông Chro'),
(459, 41, 'Huyện Đức Cơ'),
(460, 41, 'Huyện Chư Prông'),
(461, 41, 'Huyện Chư Sê'),
(462, 41, 'Huyện Đăk Pơ'),
(463, 41, 'Huyện Ia Pa'),
(464, 41, 'Huyện Krông Pa'),
(465, 41, 'Huyện Phú Thiện'),
(466, 41, 'Huyện Chư Pưh'),
(467, 42, 'Thành phố Buôn Ma Thuột'),
(468, 42, 'Thị Xã Buôn Hồ'),
(469, 42, 'Huyện Ea H\'leo'),
(470, 42, 'Huyện Ea Súp'),
(471, 42, 'Huyện Buôn Đôn'),
(472, 42, 'Huyện Cư M\'gar'),
(473, 42, 'Huyện Krông Búk'),
(474, 42, 'Huyện Krông Năng'),
(475, 42, 'Huyện Ea Kar'),
(476, 42, 'Huyện M\'Đrắk'),
(477, 42, 'Huyện Krông Bông'),
(478, 42, 'Huyện Krông Pắc'),
(479, 42, 'Huyện Krông A Na'),
(480, 42, 'Huyện Lắk'),
(481, 42, 'Huyện Cư Kuin'),
(482, 43, 'Thành phố Gia Nghĩa'),
(483, 43, 'Huyện Đăk Glong'),
(484, 43, 'Huyện Cư Jút'),
(485, 43, 'Huyện Đắk Mil'),
(486, 43, 'Huyện Krông Nô'),
(487, 43, 'Huyện Đắk Song'),
(488, 43, 'Huyện Đắk R\'Lấp'),
(489, 43, 'Huyện Tuy Đức'),
(490, 44, 'Thành phố Đà Lạt'),
(491, 44, 'Thành phố Bảo Lộc'),
(492, 44, 'Huyện Đam Rông'),
(493, 44, 'Huyện Lạc Dương'),
(494, 44, 'Huyện Lâm Hà'),
(495, 44, 'Huyện Đơn Dương'),
(496, 44, 'Huyện Đức Trọng'),
(497, 44, 'Huyện Di Linh'),
(498, 44, 'Huyện Bảo Lâm'),
(499, 44, 'Huyện Đạ Huoai'),
(500, 44, 'Huyện Đạ Tẻh'),
(501, 44, 'Huyện Cát Tiên'),
(502, 45, 'Thị xã Phước Long'),
(503, 45, 'Thành phố Đồng Xoài'),
(504, 45, 'Thị xã Bình Long'),
(505, 45, 'Huyện Bù Gia Mập'),
(506, 45, 'Huyện Lộc Ninh'),
(507, 45, 'Huyện Bù Đốp'),
(508, 45, 'Huyện Hớn Quản'),
(509, 45, 'Huyện Đồng Phú'),
(510, 45, 'Huyện Bù Đăng'),
(511, 45, 'Huyện Chơn Thành'),
(512, 45, 'Huyện Phú Riềng'),
(513, 46, 'Thành phố Tây Ninh'),
(514, 46, 'Huyện Tân Biên'),
(515, 46, 'Huyện Tân Châu'),
(516, 46, 'Huyện Dương Minh Châu'),
(517, 46, 'Huyện Châu Thành'),
(518, 46, 'Thị xã Hòa Thành'),
(519, 46, 'Huyện Gò Dầu'),
(520, 46, 'Huyện Bến Cầu'),
(521, 46, 'Thị xã Trảng Bàng'),
(522, 47, 'Thành phố Thủ Dầu Một'),
(523, 47, 'Huyện Bàu Bàng'),
(524, 47, 'Huyện Dầu Tiếng'),
(525, 47, 'Thị xã Bến Cát'),
(526, 47, 'Huyện Phú Giáo'),
(527, 47, 'Thị xã Tân Uyên'),
(528, 47, 'Thành phố Dĩ An'),
(529, 47, 'Thành phố Thuận An'),
(530, 47, 'Huyện Bắc Tân Uyên'),
(531, 48, 'Thành phố Biên Hòa'),
(532, 48, 'Thành phố Long Khánh'),
(533, 48, 'Huyện Tân Phú'),
(534, 48, 'Huyện Vĩnh Cửu'),
(535, 48, 'Huyện Định Quán'),
(536, 48, 'Huyện Trảng Bom'),
(537, 48, 'Huyện Thống Nhất'),
(538, 48, 'Huyện Cẩm Mỹ'),
(539, 48, 'Huyện Long Thành'),
(540, 48, 'Huyện Xuân Lộc'),
(541, 48, 'Huyện Nhơn Trạch'),
(542, 49, 'Thành phố Vũng Tàu'),
(543, 49, 'Thành phố Bà Rịa'),
(544, 49, 'Huyện Châu Đức'),
(545, 49, 'Huyện Xuyên Mộc'),
(546, 49, 'Huyện Long Điền'),
(547, 49, 'Huyện Đất Đỏ'),
(548, 49, 'Thị xã Phú Mỹ'),
(549, 49, 'Huyện Côn Đảo'),
(550, 50, 'Quận 1'),
(551, 50, 'Quận 12'),
(552, 50, 'Quận Gò Vấp'),
(553, 50, 'Quận Bình Thạnh'),
(554, 50, 'Quận Tân Bình'),
(555, 50, 'Quận Tân Phú'),
(556, 50, 'Quận Phú Nhuận'),
(557, 50, 'Thành phố Thủ Đức'),
(558, 50, 'Quận 3'),
(559, 50, 'Quận 10'),
(560, 50, 'Quận 11'),
(561, 50, 'Quận 4'),
(562, 50, 'Quận 5'),
(563, 50, 'Quận 6'),
(564, 50, 'Quận 8'),
(565, 50, 'Quận Bình Tân'),
(566, 50, 'Quận 7'),
(567, 50, 'Huyện Củ Chi'),
(568, 50, 'Huyện Hóc Môn'),
(569, 50, 'Huyện Bình Chánh'),
(570, 50, 'Huyện Nhà Bè'),
(571, 50, 'Huyện Cần Giờ'),
(572, 51, 'Thành phố Tân An'),
(573, 51, 'Thị xã Kiến Tường'),
(574, 51, 'Huyện Tân Hưng'),
(575, 51, 'Huyện Vĩnh Hưng'),
(576, 51, 'Huyện Mộc Hóa'),
(577, 51, 'Huyện Tân Thạnh'),
(578, 51, 'Huyện Thạnh Hóa'),
(579, 51, 'Huyện Đức Huệ'),
(580, 51, 'Huyện Đức Hòa'),
(581, 51, 'Huyện Bến Lức'),
(582, 51, 'Huyện Thủ Thừa'),
(583, 51, 'Huyện Tân Trụ'),
(584, 51, 'Huyện Cần Đước'),
(585, 51, 'Huyện Cần Giuộc'),
(586, 51, 'Huyện Châu Thành'),
(587, 52, 'Thành phố Mỹ Tho'),
(588, 52, 'Thị xã Gò Công'),
(589, 52, 'Thị xã Cai Lậy'),
(590, 52, 'Huyện Tân Phước'),
(591, 52, 'Huyện Cái Bè'),
(592, 52, 'Huyện Cai Lậy'),
(593, 52, 'Huyện Châu Thành'),
(594, 52, 'Huyện Chợ Gạo'),
(595, 52, 'Huyện Gò Công Tây'),
(596, 52, 'Huyện Gò Công Đông'),
(597, 52, 'Huyện Tân Phú Đông'),
(598, 53, 'Thành phố Bến Tre'),
(599, 53, 'Huyện Châu Thành'),
(600, 53, 'Huyện Chợ Lách'),
(601, 53, 'Huyện Mỏ Cày Nam'),
(602, 53, 'Huyện Giồng Trôm'),
(603, 53, 'Huyện Bình Đại'),
(604, 53, 'Huyện Ba Tri'),
(605, 53, 'Huyện Thạnh Phú'),
(606, 53, 'Huyện Mỏ Cày Bắc'),
(607, 54, 'Thành phố Trà Vinh'),
(608, 54, 'Huyện Càng Long'),
(609, 54, 'Huyện Cầu Kè'),
(610, 54, 'Huyện Tiểu Cần'),
(611, 54, 'Huyện Châu Thành'),
(612, 54, 'Huyện Cầu Ngang'),
(613, 54, 'Huyện Trà Cú'),
(614, 54, 'Huyện Duyên Hải'),
(615, 54, 'Thị xã Duyên Hải'),
(616, 55, 'Thành phố Vĩnh Long'),
(617, 55, 'Huyện Long Hồ'),
(618, 55, 'Huyện Mang Thít'),
(619, 55, 'Huyện  Vũng Liêm'),
(620, 55, 'Huyện Tam Bình'),
(621, 55, 'Thị xã Bình Minh'),
(622, 55, 'Huyện Trà Ôn'),
(623, 55, 'Huyện Bình Tân'),
(624, 56, 'Thành phố Cao Lãnh'),
(625, 56, 'Thành phố Sa Đéc'),
(626, 56, 'Thành phố Hồng Ngự'),
(627, 56, 'Huyện Tân Hồng'),
(628, 56, 'Huyện Hồng Ngự'),
(629, 56, 'Huyện Tam Nông'),
(630, 56, 'Huyện Tháp Mười'),
(631, 56, 'Huyện Cao Lãnh'),
(632, 56, 'Huyện Thanh Bình'),
(633, 56, 'Huyện Lấp Vò'),
(634, 56, 'Huyện Lai Vung'),
(635, 56, 'Huyện Châu Thành'),
(636, 57, 'Thành phố Long Xuyên'),
(637, 57, 'Thành phố Châu Đốc'),
(638, 57, 'Huyện An Phú'),
(639, 57, 'Thị xã Tân Châu'),
(640, 57, 'Huyện Phú Tân'),
(641, 57, 'Huyện Châu Phú'),
(642, 57, 'Huyện Tịnh Biên'),
(643, 57, 'Huyện Tri Tôn'),
(644, 57, 'Huyện Châu Thành'),
(645, 57, 'Huyện Chợ Mới'),
(646, 57, 'Huyện Thoại Sơn'),
(647, 58, 'Thành phố Rạch Giá'),
(648, 58, 'Thành phố Hà Tiên'),
(649, 58, 'Huyện Kiên Lương'),
(650, 58, 'Huyện Hòn Đất'),
(651, 58, 'Huyện Tân Hiệp'),
(652, 58, 'Huyện Châu Thành'),
(653, 58, 'Huyện Giồng Riềng'),
(654, 58, 'Huyện Gò Quao'),
(655, 58, 'Huyện An Biên'),
(656, 58, 'Huyện An Minh'),
(657, 58, 'Huyện Vĩnh Thuận'),
(658, 58, 'Thành phố Phú Quốc'),
(659, 58, 'Huyện Kiên Hải'),
(660, 58, 'Huyện U Minh Thượng'),
(661, 58, 'Huyện Giang Thành'),
(662, 59, 'Quận Ninh Kiều'),
(663, 59, 'Quận Ô Môn'),
(664, 59, 'Quận Bình Thuỷ'),
(665, 59, 'Quận Cái Răng'),
(666, 59, 'Quận Thốt Nốt'),
(667, 59, 'Huyện Vĩnh Thạnh'),
(668, 59, 'Huyện Cờ Đỏ'),
(669, 59, 'Huyện Phong Điền'),
(670, 59, 'Huyện Thới Lai'),
(671, 60, 'Thành phố Vị Thanh'),
(672, 60, 'Thành phố Ngã Bảy'),
(673, 60, 'Huyện Châu Thành A'),
(674, 60, 'Huyện Châu Thành'),
(675, 60, 'Huyện Phụng Hiệp'),
(676, 60, 'Huyện Vị Thuỷ'),
(677, 60, 'Huyện Long Mỹ'),
(678, 60, 'Thị xã Long Mỹ'),
(679, 61, 'Thành phố Sóc Trăng'),
(680, 61, 'Huyện Châu Thành'),
(681, 61, 'Huyện Kế Sách'),
(682, 61, 'Huyện Mỹ Tú'),
(683, 61, 'Huyện Cù Lao Dung'),
(684, 61, 'Huyện Long Phú'),
(685, 61, 'Huyện Mỹ Xuyên'),
(686, 61, 'Thị xã Ngã Năm'),
(687, 61, 'Huyện Thạnh Trị'),
(688, 61, 'Thị xã Vĩnh Châu'),
(689, 61, 'Huyện Trần Đề'),
(690, 62, 'Thành phố Bạc Liêu'),
(691, 62, 'Huyện Hồng Dân'),
(692, 62, 'Huyện Phước Long'),
(693, 62, 'Huyện Vĩnh Lợi'),
(694, 62, 'Thị xã Giá Rai'),
(695, 62, 'Huyện Đông Hải'),
(696, 62, 'Huyện Hoà Bình'),
(697, 63, 'Thành phố Cà Mau'),
(698, 63, 'Huyện U Minh'),
(699, 63, 'Huyện Thới Bình'),
(700, 63, 'Huyện Trần Văn Thời'),
(701, 63, 'Huyện Cái Nước'),
(702, 63, 'Huyện Đầm Dơi'),
(703, 63, 'Huyện Năm Căn'),
(704, 63, 'Huyện Phú Tân'),
(705, 63, 'Huyện Ngọc Hiển');

-- --------------------------------------------------------

--
-- Table structure for table `sanh`
--

CREATE TABLE `sanh` (
  `stt_sanh` int(11) NOT NULL,
  `ten_sanh` varchar(255) NOT NULL,
  `trangthai_sanh` enum('available','booked') NOT NULL,
  `tong_ban` int(11) NOT NULL,
  `ten_tang` varchar(255) NOT NULL
) ENGINE=InnoDB DEFAULT CHARSET=utf8mb4 COLLATE=utf8mb4_general_ci;

--
-- Dumping data for table `sanh`
--

INSERT INTO `sanh` (`stt_sanh`, `ten_sanh`, `trangthai_sanh`, `tong_ban`, `ten_tang`) VALUES
(1, 'Sảnh 1', 'booked', 30, 'Tầng 1'),
(2, 'Sảnh 2', 'booked', 50, 'Tầng 1'),
(3, 'Sảnh 3', 'available', 30, 'Tầng 1'),
(4, 'Sảnh 4', 'available', 50, 'Tầng 1'),
(5, 'Sảnh 5', 'available', 40, 'Tầng 2'),
(6, 'Sảnh 6', 'available', 60, 'Tầng 2'),
(7, 'Sảnh 7', 'available', 70, 'Tầng 2'),
(8, 'Sảnh 8', 'available', 30, 'Tầng 2'),
(9, 'Sảnh 9', 'available', 50, 'Tầng 3'),
(10, 'Sảnh 10', 'available', 50, 'Tầng 3'),
(11, 'Sảnh 11', 'available', 30, 'Tầng 3'),
(12, 'Sảnh 12', 'available', 60, 'Tầng 3'),
(13, 'Sảnh 13', 'available', 40, 'Tầng 4'),
(14, 'Sảnh 14', 'available', 60, 'Tầng 4'),
(15, 'Sảnh 15', 'available', 30, 'Tầng 4'),
(16, 'Sảnh 16', 'available', 30, 'Tầng 4');

-- --------------------------------------------------------

--
-- Table structure for table `tang`
--

CREATE TABLE `tang` (
  `stt_tang` int(11) NOT NULL,
  `ten_tang` varchar(255) NOT NULL
) ENGINE=InnoDB DEFAULT CHARSET=utf8mb4 COLLATE=utf8mb4_general_ci;

--
-- Dumping data for table `tang`
--

INSERT INTO `tang` (`stt_tang`, `ten_tang`) VALUES
(1, 'Tầng 1'),
(2, 'Tầng 2'),
(3, 'Tầng 3'),
(5, 'Tầng 4');

-- --------------------------------------------------------

--
-- Table structure for table `tinh_thanhpho`
--

CREATE TABLE `tinh_thanhpho` (
  `matinhtp` int(11) NOT NULL,
  `ten_tinhtp` varchar(255) NOT NULL
) ENGINE=InnoDB DEFAULT CHARSET=utf8mb4 COLLATE=utf8mb4_general_ci;

--
-- Dumping data for table `tinh_thanhpho`
--

INSERT INTO `tinh_thanhpho` (`matinhtp`, `ten_tinhtp`) VALUES
(1, ' Hà Nội'),
(2, ' Hà Giang'),
(3, ' Cao Bằng'),
(4, ' Bắc Kạn'),
(5, ' Tuyên Quang'),
(6, ' Lào Cai'),
(7, ' Điện Biên'),
(8, ' Lai Châu'),
(9, ' Sơn La'),
(10, ' Yên Bái'),
(11, ' Hoà Bình'),
(12, ' Thái Nguyên'),
(13, ' Lạng Sơn'),
(14, ' Quảng Ninh'),
(15, ' Bắc Giang'),
(16, ' Phú Thọ'),
(17, ' Vĩnh Phúc'),
(18, ' Bắc Ninh'),
(19, ' Hải Dương'),
(20, ' Hải Phòng'),
(21, ' Hưng Yên'),
(22, ' Thái Bình'),
(23, ' Hà Nam'),
(24, ' Nam Định'),
(25, ' Ninh Bình'),
(26, ' Thanh Hóa'),
(27, ' Nghệ An'),
(28, ' Hà Tĩnh'),
(29, ' Quảng Bình'),
(30, ' Quảng Trị'),
(31, ' Thừa Thiên Huế'),
(32, ' Đà Nẵng'),
(33, ' Quảng Nam'),
(34, ' Quảng Ngãi'),
(35, ' Bình Định'),
(36, ' Phú Yên'),
(37, ' Khánh Hòa'),
(38, ' Ninh Thuận'),
(39, ' Bình Thuận'),
(40, ' Kon Tum'),
(41, ' Gia Lai'),
(42, ' Đắk Lắk'),
(43, ' Đắk Nông'),
(44, ' Lâm Đồng'),
(45, ' Bình Phước'),
(46, ' Tây Ninh'),
(47, ' Bình Dương'),
(48, ' Đồng Nai'),
(49, ' Bà Rịa - Vũng Tàu'),
(50, ' Hồ Chí Minh'),
(51, ' Long An'),
(52, ' Tiền Giang'),
(53, ' Bến Tre'),
(54, ' Trà Vinh'),
(55, ' Vĩnh Long'),
(56, ' Đồng Tháp'),
(57, ' An Giang'),
(58, ' Kiên Giang'),
(59, ' Cần Thơ'),
(60, ' Hậu Giang'),
(61, ' Sóc Trăng'),
(62, ' Bạc Liêu'),
(63, ' Cà Mau');

--
-- Indexes for dumped tables
--

--
-- Indexes for table `admin`
--
ALTER TABLE `admin`
  ADD PRIMARY KEY (`maadmin`);

--
-- Indexes for table `bantiecdat`
--
ALTER TABLE `bantiecdat`
  ADD PRIMARY KEY (`stt_btd`);

--
-- Indexes for table `bantiecmau`
--
ALTER TABLE `bantiecmau`
  ADD PRIMARY KEY (`stt_btm`);

--
-- Indexes for table `bantiec_mau`
--
ALTER TABLE `bantiec_mau`
  ADD PRIMARY KEY (`STT_BTM`);

--
-- Indexes for table `bantiec_mon`
--
ALTER TABLE `bantiec_mon`
  ADD PRIMARY KEY (`STT_BTD`,`MA_MA`),
  ADD KEY `MA_MA_fk_ma_ma` (`MA_MA`);

--
-- Indexes for table `btm_mon`
--
ALTER TABLE `btm_mon`
  ADD PRIMARY KEY (`stt_btm`,`ma_ma`),
  ADD KEY `fk_btm_mon_ma_ma` (`ma_ma`);

--
-- Indexes for table `buoi`
--
ALTER TABLE `buoi`
  ADD PRIMARY KEY (`MABUOI`);

--
-- Indexes for table `chay_man`
--
ALTER TABLE `chay_man`
  ADD PRIMARY KEY (`machayman`);

--
-- Indexes for table `chitiet_giaikm`
--
ALTER TABLE `chitiet_giaikm`
  ADD PRIMARY KEY (`MA_CTKM`,`MA_GT`);

--
-- Indexes for table `ctkm`
--
ALTER TABLE `ctkm`
  ADD PRIMARY KEY (`MA_CTKM`);

--
-- Indexes for table `ctkm_dv`
--
ALTER TABLE `ctkm_dv`
  ADD PRIMARY KEY (`MA_DV`,`MA_CTKM`);

--
-- Indexes for table `datdouong`
--
ALTER TABLE `datdouong`
  ADD PRIMARY KEY (`sopdt`,`ma_du`),
  ADD KEY `ma_du` (`ma_du`);

--
-- Indexes for table `datmon`
--
ALTER TABLE `datmon`
  ADD PRIMARY KEY (`MA_MA`,`SOPDT`),
  ADD KEY `FK_SOPDT` (`SOPDT`);

--
-- Indexes for table `dattiec`
--
ALTER TABLE `dattiec`
  ADD KEY `sopdt` (`sopdt`),
  ADD KEY `stt_btd` (`stt_btd`);

--
-- Indexes for table `dichvu`
--
ALTER TABLE `dichvu`
  ADD PRIMARY KEY (`MA_DV`);

--
-- Indexes for table `donvitinh`
--
ALTER TABLE `donvitinh`
  ADD PRIMARY KEY (`madvt`);

--
-- Indexes for table `douong`
--
ALTER TABLE `douong`
  ADD PRIMARY KEY (`ma_du`),
  ADD KEY `fk_douong_madvt` (`madvt`);

--
-- Indexes for table `giabanle`
--
ALTER TABLE `giabanle`
  ADD PRIMARY KEY (`ma_ma`,`ngay`),
  ADD KEY `ngay` (`ngay`);

--
-- Indexes for table `giadouong`
--
ALTER TABLE `giadouong`
  ADD PRIMARY KEY (`ma_du`,`giadouong`),
  ADD KEY `madvt_fk_madvt` (`madvt`);

--
-- Indexes for table `hopdong`
--
ALTER TABLE `hopdong`
  ADD PRIMARY KEY (`sohd`),
  ADD KEY `sopdt_fk_sopdt` (`sopdt`),
  ADD KEY `manv_fk_manv` (`manv`);

--
-- Indexes for table `khachhang`
--
ALTER TABLE `khachhang`
  ADD PRIMARY KEY (`makh`),
  ADD KEY `ma_tinhtp_fk_matinhtp` (`tinh_thanhpho`),
  ADD KEY `ma_qh_fk_maqh` (`quan_huyen`),
  ADD KEY `ma_px_fk_mapx` (`phuong_xa`);

--
-- Indexes for table `loaimon`
--
ALTER TABLE `loaimon`
  ADD PRIMARY KEY (`ma_lm`);

--
-- Indexes for table `loaitiec`
--
ALTER TABLE `loaitiec`
  ADD PRIMARY KEY (`malt`);

--
-- Indexes for table `monan`
--
ALTER TABLE `monan`
  ADD PRIMARY KEY (`ma_ma`),
  ADD KEY `ma_loaimon_fk_ma_lm` (`ma_loaimon`),
  ADD KEY `ma_nhommon_fk_ma_nm` (`ma_nhommon`);

--
-- Indexes for table `ngay`
--
ALTER TABLE `ngay`
  ADD PRIMARY KEY (`ngay`);

--
-- Indexes for table `nhanvien`
--
ALTER TABLE `nhanvien`
  ADD PRIMARY KEY (`manv`);

--
-- Indexes for table `nhommon`
--
ALTER TABLE `nhommon`
  ADD PRIMARY KEY (`ma_nm`),
  ADD KEY `MaChayMan_fk_machayman` (`MaChayMan`);

--
-- Indexes for table `phieudattiec`
--
ALTER TABLE `phieudattiec`
  ADD PRIMARY KEY (`sopdt`),
  ADD KEY `makh_fk_makh` (`makh`),
  ADD KEY `stt_sanh_fk_stt_sanh` (`stt_sanh`),
  ADD KEY `mabuoi_fk_MABUOI` (`mabuoi`),
  ADD KEY `malt_fk_malt` (`malt`),
  ADD KEY `ma_ctkm_fk_MA_CTKM` (`ma_ctkm`);

--
-- Indexes for table `phuong_xa`
--
ALTER TABLE `phuong_xa`
  ADD PRIMARY KEY (`mapx`),
  ADD KEY `ma_qh` (`ma_qh`);

--
-- Indexes for table `quan_huyen`
--
ALTER TABLE `quan_huyen`
  ADD PRIMARY KEY (`maqh`),
  ADD KEY `ma_tinhtp` (`ma_tinhtp`);

--
-- Indexes for table `sanh`
--
ALTER TABLE `sanh`
  ADD PRIMARY KEY (`stt_sanh`);

--
-- Indexes for table `tang`
--
ALTER TABLE `tang`
  ADD PRIMARY KEY (`stt_tang`);

--
-- Indexes for table `tinh_thanhpho`
--
ALTER TABLE `tinh_thanhpho`
  ADD PRIMARY KEY (`matinhtp`);

--
-- AUTO_INCREMENT for dumped tables
--

--
-- AUTO_INCREMENT for table `admin`
--
ALTER TABLE `admin`
  MODIFY `maadmin` int(10) NOT NULL AUTO_INCREMENT, AUTO_INCREMENT=2;

--
-- AUTO_INCREMENT for table `bantiecdat`
--
ALTER TABLE `bantiecdat`
  MODIFY `stt_btd` int(11) NOT NULL AUTO_INCREMENT, AUTO_INCREMENT=120;

--
-- AUTO_INCREMENT for table `bantiecmau`
--
ALTER TABLE `bantiecmau`
  MODIFY `stt_btm` int(11) NOT NULL AUTO_INCREMENT, AUTO_INCREMENT=21;

--
-- AUTO_INCREMENT for table `buoi`
--
ALTER TABLE `buoi`
  MODIFY `MABUOI` int(10) NOT NULL AUTO_INCREMENT, AUTO_INCREMENT=3;

--
-- AUTO_INCREMENT for table `chay_man`
--
ALTER TABLE `chay_man`
  MODIFY `machayman` int(11) NOT NULL AUTO_INCREMENT, AUTO_INCREMENT=3;

--
-- AUTO_INCREMENT for table `ctkm`
--
ALTER TABLE `ctkm`
  MODIFY `MA_CTKM` int(11) NOT NULL AUTO_INCREMENT, AUTO_INCREMENT=6;

--
-- AUTO_INCREMENT for table `donvitinh`
--
ALTER TABLE `donvitinh`
  MODIFY `madvt` int(11) NOT NULL AUTO_INCREMENT, AUTO_INCREMENT=3;

--
-- AUTO_INCREMENT for table `douong`
--
ALTER TABLE `douong`
  MODIFY `ma_du` int(11) NOT NULL AUTO_INCREMENT, AUTO_INCREMENT=24;

--
-- AUTO_INCREMENT for table `hopdong`
--
ALTER TABLE `hopdong`
  MODIFY `sohd` int(11) NOT NULL AUTO_INCREMENT, AUTO_INCREMENT=2;

--
-- AUTO_INCREMENT for table `khachhang`
--
ALTER TABLE `khachhang`
  MODIFY `makh` int(11) NOT NULL AUTO_INCREMENT, AUTO_INCREMENT=86;

--
-- AUTO_INCREMENT for table `loaimon`
--
ALTER TABLE `loaimon`
  MODIFY `ma_lm` int(11) NOT NULL AUTO_INCREMENT, AUTO_INCREMENT=20;

--
-- AUTO_INCREMENT for table `loaitiec`
--
ALTER TABLE `loaitiec`
  MODIFY `malt` int(11) NOT NULL AUTO_INCREMENT, AUTO_INCREMENT=4;

--
-- AUTO_INCREMENT for table `monan`
--
ALTER TABLE `monan`
  MODIFY `ma_ma` int(11) NOT NULL AUTO_INCREMENT, AUTO_INCREMENT=420;

--
-- AUTO_INCREMENT for table `nhanvien`
--
ALTER TABLE `nhanvien`
  MODIFY `manv` int(11) NOT NULL AUTO_INCREMENT;

--
-- AUTO_INCREMENT for table `nhommon`
--
ALTER TABLE `nhommon`
  MODIFY `ma_nm` int(11) NOT NULL AUTO_INCREMENT, AUTO_INCREMENT=7;

--
-- AUTO_INCREMENT for table `phieudattiec`
--
ALTER TABLE `phieudattiec`
  MODIFY `sopdt` int(11) NOT NULL AUTO_INCREMENT, AUTO_INCREMENT=66;

--
-- AUTO_INCREMENT for table `phuong_xa`
--
ALTER TABLE `phuong_xa`
  MODIFY `mapx` int(11) NOT NULL AUTO_INCREMENT, AUTO_INCREMENT=7737;

--
-- AUTO_INCREMENT for table `quan_huyen`
--
ALTER TABLE `quan_huyen`
  MODIFY `maqh` int(11) NOT NULL AUTO_INCREMENT, AUTO_INCREMENT=706;

--
-- AUTO_INCREMENT for table `sanh`
--
ALTER TABLE `sanh`
  MODIFY `stt_sanh` int(11) NOT NULL AUTO_INCREMENT, AUTO_INCREMENT=17;

--
-- AUTO_INCREMENT for table `tang`
--
ALTER TABLE `tang`
  MODIFY `stt_tang` int(11) NOT NULL AUTO_INCREMENT, AUTO_INCREMENT=6;

--
-- AUTO_INCREMENT for table `tinh_thanhpho`
--
ALTER TABLE `tinh_thanhpho`
  MODIFY `matinhtp` int(11) NOT NULL AUTO_INCREMENT, AUTO_INCREMENT=64;

--
-- Constraints for dumped tables
--

--
-- Constraints for table `bantiec_mon`
--
ALTER TABLE `bantiec_mon`
  ADD CONSTRAINT `MA_MA_fk_ma_ma` FOREIGN KEY (`MA_MA`) REFERENCES `monan` (`ma_ma`),
  ADD CONSTRAINT `STT_BTD_fk_stt_btd` FOREIGN KEY (`STT_BTD`) REFERENCES `bantiecdat` (`stt_btd`);

--
-- Constraints for table `btm_mon`
--
ALTER TABLE `btm_mon`
  ADD CONSTRAINT `btm_mon_ibfk_1` FOREIGN KEY (`stt_btm`) REFERENCES `bantiecmau` (`stt_btm`) ON DELETE CASCADE,
  ADD CONSTRAINT `fk_btm_mon_ma_ma` FOREIGN KEY (`ma_ma`) REFERENCES `monan` (`ma_ma`) ON DELETE CASCADE ON UPDATE CASCADE;

--
-- Constraints for table `datdouong`
--
ALTER TABLE `datdouong`
  ADD CONSTRAINT `datdouong_ibfk_1` FOREIGN KEY (`sopdt`) REFERENCES `phieudattiec` (`sopdt`) ON DELETE CASCADE,
  ADD CONSTRAINT `datdouong_ibfk_2` FOREIGN KEY (`ma_du`) REFERENCES `douong` (`ma_du`) ON DELETE CASCADE;

--
-- Constraints for table `datmon`
--
ALTER TABLE `datmon`
  ADD CONSTRAINT `FK_MA_MA` FOREIGN KEY (`MA_MA`) REFERENCES `monan` (`ma_ma`) ON DELETE CASCADE ON UPDATE CASCADE,
  ADD CONSTRAINT `FK_SOPDT` FOREIGN KEY (`SOPDT`) REFERENCES `phieudattiec` (`sopdt`) ON DELETE CASCADE ON UPDATE CASCADE;

--
-- Constraints for table `dattiec`
--
ALTER TABLE `dattiec`
  ADD CONSTRAINT `dattiec_ibfk_1` FOREIGN KEY (`sopdt`) REFERENCES `phieudattiec` (`sopdt`) ON DELETE CASCADE,
  ADD CONSTRAINT `dattiec_ibfk_2` FOREIGN KEY (`stt_btd`) REFERENCES `bantiecdat` (`stt_btd`) ON DELETE CASCADE;

--
-- Constraints for table `douong`
--
ALTER TABLE `douong`
  ADD CONSTRAINT `fk_douong_madvt` FOREIGN KEY (`madvt`) REFERENCES `donvitinh` (`madvt`);

--
-- Constraints for table `giabanle`
--
ALTER TABLE `giabanle`
  ADD CONSTRAINT `giabanle_ibfk_1` FOREIGN KEY (`ma_ma`) REFERENCES `monan` (`ma_ma`),
  ADD CONSTRAINT `giabanle_ibfk_2` FOREIGN KEY (`ngay`) REFERENCES `ngay` (`ngay`);

--
-- Constraints for table `giadouong`
--
ALTER TABLE `giadouong`
  ADD CONSTRAINT `giadouong_ibfk_1` FOREIGN KEY (`ma_du`) REFERENCES `douong` (`ma_du`) ON DELETE CASCADE,
  ADD CONSTRAINT `madvt_fk_madvt` FOREIGN KEY (`madvt`) REFERENCES `donvitinh` (`madvt`);

--
-- Constraints for table `hopdong`
--
ALTER TABLE `hopdong`
  ADD CONSTRAINT `manv_fk_manv` FOREIGN KEY (`manv`) REFERENCES `nhanvien` (`manv`);

--
-- Constraints for table `khachhang`
--
ALTER TABLE `khachhang`
  ADD CONSTRAINT `ma_px_fk_mapx` FOREIGN KEY (`phuong_xa`) REFERENCES `phuong_xa` (`mapx`),
  ADD CONSTRAINT `ma_qh_fk_maqh` FOREIGN KEY (`quan_huyen`) REFERENCES `quan_huyen` (`maqh`),
  ADD CONSTRAINT `ma_tinhtp_fk_matinhtp` FOREIGN KEY (`tinh_thanhpho`) REFERENCES `tinh_thanhpho` (`matinhtp`);

--
-- Constraints for table `monan`
--
ALTER TABLE `monan`
  ADD CONSTRAINT `ma_loaimon_fk_ma_lm` FOREIGN KEY (`ma_loaimon`) REFERENCES `loaimon` (`ma_lm`) ON DELETE CASCADE ON UPDATE CASCADE,
  ADD CONSTRAINT `ma_nhommon_fk_ma_nm` FOREIGN KEY (`ma_nhommon`) REFERENCES `nhommon` (`ma_nm`) ON DELETE CASCADE ON UPDATE CASCADE;

--
-- Constraints for table `nhommon`
--
ALTER TABLE `nhommon`
  ADD CONSTRAINT `MaChayMan_fk_machayman` FOREIGN KEY (`MaChayMan`) REFERENCES `chay_man` (`machayman`);

--
-- Constraints for table `phieudattiec`
--
ALTER TABLE `phieudattiec`
  ADD CONSTRAINT `ma_ctkm_fk_MA_CTKM` FOREIGN KEY (`ma_ctkm`) REFERENCES `ctkm` (`MA_CTKM`),
  ADD CONSTRAINT `mabuoi_fk_MABUOI` FOREIGN KEY (`mabuoi`) REFERENCES `buoi` (`MABUOI`),
  ADD CONSTRAINT `makh_fk_makh` FOREIGN KEY (`makh`) REFERENCES `khachhang` (`makh`),
  ADD CONSTRAINT `malt_fk_malt` FOREIGN KEY (`malt`) REFERENCES `loaitiec` (`malt`),
  ADD CONSTRAINT `stt_sanh_fk_stt_sanh` FOREIGN KEY (`stt_sanh`) REFERENCES `sanh` (`stt_sanh`);

--
-- Constraints for table `phuong_xa`
--
ALTER TABLE `phuong_xa`
  ADD CONSTRAINT `phuong_xa_ibfk_1` FOREIGN KEY (`ma_qh`) REFERENCES `quan_huyen` (`maqh`);

--
-- Constraints for table `quan_huyen`
--
ALTER TABLE `quan_huyen`
  ADD CONSTRAINT `quan_huyen_ibfk_1` FOREIGN KEY (`ma_tinhtp`) REFERENCES `tinh_thanhpho` (`matinhtp`);
COMMIT;

/*!40101 SET CHARACTER_SET_CLIENT=@OLD_CHARACTER_SET_CLIENT */;
/*!40101 SET CHARACTER_SET_RESULTS=@OLD_CHARACTER_SET_RESULTS */;
/*!40101 SET COLLATION_CONNECTION=@OLD_COLLATION_CONNECTION */;
